DS109.86.A	DS109.86.Z
DS115.9.A	DS115.9.Z
DS125.3.A3	DS125.3.Z
DS126.6.A3	DS126.6.Z
DS134.42.A	DS134.42.Z
DS134.72.A	DS134.72.Z
DS134.93.A	DS134.93.Z
DS151.A3	DS151.Z
DS154.52.A3	DS154.52.Z
DS174.9.A	DS174.9.Z
DS184.A3	DS184.Z
DS188.A3	DS188.Z
DS193.A3	DS193.Z
DS194.5.A3	DS194.5.Z
DS222.9.A	DS222.9.Z
DS238.A2	DS238.Z
DS244.5.A	DS244.5.Z
DS244.526.A	DS244.526.Z
DS27.22.A	DS27.22.Z
DS271.7.A	DS271.7.Z
DS316.9.A	DS316.9.Z
DS316.A	DS316.Z
DS318.84.A	DS318.84.Z
DS32.7.A	DS32.7.Z
DS329.8.A	DS329.8.Z
DS35.67.A2	DS35.67.Z
DS355.4.A	DS355.4.Z
DS37.5.A3	DS37.5.Z
DS371.33.A	DS371.33.Z
DS371.43.A	DS371.43.Z
DS371.A3	DS371.Z
DS38.18.A	DS38.18.Z
DS38.4.A23	DS38.4.Z
DS385.A3	DS385.Z
DS389.22.A	DS389.22.Z
DS39.2.A3	DS39.2.Z
DS390.22.A	DS390.22.Z
DS394.24.A	DS394.24.Z
DS395.7.A3	DS395.7.Z
DS435.7.A	DS435.7.Z
DS451.9.A3	DS451.9.Z
DS460.A3	DS460.Z
DS461.9.A2	DS461.9.Z
DS475.2.A3	DS475.2.Z
DS479.1.A3	DS479.1.Z
DS481.A2	DS481.Z
DS489.63.A	DS489.63.Z
DS489.73.A	DS489.73.Z
DS489.83.A	DS489.83.Z
DS489.86.A	DS489.86.Z
DS492.63.A	DS492.63.Z
DS492.73.A	DS492.73.Z
DS495.22.A	DS495.22.Z
DS495.33.A	DS495.33.Z
DS495.592.A	DS495.592.Z
DS495.652.A	DS495.652.Z
DS510.5.A	DS510.5.Z
DS524.6.A	DS524.6.Z
DS528.43.A	DS528.43.Z
DS529.42.A	DS529.42.Z
DS530.32.A	DS530.32.Z
DS530.53.A	DS530.53.Z
DS530.56.A	DS530.56.Z
DS530.63.A	DS530.63.Z
DS530.68.A	DS530.68.Z
DS54.63.A	DS54.63.Z
DS54.83.A	DS54.83.Z
DS54.93.A	DS54.93.Z
DS540.A3	DS540.Z
DS554.64.A	DS554.64.Z
DS554.73.A	DS554.73.Z
DS554.83.A	DS554.83.Z
DS555.63.A	DS555.63.Z
DS555.73.A	DS555.73.Z
DS555.83.A	DS555.83.Z
DS555.86.A	DS555.86.Z
DS556.489.A	DS556.489.Z
DS556.63.A	DS556.63.Z
DS556.73.A	DS556.73.Z
DS556.83.A	DS556.83.Z
DS556.93.A	DS556.93.Z
DS559.914.A	DS559.914.Z
DS560.72.A	DS560.72.Z
DS570.97.A	DS570.97.Z
DS577.22.A	DS577.22.Z
DS578.32.A	DS578.32.Z
DS596.53.A	DS596.53.Z
DS596.63.A	DS596.63.Z
DS597.15.A	DS597.15.Z
DS597.215.A	DS597.215.Z
DS597.38.A3	DS597.38.Z
DS61.52.A	DS61.52.Z
DS61.7.A2	DS61.7.Z
DS610.53.A	DS610.53.Z
DS610.63.A	DS610.63.Z
DS610.73.A	DS610.73.Z
DS633.7.A	DS633.7.Z
DS641.62.A	DS641.62.Z
DS642.22.A	DS642.22.Z
DS643.22.A	DS643.22.Z
DS644.1.A3	DS644.1.Z
DS644.46.A	DS644.46.Z
DS644.62.A	DS644.62.Z
DS646.13.A2	DS646.13.Z
DS646.26.A	DS646.26.Z
DS646.682.A	DS646.682.Z
DS649.55.A	DS649.55.Z
DS649.63.A	DS649.63.Z
DS649.73.A	DS649.73.Z
DS650.66.A	DS650.66.Z
DS650.73.A	DS650.73.Z
DS650.83.A	DS650.83.Z
DS667.26.A	DS667.26.Z
DS675.8.A	DS675.8.Z
DS676.8.A2	DS676.8.Z
DS685.8.A3	DS685.8.Z
DS686.2.A3	DS686.2.Z
DS686.6.A3	DS686.6.Z
DS686.616.A	DS686.616.Z
DS70.88.A3	DS70.88.Z
DS734.9.A	DS734.9.Z
DS741.85.A	DS741.85.Z
DS747.23.A	DS747.23.Z
DS747.9.A	DS747.9.Z
DS748.16.A	DS748.16.Z
DS748.29.A	DS748.29.Z
DS748.44.A	DS748.44.Z
DS748.48.A	DS748.48.Z
DS748.66.A	DS748.66.Z
DS748.76.A	DS748.76.Z
DS749.29.A	DS749.29.Z
DS749.42.A	DS749.42.Z
DS749.66.A	DS749.66.Z
DS749.76.A	DS749.76.Z
DS751.6.A	DS751.6.Z
DS751.78.A	DS751.78.Z
DS751.88.A	DS751.88.Z
DS751.98.A	DS751.98.Z
DS752.6.A	DS752.6.Z
DS753.6.A	DS753.6.Z
DS754.54.A	DS754.54.Z
DS754.64.A	DS754.64.Z
DS754.74.A	DS754.74.Z
DS754.84.A	DS754.84.Z
DS756.23.A	DS756.23.Z
DS757.23.A	DS757.23.Z
DS758.23.A	DS758.23.Z
DS763.63.A	DS763.63.Z
DS764.23.A	DS764.23.Z
DS773.23.A	DS773.23.Z
DS777.488.A	DS777.488.Z
DS777.5195.A	DS777.5195.Z
DS777.5366.A	DS777.5366.Z
DS778.A2	DS778.Z
DS779.29.A	DS779.29.Z
DS779.49.A	DS779.49.Z
DS786.3.A3	DS786.3.Z
DS79.6.A3	DS79.6.Z
DS79.66.A3	DS79.66.Z
DS79.766.A2	DS79.766.Z
DS79.7742.A	DS79.7742.Z
DS798.45.A	DS798.45.Z
DS798.66.A3	DS798.66.Z
DS798.72.A3	DS798.72.Z
DS798.76.A3	DS798.76.Z
DS798.82.A3	DS798.82.Z
DS798.86.A3	DS798.86.Z
DS799.47.A	DS799.47.Z
DS799.66.A3	DS799.66.Z
DS799.72.A3	DS799.72.Z
DS799.82.A3	DS799.82.Z
DS799.833.A	DS799.833.Z
DS799.849.A	DS799.849.Z
DS80.825.A	DS80.825.Z
DS834.5.A2	DS834.5.Z
DS834.9.A	DS834.9.Z
DS852.A2	DS852.Z
DS856.72.A	DS856.72.Z
DS860.A2	DS860.Z
DS865.A2	DS865.Z
DS869.A2	DS869.Z
DS87.2.A3	DS87.2.Z
DS872.A2	DS872.Z
DS877.A	DS877.Z
DS881.5.A2	DS881.5.Z
DS884.A	DS884.Z
DS885.5.A2	DS885.5.Z
DS890.A2	DS890.Z
DS891.5.A	DS891.5.Z
DS892.3.A	DS892.3.Z
DS896.2.A2	DS896.2.Z
DS905.82.A	DS905.82.Z
DS911.52.A	DS911.52.Z
DS911.728.A	DS911.728.Z
DS911.748.A	DS911.748.Z
DS911.768.A	DS911.768.Z
DS911.788.A	DS911.788.Z
DS912.382.A	DS912.382.Z
DS913.392.A	DS913.392.Z
DS913.39319.A	DS913.39319.Z
DS913.45.A	DS913.45.Z
DS913.675.A	DS913.675.Z
DS914.5.A	DS914.5.Z
DS915.5.A	DS915.5.Z
DS916.5.A3	DS916.5.Z
DS916.58.A	DS916.58.Z
DS916.596.A	DS916.596.Z
DS917.42.A	DS917.42.Z
DS917.92.A	DS917.92.Z
DS922.42.A	DS922.42.Z
DS922.4642.A	DS922.4642.Z
DS934.6.A	DS934.6.Z
DS935.7782.A	DS935.7782.Z
DS94.97.A3	DS94.97.Z
DS97.6.A3	DS97.6.Z
DS98.13.A	DS98.13.Z
DS98.3.A3	DS98.3.Z
DS98.5.A3	DS98.5.Z
DS98.72.A	DS98.72.Z
