A19A	.XA1	.XA1
A19A	.XA1	.XA7
A19A	.XA1	.XZ
A19A	.XA2	.XA2
A19A	.XA3	.XA3
A19A	.XA5	.XA5
A19A	.XA5	.XA69
A19A	.XA6	.XA69
A19A	.XA7	.XA7
A19A	.XA8	.XZ
A4	.XA1	.XA29
A4	.XA1	.XA4
A4	.XA1	.XZ
A4	.XA3	.XA39
A4	.XA4	.XA49
A4	.XA5	.XA7
A4	.XA8	.XZ
BL4	.XA2	.XA2
BL4	.XA2	.XA269
BL4	.XA2	.XZ
BL4	.XA25	.XA25
BL4	.XA26	.XA269
BL4	.XA27	.XA279
BL4	.XA28	.XA289
BL4	.XA28	.XZ
BL4	.XA29	.XA299
BL4	.XA3	.XA39
BL4	.XA4	.XA4
BL4	.XA5	.XA5
BL4	.XA6	.XZ
BM11	.XA1	.XA1
BM11	.XA1	.XA5
BM11	.XA3	.XA3
BM11	.XA5	.XZ
BM3	.XA05	.XA05
BM3	.XA05	.XA619
BM3	.XA05	.XZ
BM3	.XA1	.XA1
BM3	.XA115	.XA6
BM3	.XA116	.XA116
BM3	.XA2	.XA2
BM3	.XA3	.XA3
BM3	.XA4	.XA4
BM3	.XA5	.XA5
BM3	.XA61	.XA619
BM3	.XA7	.XZ
BM6	.XA3	.XA3
BM6	.XA3	.XZ
BM6	.XA5	.XZ
BM7	.XA3	.XA3
BM7	.XA3	.XZ529
BM7	.XA3	.XZ589
BM7	.XA3	.XZ689
BM7	.XA3	.XZ9
BM7	.XA5	.XZ5
BM7	.XZ52	.XZ529
BM7	.XZ54	.XZ549
BM7	.XZ54	.XZ589
BM7	.XZ55	.XZ559
BM7	.XZ56	.XZ569
BM7	.XZ57	.XZ579
BM7	.XZ58	.XZ589
BM7	.XZ62	.XZ629
BM7	.XZ64	.XZ649
BM7	.XZ64	.XZ679
BM7	.XZ65	.XZ659
BM7	.XZ66	.XZ669
BM7	.XZ67	.XZ679
BM7	.XZ68	.XZ689
BM7	.XZ7	.XZ9
BP2	.XA	.XZ
BP2	.XA1	.XA29
BP2	.XA3	.XZ
BR1	.XA	.XZ
BR3	.XA	.XZ
BS5	.XA	.XZ
BV7	.XA	.XZ
BV7	.XA1	.XA39
BV7	.XA1	.XA59
BV7	.XA4	.XA59
BV7	.XA6	.XZ
BV9	.XA1	.XA29
BV9	.XA1	.XZ
BV9	.XA3	.XA3
BV9	.XA5	.XZ
BX12	.XA	.XZ
BX12	.XA1	.XA1
BX12	.XA2	.XZ5
BX12	.XZ6	.XZ99
BX5	.XA	.XZ
BX5	.XA15	.XA15
BX5	.XA15	.XA59
BX5	.XA2	.XA2
BX5	.XA3	.XA3
BX5	.XA35	.XA35
BX5	.XA4	.XA4
BX5	.XA45	.XA45
BX5	.XA5	.XA59
BX5	.XA6	.XZ
C30	.XA2	.XA2
C30	.XA2	.XZ
C30	.XA25	.XA25
C30	.XA3	.XA3
C30	.XA4	.XA4
C30	.XA5	.XA5
C30	.XA6	.XZ
D-DR2	.XA2	.XA29
D-DR2	.XA3	.XA39
D-DR2	.XA5	.XZ
D-DR5	.XA2	.XA29
D-DR5	.XA3	.XA39
D-DR5	.XA5	.XZ
DS-DX2	.XA2	.XA29
DS-DX2	.XA3	.XA39
DS-DX2	.XA5	.XZ
DS-DX5	.XA2	.XA29
DS-DX5	.XA3	.XA39
DS-DX5	.XA5	.XZ
DS-DX6	.XA2	.XA29
DS-DX6	.XA294	.XA2959
DS-DX6	.XA3	.XA39
DS-DX6	.XA5	.XZ
E1	.XA2	.XA2
E1	.XA2	.XZ
E1	.XA25	.XA25
E1	.XA3	.XA3
E1	.XA4	.XA4
E1	.XA5	.XA5
E1	.XA6	.XZ
E5	.XA1	.XA4
E5	.XA1	.XA7
E5	.XA1	.XZ
E5	.XA5	.XA7
E5	.XA8	.XZ
F5	.XA	.XZ
F5	.XA2	.XA2
F5	.XA25	.XA25
F5	.XA3	.XA3
F5	.XA4	.XA4
F5	.XA49	.XA499
F5	.XA49	.XA5
F5	.XA5	.XA5
F5	.XA6	.XZ
H63	.XA1	.XA5
H63	.XA1	.XZ
H63	.XA6	.XZ
H69A	.XA	.XA
H69A	.XA	.XS
H69A	.XB	.XC
H69A	.XD3	.XD3
H69A	.XE3	.XE3
H69A	.XK	.XK
H69A	.XQ	.XQ
H69A	.XS	.XS
H71	.XA01	.XZ8
H71	.XA1	.XA19
H71	.XA2	.XA49
H71	.XA7	.XW
H71	.XZ6	.XZ8
H72	.XA01	.XZ8
H72	.XA1	.XA19
H72	.XA2	.XA49
H72	.XA5	.XA5
H72	.XA7	.XW
H72	.XZ6	.XZ8
H78	.XA1	.XA4
H78	.XA1	.XZ
H78	.XA5	.XZ
J1	.XA15	.XA15
J1	.XA15	.XA2
J1	.XA15	.XA5
J1	.XA17	.XA17
J1	.XA18	.XA18
J1	.XA18	.XA19
J1	.XA19	.XA19
J1	.XA2	.XA2
J1	.XA25	.XA25
J1	.XA3	.XA3
J1	.XA3	.XA5
J1	.XA4	.XA4
J1	.XA5	.XA5
J12	.XA1	.XA3
J12	.XA4	.XA49
J17	.XA1	.XA19
J17	.XA2	.XA2
J17	.XA6	.XZ
J2A	.XC	.XT3
J2A	.XC2	.XC2
J2A	.XG3	.XG3
J2A	.XG3	.XM
J2A	.XH	.XH
J2A	.XH2	.XH2
J2A	.XH5	.XH5
J2A	.XH7	.XH7
J2A	.XJ	.XJ
J2A	.XJ2	.XJ2
J2A	.XJ5	.XJ5
J2A	.XJ7	.XJ7
J2A	.XK	.XK
J2A	.XK2	.XK2
J2A	.XK5	.XK5
J2A	.XK7	.XK7
J2A	.XM5	.XM5
J2A	.XN	.XN
J2A	.XN15	.XN15
J2A	.XN3	.XN3
J2A	.XN5	.XN5
J2A	.XR	.XR
J2A	.XR1	.XR1
J2A	.XR1	.XR7
J2A	.XR3	.XR3
J2A	.XR7	.XR7
J2A	.XT3	.XT3
J6	.XA5	.XZ
JX11	.XA15	.XA15
JX11	.XA2	.XA29
JX11	.XA2	.XA69
JX11	.XA3	.XA39
JX11	.XA4	.XA49
JX11	.XA5	.XA5
JX11	.XA6	.XA69
JX11	.XA7	.XA79
JZ4	.XA152	.XA152
JZ4	.XA152	.XZ62
JZ4	.XA2	.XA2
JZ4	.XA5	.XA5
JZ4	.XA6	.XZ6
L13A	.XA1	.XA4
L13A	.XA1	.XA7
L13A	.XA1	.XZ
L13A	.XA5	.XA7
L13A	.XA8	.XZ
L14	.XA	.XZ
L20	.XA1	.XA5
L20	.XA6	.XZ
L7A	.XA1	.XA4
L7A	.XA1	.XA7
L7A	.XA1	.XZ
L7A	.XA5	.XA7
L7A	.XA8	.XZ
M12	.XA	.XA39
M17	.XA3	.XA3
M17	.XA3	.XV6
M17	.XB3	.XB3
M17	.XB4	.XB4
M17	.XC5	.XC5
M17	.XI5	.XI5
M17	.XI6	.XI6
M17	.XO7	.XO7
M17	.XP5	.XP5
M17	.XT5	.XT5
M17	.XV6	.XV6
M18	.XA1	.XA1
M18	.XA1	.XA105
M18	.XA1	.XA489
M18	.XA105	.XA105
M18	.XA11	.XA119
M18	.XA11	.XA197
M18	.XA12	.XA125
M18	.XA12	.XA139
M18	.XA126	.XA139
M18	.XA140	.XA140
M18	.XA142	.XA169
M18	.XA17	.XA19
M18	.XA17	.XA196
M18	.XA191	.XA196
M18	.XA197	.XA197
M18	.XA204	.XA204
M18	.XA204	.XA2669
M18	.XA204	.XA489
M18	.XA206	.XA206
M18	.XA208	.XA208
M18	.XA21	.XA21
M18	.XA212	.XA212
M18	.XA214	.XA214
M18	.XA215	.XA215
M18	.XA216	.XA216
M18	.XA218	.XA218
M18	.XA22	.XA22
M18	.XA222	.XA222
M18	.XA224	.XA224
M18	.XA226	.XA226
M18	.XA2262	.XA2262
M18	.XA232	.XA232
M18	.XA234	.XA234
M18	.XA236	.XA236
M18	.XA238	.XA238
M18	.XA24	.XA24
M18	.XA242	.XA242
M18	.XA244	.XA244
M18	.XA246	.XA246
M18	.XA248	.XA248
M18	.XA25	.XA25
M18	.XA252	.XA252
M18	.XA254	.XA254
M18	.XA256	.XA256
M18	.XA258	.XA258
M18	.XA26	.XA26
M18	.XA262	.XA262
M18	.XA264	.XA264
M18	.XA266	.XA266
M18	.XA267	.XA267
M18	.XA269	.XA269
M18	.XA271	.XA271
M18	.XA273	.XA273
M18	.XA28	.XA28
M18	.XA28	.XA298
M18	.XA281	.XA281
M18	.XA282	.XA282
M18	.XA283	.XA283
M18	.XA284	.XA284
M18	.XA285	.XA285
M18	.XA286	.XA286
M18	.XA287	.XA287
M18	.XA288	.XA288
M18	.XA289	.XA289
M18	.XA289	.XA298
M18	.XA29	.XA29
M18	.XA291	.XA291
M18	.XA292	.XA292
M18	.XA293	.XA293
M18	.XA294	.XA294
M18	.XA295	.XA295
M18	.XA296	.XA296
M18	.XA3	.XA309
M18	.XA3	.XA489
M18	.XA31	.XA319
M18	.XA32	.XA449
M18	.XA45	.XA459
M18	.XA47	.XA489
M18	.XA5	.XA5
M18	.XA6	.XZ
M18	.XW122	.XW122
M18	.XW122	.XW14
M18	.XW14	.XW14
N6	.XA2	.XA2
N6	.XA2	.XZ
N6	.XA3	.XA3
N6	.XA35	.XA35
N6	.XA4	.XA4
N6	.XA6	.XA79
N6	.XA8	.XZ
N9A	.XA1	.XA4
N9A	.XA1	.XZ9
N9A	.XA5	.XA7
N9A	.XA8	.XA89
N9A	.XA8	.XZ9
N9A	.XA9	.XZ9
P-PZ29A	.XA	.XZ
P-PZ38	.XA11	.XA19
P-PZ38	.XA2	.XA29
P-PZ38	.XA2	.XA59
P-PZ38	.XA3	.XA39
P-PZ38	.XA4	.XA49
P-PZ38	.XA5	.XA59
P-PZ38	.XA6	.XA6
P-PZ38	.XA61	.XA78
P-PZ38	.XA79	.XA79
P-PZ38	.XA79	.XZ
P-PZ38	.XA8	.XA829
P-PZ38	.XA83	.XA83
P-PZ38	.XA84	.XA849
P-PZ38	.XA85	.XZ
P-PZ40	.XA11	.XA13
P-PZ40	.XA14	.XA19
P-PZ40	.XA199	.XA199
P-PZ40	.XA199	.XA59
P-PZ40	.XA1995	.XA1995
P-PZ40	.XA2	.XA2
P-PZ40	.XA3	.XA3
P-PZ40	.XA4	.XA4
P-PZ40	.XA5	.XA59
P-PZ40	.XA6	.XA6
P-PZ40	.XA61	.XZ458
P-PZ40	.XZ4581	.XZ4589
P-PZ40	.XZ4581	.XZ999
P-PZ40	.XZ459	.XZ459
P-PZ40	.XZ46	.XZ46
P-PZ40	.XZ48	.XZ48
P-PZ40	.XZ5	.XZ999
P-PZ42	.XA	.XZ
P-PZ43	.XA	.XZ
P-PZ43	.XA3	.XA39
P-PZ43	.XA399	.XA399
P-PZ43	.XA4	.XZ
P-PZ44	.XA11	.XA13
P-PZ44	.XA15	.XA19
P-PZ44	.XA2	.XA2
P-PZ44	.XA2	.XA59
P-PZ44	.XA3	.XA3
P-PZ44	.XA4	.XA4
P-PZ44	.XA5	.XA59
P-PZ44	.XA6	.XA6
P-PZ44	.XA61	.XZ
P-PZ44A	.XA11	.XA13
P-PZ44A	.XA15	.XA19
P-PZ44A	.XA2	.XA2
P-PZ44A	.XA2	.XA59
P-PZ44A	.XA3	.XA3
P-PZ44A	.XA4	.XA4
P-PZ44A	.XA5	.XA59
P-PZ44A	.XA6	.XA6
P-PZ44A	.XA61	.XZ
P-PZ44A	.XZ96	.XZ96
P-PZ50	.XA2	.XA2
P-PZ50	.XA2	.XZ
P-PZ50	.XA25	.XA25
P-PZ50	.XA3	.XA3
P-PZ50	.XA4	.XA4
P-PZ50	.XA5	.XA5
P-PZ50	.XA6	.XZ
PA14A	.XA15	.XA15
PA14A	.XA2	.XA2
PA14A	.XA2	.XA39
PA14A	.XA2	.XA6
PA14A	.XA21	.XA39
PA14A	.XA5	.XA5
PA14A	.XA6	.XA6
PA14A	.XA7	.XZ
PA16A	.XA3	.XA3
PA16A	.XA5	.XA5
PA16A	.XA6	.XV
PA16A	.XZ5	.XZ5
PA16A	.XZ7	.XZ7
PA17A	.XA3	.XZ2
PA17A	.XZ3	.XZ3
PA17A	.XZ31	.XZ39
PA17A	.XZ4	.XZ4
PA17A	.XZ5	.XZ5
PA17A	.XZ7	.XZ7
PA18A	.XA2	.XA2
PA18A	.XA25	.XA25
PA18A	.XA3	.XA3
PA18A	.XA5	.XA5
PA18A	.XA7	.XA7
PA18A	.XA8	.XA8
PA18A	.XD4	.XD4
PA18A	.XG4	.XG4
PA3	.XA2	.XA2
PA3	.XA22	.XA22
PA3	.XA3	.XA3
PA3	.XA4	.XA4
PA3	.XA5	.XA5
PA3	.XA6	.XA6
PA3	.XA7	.XA7
PA3	.XZ3	.XZ3
PA3	.XZ3	.XZ6
PA3	.XZ4	.XZ4
PA3	.XZ5	.XZ5
PA3	.XZ6	.XZ6
PA3	.XZ9	.XZ9
PA3	.XZ99	.XZ99
PA4	.XA3	.XA3
PA4	.XA5	.XA5
PA4	.XA7	.XA7
PA4	.XA8	.XA8
PA4	.XA9	.XA9
PA4	.XB7	.XB7
PA4	.XB8	.XB8
PA4	.XG4	.XG4
PA4	.XZ5	.XZ5
PG1	.XA1	.XA1
PG1	.XA1	.XZ
PG1	.XA13	.XA13
PG1	.XA15	.XA15
PG1	.XA16	.XA16
PG1	.XA17	.XA17
PG1	.XA19	.XA19
PG1	.XA2	.XA2
PG1	.XA3	.XZ
PL10	.XA11	.XA2
PL10	.XA11	.XA6
PL10	.XA3	.XA3
PL10	.XA3	.XA59
PL10	.XA35	.XA35
PL10	.XA36	.XA36
PL10	.XA4	.XA59
PL10	.XA6	.XA6
PQ2	.XA3	.XA3
PQ2	.XA3	.XA79
PQ2	.XA31	.XA39
PQ2	.XA4	.XA79
PQ2	.XA9	.XZ3
PQ2	.XZ92	.XZ92
PQ5	.XA1	.XA19
PQ5	.XA1	.XZ
PQ5	.XA2	.XA2
PQ5	.XA5	.XZ
PR10	.XA1	.XA1
PR10	.XA1	.XA2
PR10	.XA1	.XZ
PR10	.XA11	.XA2
PR10	.XA21	.XA39
PR10	.XA21	.XA69
PR10	.XA4	.XA49
PR10	.XA5	.XA59
PR10	.XA6	.XA69
PR10	.XA7	.XZ
PT1A	.XA1	.XA1
PT1A	.XA1	.XZ
PT1A	.XA3	.XA3
PT1A	.XA4	.XA4
PT1A	.XA5	.XA5
PT1A	.XA7	.XZ
PT2	.XA1	.XA1
PT2	.XA1	.XZ
PT2	.XA2	.XA2
PT2	.XA3	.XA3
PT2	.XA4	.XA4
PT2	.XA43	.XA43
PT2	.XA5	.XA5
PT2	.XA5	.XZ
PT2	.XA53	.XA53
PT2	.XA55	.XA55
PT2	.XA57	.XA57
PT2	.XA6	.XA6
PT2	.XA7	.XA7
PT2	.XA8	.XZ
PT8	.XA1	.XA129
PT8	.XA1	.XX2
PT8	.XA13	.XA199
PT8	.XA2	.XA2
PT8	.XA2	.XA29
PT8	.XA21	.XA29
PT8	.XA3	.XA3
PT8	.XA3	.XA329
PT8	.XA3	.XA339
PT8	.XA31	.XA329
PT8	.XA33	.XA339
PT8	.XA4	.XA499
PT8	.XA4	.XA4992
PT8	.XA5	.XA599
PT8	.XA5	.XA5992
PT8	.XA6	.XA6
PT8	.XA6	.XA79
PT8	.XA7	.XA7
PT8	.XA71	.XA79
PT8	.XA8	.XZ
PT8	.XD5	.XD5
PT8	.XG4	.XG4
PT8	.XJ7	.XJ7
PT8	.XK3	.XK3
PT8	.XM3	.XM3
PT8	.XN3	.XN3
PT8	.XR3	.XR3
PT8	.XT3	.XT3
PT8	.XV2	.XV2
PT8	.XV4	.XV4
PT8	.XW3	.XW3
PT8	.XW4	.XW4
PT8	.XW5	.XW5
PT8	.XW6	.XW6
PT9	.XA1	.XA1
PT9	.XA1	.XZ
PT9	.XA2	.XA2
PT9	.XA3	.XA3
PT9	.XA4	.XA49
PT9	.XA5	.XA5
PT9	.XA7	.XZ
T3A	.XA2	.XA5
T3A	.XA2	.XZ
T3A	.XA6	.XZ
T3B	.XA2	.XA5
T3B	.XA2	.XZ
T3B	.XA6	.XZ
U4	.XC1	.XC1
U4	.XC1	.XR1
U4	.XH1	.XH1
U4	.XL1	.XL1
U4	.XR1	.XR1
U5	.XA1	.XA19
U5	.XA1	.XR1
U5	.XC1	.XC1
U5	.XH1	.XH1
U5	.XL1	.XL1
U5	.XR1	.XR1
Z11	.XA1	.XA119
Z11	.XA1	.XA14
Z11	.XA12	.XA129
Z11	.XA13	.XA139
Z11	.XA14	.XZ
Z13	.XA1	.XA19
Z13	.XA1	.XZ99
Z13	.XA2	.XA29
Z13	.XA3	.XA3
Z13	.XA4	.XA49
Z13	.XA5	.XZ8
Z13	.XZ9	.XZ99
