A17	.X2A	.X2Z
A17	.X3A	.X3Z
B-BJ18	.X2A	.X2Z
B-BJ18	.X2B8	.X2B8
B-BJ18	.X2C6	.X2C6
B-BJ18	.X2D5	.X2D5
B-BJ18	.X2E9	.X2E9
B-BJ18	.X2H4	.X2H4
B-BJ18	.X2H8	.X2H8
B-BJ18	.X2I3	.X2I3
B-BJ18	.X2I58	.X2I58
B-BJ18	.X2M27	.X2M27
B-BJ18	.X2M3	.X2M3
B-BJ18	.X2N38	.X2N38
B-BJ18	.X2N45	.X2N45
B-BJ18	.X2P7	.X2P7
B-BJ18	.X2R4	.X2R4
B-BJ18	.X3A	.X3Z
B-BJ21	.X2A	.X2Z
B-BJ5	.X2A	.X2Z
B-BJ5	.X3A	.X3Z7
B-BJ5	.X3Z8	.X3Z99
B-BJ5	.X4A1	.X4A19
B-BJ5	.X4A3	.X4A3
B-BJ5	.X4A4	.X4A4
B-BJ5	.X4A5	.X4A5
B-BJ5	.X4A6	.X4Z
B-BJ5A	.X12A	.X12Z
B-BJ5A	.X13A	.X13Z7
B-BJ5A	.X13Z8	.X13Z99
B-BJ5A	.X14A1	.X14A19
B-BJ5A	.X14A3	.X14A3
B-BJ5A	.X14A4	.X14A4
B-BJ5A	.X14A5	.X14A5
B-BJ5A	.X14A6	.X14Z
BL3	.X2A	.X2Z
BL3	.X2A1	.X2A1
BL3	.X32A	.X32Z
BL3	.X42A	.X42Z
BL3	.X4A	.X4Z
BL3	.X4A1	.X4A1
BL3	.X5A	.X5Z
BL6	.X32A	.X32Z
BL6	.X35A	.X35Z
BL6	.X5A	.X5Z
BL6	.X75A	.X75Z
BL6	.X92A	.X92Z
BL6	.X93A	.X93Z
BL6A	.X32A	.X32Z
BL6A	.X35A	.X35Z
BL6A	.X5A	.X5Z
BL6A	.X92A	.X92Z
BL7	.X3A	.X3Z
BL7	.X4A	.X4Z
BM10	.X25A	.X25Z
BM10	.X275A	.X275Z
BM10	.X35A	.X35Z
BM10	.X375A	.X375Z
BM10	.X4A	.X4Z
BM10	.X56A	.X56Z
BM2	.X2A	.X2Z
BP3	.X2A2	.X2A2
BP3	.X2A3	.X2A3
BP3	.X2A5	.X2Z
BP5	.X2A	.X2Z
BQ10	.X5A	.X5Z
BQ11	.X4A	.X4Z
BQ12	.X3A	.X3Z
BQ12	.X4A	.X4Z
BQ3	.X22A	.X22Z
BQ3	.X3A	.X3Z
BQ7	.X92A	.X92Z
BQ8	.X3A	.X3Z
BQ8	.X4A	.X4Z
BR1	.X2A	.X2Z
BR1	.X3A	.X3Z
BR1	.X4A	.X4Z
BS4	.X3A	.X3Z
BS4	.X7A	.X7Z
BS8	.X1A1	.X1A1
BS8	.X1A1	.X1Z
BS8	.X1A3	.X1A3
BS8	.X1A5	.X1Z
BV1	.X4A	.X4Z
BV4	.X2A1	.X2A19
BV4	.X2A2	.X2Z
BV5	.X2A	.X2Z
BV6	.X59A	.X59Z
BV6	.X59A2	.X59A2
BV6	.X59A3	.X59Z
BX14	.X3A	.X3Z
BX20	.X2A	.X2Z
BX27	.X1A	.X1Z5
BX27	.X1Z7	.X1Z8
BX27	.X2A	.X2Z5
BX27	.X2Z7	.X2Z8
BX4	.X1A	.X1Z
BX4	.X1A1	.X1A5
BX4	.X1A6	.X1Z
BX4	.X22A	.X22Z
BX4	.X32A	.X32Z
BX4	.X33A	.X33Z
BX4	.X34A	.X34Z
BX4	.X35A	.X35Z
BX4	.X4A	.X4Z
BX4	.X4A1	.X4A5
BX4	.X4A6	.X4Z
BX4	.X6A	.X6Z
BX4	.X6A1	.X6A5
BX4	.X6A6	.X6Z
BX4	.X7A	.X7Z
BX4	.X8A	.X8Z
BX4	.X8A1	.X8A5
BX4	.X8A6	.X8Z
BX7	.X27A	.X27Z
BX7	.X28A	.X28Z
BX7	.X4A	.X4Z
BX7	.X5A1	.X5A5
BX7	.X5A6	.X5Z
BX7	.X9A	.X9Z
BX7	.X9A1	.X9A1
BX7	.X9A3	.X9Z
C29	.X75A	.X75Z
C29	.X7A	.X7Z
C29	.X8A	.X8Z
C29	.X8Z9	.X8Z99
D-DR11	.X83A	.X83Z
D-DR15	.X13A	.X13Z
D-DR15	.X13A1	.X13A29
D-DR15	.X13A3	.X13Z
D-DR2	.X63A	.X63Z
D-DR2	.X66A	.X66Z
D-DR2	.X66A2	.X66A29
D-DR2	.X66A3	.X66Z
D-DR2	.X72A2	.X72A29
D-DR2	.X72A2	.X72Z
D-DR2	.X72A3	.X72Z
D-DR2	.X76A2	.X76A29
D-DR2	.X76A2	.X76Z
D-DR2	.X76A3	.X76Z
D-DR2	.X82A	.X82Z
D-DR2	.X82A2	.X82A29
D-DR2	.X82A3	.X82Z
D-DR2	.X9A	.X9Z
D-DR4	.X53A	.X53Z
D-DR4	.X53A2	.X53A29
D-DR4	.X53A3	.X53Z
D-DR4	.X65A	.X65Z
D-DR4	.X65A2	.X65A29
D-DR4	.X65A3	.X65Z
D-DR4	.X6A	.X6Z
D-DR4	.X6A2	.X6A29
D-DR4	.X6A3	.X6Z
D-DR4	.X75A2	.X75A29
D-DR4	.X75A2	.X75Z
D-DR4	.X75A3	.X75Z
D-DR4	.X7A	.X7Z
D-DR4	.X7A2	.X7A29
D-DR4	.X7A3	.X7Z
D-DR4	.X8A2	.X8A29
D-DR4	.X8A2	.X8Z
D-DR4	.X8A3	.X8Z
D-DR4	.X95A2	.X95A29
D-DR4	.X95A2	.X95Z
D-DR4	.X95A3	.X95Z
D-DR4	.X9A2	.X9A29
D-DR4	.X9A2	.X9Z
D-DR4	.X9A3	.X9Z
D-DR5	.X63A	.X63Z
D-DR5	.X66A2	.X66A29
D-DR5	.X66A2	.X66Z
D-DR5	.X66A3	.X66Z
D-DR5	.X72A2	.X72A29
D-DR5	.X72A2	.X72Z
D-DR5	.X72A3	.X72Z
D-DR5	.X76A2	.X76A29
D-DR5	.X76A2	.X76Z
D-DR5	.X76A3	.X76Z
D-DR5	.X82A2	.X82A29
D-DR5	.X82A2	.X82Z
D-DR5	.X82A3	.X82Z
D-DR5	.X86A2	.X86A29
D-DR5	.X86A2	.X86Z
D-DR5	.X86A3	.X86Z
D-DR5	.X89A2	.X89A29
D-DR5	.X89A2	.X89Z
D-DR5	.X89A3	.X89Z
DS-DX2	.X63A	.X63Z
DS-DX2	.X66A2	.X66A29
DS-DX2	.X66A2	.X66Z
DS-DX2	.X66A3	.X66Z
DS-DX2	.X72A2	.X72A29
DS-DX2	.X72A2	.X72Z
DS-DX2	.X72A3	.X72Z
DS-DX2	.X76A2	.X76A29
DS-DX2	.X76A2	.X76Z
DS-DX2	.X76A3	.X76Z
DS-DX2	.X82A2	.X82A29
DS-DX2	.X82A2	.X82Z
DS-DX2	.X82A3	.X82Z
DS-DX2	.X95A	.X95Z
DS-DX2	.X9A	.X9Z
DS-DX4	.X53A2	.X53A29
DS-DX4	.X53A3	.X53Z
DS-DX4	.X65A2	.X65A29
DS-DX4	.X65A2	.X65Z
DS-DX4	.X65A3	.X65Z
DS-DX4	.X6A2	.X6A29
DS-DX4	.X6A2	.X6Z
DS-DX4	.X6A3	.X6Z
DS-DX4	.X75A2	.X75A29
DS-DX4	.X75A2	.X75Z
DS-DX4	.X75A3	.X75Z
DS-DX4	.X7A2	.X7A29
DS-DX4	.X7A2	.X7Z
DS-DX4	.X7A3	.X7Z
DS-DX4	.X8A2	.X8A29
DS-DX4	.X8A2	.X8Z
DS-DX4	.X8A3	.X8Z
DS-DX4	.X95A	.X95Z
DS-DX4	.X9A2	.X9A29
DS-DX4	.X9A2	.X9Z
DS-DX4	.X9A3	.X9Z
DS-DX6	.X95A	.X95Z
DS-DX6	.X9A	.X9Z
DS-DX7	.X2A	.X2Z
DS-DX7	.X3A1	.X3A19
DS-DX7	.X3A1	.X3Z
DS-DX7	.X3A2	.X3Z
E3	.X9A	.X9Z
F2	.X53A2	.X53A29
F2	.X53A2	.X53Z
F2	.X53A3	.X53Z
F2	.X62A2	.X62A29
F2	.X62A2	.X62Z
F2	.X62A3	.X62Z
F2	.X65A2	.X65A29
F2	.X65A2	.X65Z
F2	.X65A3	.X65Z
F2	.X6A2	.X6A29
F2	.X6A2	.X6Z
F2	.X6A3	.X6Z
F2	.X75A2	.X75A29
F2	.X75A2	.X75Z
F2	.X75A3	.X75Z
F2	.X7A2	.X7A29
F2	.X7A2	.X7Z
F2	.X7A3	.X7Z
F2	.X8A2	.X8A29
F2	.X8A2	.X8Z
F2	.X8A3	.X8Z
F2	.X9A	.X9Z
F2	.X9A2	.X9A29
F2	.X9A3	.X9Z
G16	.X2A	.X2Z
G9	.X3A	.X3Z
G9	.X5A	.X5Z
H21	.X3A	.X3Z
H21	.X4A	.X4Z
H22	.X3A	.X3Z
H23	.X2A	.X2Z
H47	.X3A	.X3Z
H47	.X4A	.X4Z
H50	.X2A	.X2Z
H61A	.X3A	.X3Z
H62	.X2A	.X2Z
H64	.X2A	.X2Z
H66	.X2A	.X2Z
H66	.X3A	.X3Z
H67	.X3A	.X3Z
H71	.X2A1	.X2A5
H71	.X2A1	.X2Z
H71	.X2A6	.X2Z
H73	.X2A	.X2Z
H74	.X3A	.X3Z
H74	.X4A	.X4Z
H74A	.X25A	.X25Z
H74A	.X3A	.X3Z
H75	.X3A	.X3Z
H76	.X2A	.X2Z
H76A	.X2A	.X2Z
H77	.X3A	.X3Z
H77	.X4A	.X4Z
H77	.X5A	.X5Z
H77A	.X4A	.X4Z
H77A	.X5A	.X5Z
J12	.X25A	.X25Z
J12	.X25A8	.X25A8
J12	.X25C54	.X25C54
J12	.X25C58	.X25C58
J12	.X25C59	.X25C59
J12	.X25C6	.X25C6
J12	.X25D42	.X25D42
J12	.X25I6	.X25I6
J12	.X25M37	.X25M37
J12	.X25O4	.X25O4
J12	.X25P37	.X25P37
J12	.X25P64	.X25P64
J12	.X25P75	.X25P75
J12	.X25P95	.X25P95
J12	.X25R43	.X25R43
J12	.X25R46	.X25R46
J12	.X25S43	.X25S43
J12	.X25T67	.X25T67
J12	.X25T7	.X25T7
J12	.X25W55	.X25W55
J12	.X73A	.X73Z
J12	.X8A	.X8Z
J12	.X8C58	.X8C58
J12	.X8D4	.X8D4
J12	.X8M56	.X8M56
J12	.X8S8	.X8S8
J12	.X9A	.X9Z
J17	.X3A3	.X3A39
J17	.X3A4	.X3A49
J17	.X3A5	.X3A59
J17	.X3A7	.X3A79
J17	.X3A8	.X3A89
J17	.X3A9	.X3A99
J17	.X4A	.X4Z
J6	.X2A	.X2W
J6	.X3A	.X3Z
L19	.X2A	.X2Z
L20	.X2A	.X2Z
L21	.X2A	.X2Z
L21	.X3A	.X3Z
L3	.X213A	.X213Z
L3	.X218A	.X218Z
L3	.X265A	.X265Z
L3	.X26A1	.X26A4
L3	.X26A1	.X26Z
L3	.X26A5	.X26Z
M10	.X7A	.X7Z
M10	.X8A	.X8Z
M18	.X2A	.X2Z
M8	.X7A	.X7Z
M8	.X8A	.X8Z
N12	.X3A	.X3Z
N12	.X6A	.X6Z
N14	.X4A	.X4Z
N14	.X5A	.X5Z
N14	.X6A	.X6Z
N15	.X2A	.X2Z
N15	.X3A	.X3Z
N16	.X2A	.X2Z
N16	.X4A	.X4Z
N17	.X2A	.X2Z
P-PZ16	.X95A	.X95Z
P-PZ16	.X9A	.X9Z
P-PZ16A	.X95A	.X95Z
P-PZ42	.X2A	.X2Z
P-PZ42	.X3A	.X3Z
P-PZ43A	.X1A	.X1Z
P-PZ43A	.X1A3	.X1A39
P-PZ43A	.X1A399	.X1A399
P-PZ43A	.X1A4	.X1Z
P-PZ44	.X2A1	.X2A19
P-PZ44	.X2A1	.X2Z
P-PZ44	.X2A2	.X2A2
P-PZ44	.X2A3	.X2A3
P-PZ44	.X2A4	.X2A4
P-PZ44	.X2A5	.X2Z
P-PZ44A	.X12A1	.X12A19
P-PZ44A	.X12A1	.X12Z
P-PZ44A	.X12A2	.X12A2
P-PZ44A	.X12A3	.X12A3
P-PZ44A	.X12A4	.X12A4
P-PZ44A	.X12A5	.X12Z
P1	.X2A	.X2Z
PN4	.X25A	.X25Z
PN4	.X2A1	.X2A5
PN4	.X2A1	.X2Z
PN4	.X2A6	.X2Z
PN4	.X3A	.X3Z
PN4	.X4A	.X4Z
PN8A	.X2A	.X2Z
PQ9	.X9A	.X9Z
PQ9	.X9E2	.X9E2
PQ9	.X9E2	.X9E8
PQ9	.X9E21	.X9E21
PQ9	.X9E22	.X9E22
PQ9	.X9E22	.X9E26
PQ9	.X9E23	.X9E23
PQ9	.X9E24	.X9E24
PQ9	.X9E25	.X9E25
PQ9	.X9E26	.X9E26
PQ9	.X9E4	.X9E4
PQ9	.X9E4	.X9E62
PQ9	.X9E6	.X9E6
PQ9	.X9E6	.X9E69
PQ9	.X9E61	.X9E69
PQ9	.X9E62	.X9E62
PQ9	.X9E7	.X9E7
PQ9	.X9E72	.X9E72
PQ9	.X9E8	.X9E8
PR4A	.X2A	.X2Z
PR4A	.X2X1	.X2X1
PR4A	.X2X1	.X2X9
PR4A	.X2X2	.X2X2
PR4A	.X2X3	.X2X3
PR4A	.X2X5	.X2X5
PR4A	.X2X5	.X2X8
PR4A	.X2X6	.X2X6
PR4A	.X2X62	.X2X62
PR4A	.X2X8	.X2X8
PR4A	.X2X8	.X2X84
PR4A	.X2X84	.X2X84
PR4A	.X2X9	.X2X9
PR7	.X3A	.X3Z
Q4	.X2A	.X2Z
Q5	.X2A	.X2Z
Q6	.X2A	.X2Z
Q7	.X2A	.X2Z
Q7	.X3A	.X3Z
R3A	.X3A	.X3Z
R3A	.X4A1	.X4A29
R3A	.X4A1	.X4Z
R3A	.X4A3	.X4Z
R5A	.X2A	.X2Z
R5B	.X2A	.X2Z
R5C	.X2A	.X2Z
R7	.X3A	.X3Z
R7	.X4A	.X4Z
S3A	.X2A	.X2Z
S5	.X2A	.X2Z
S5	.X3A	.X3Z
T4A	.X2A	.X2Z
T4B	.X2A	.X2Z
Z15	.X2A	.X2Z
Z16	.X4A	.X4Z
Z9	.X83A	.X83Z
Z9	.X86A	.X86Z
