AM26.A	AM26.Z	.X
AM30.A	AM30.Z	.X
AM34.A	AM34.Z	.X
AM42.A	AM42.Z	.X
AM60.A3	AM60.Z	.X
AM69.A3	AM69.Z	.X
AM79.5.A	AM79.5.Z	.X
AM79.A	AM79.Z	.X
AM91.A	AM91.Z	.X
AS659.A	AS659.Z	.X
B1019.A	B1019.Z	.X1
B1026.A	B1026.Z	.X1
B1029.A	B1029.Z	.X1
B1034.A	B1034.Z	.X1
B1044.A	B1044.Z	.X1
B1049.A	B1049.Z	.X1
B1059.A	B1059.Z	.X1
B1074.A	B1074.Z	.X1
B1079.A	B1079.Z	.X1
B1084.A	B1084.Z	.X1
B1180.A	B1180.Z	.X15
B1180.A	B1180.Z	.X2
B1180.A	B1180.Z	.X3
B1195.A	B1195.Z	.X15
B1195.A	B1195.Z	.X2
B1195.A	B1195.Z	.X3
B128.A	B128.Z	.X1
B133.A	B133.Z	.X1
B139.4.A	B139.4.Z	.X1
B149.23.A	B149.23.Z	.X1
B1493.A	B1493.Z	.X15
B1493.A	B1493.Z	.X2
B1493.A	B1493.Z	.X3
B2245.A	B2245.Z	.X15
B2245.A	B2245.Z	.X2
B2245.A	B2245.Z	.X3
B2430.A	B2430.Z	.X1
B2591.A	B2591.Z	.X15
B2591.A	B2591.Z	.X2
B2591.A	B2591.Z	.X3
B2794.A	B2794.Z	.X15
B2794.A	B2794.Z	.X2
B2794.A	B2794.Z	.X3
B2844.A	B2844.Z	.X15
B2844.A	B2844.Z	.X2
B2844.A	B2844.Z	.X3
B2894.A	B2894.Z	.X15
B2894.A	B2894.Z	.X2
B2894.A	B2894.Z	.X3
B2944.A	B2944.Z	.X15
B2944.A	B2944.Z	.X2
B2944.A	B2944.Z	.X3
B3044.A	B3044.Z	.X15
B3044.A	B3044.Z	.X2
B3044.A	B3044.Z	.X3
B3144.A	B3144.Z	.X15
B3144.A	B3144.Z	.X2
B3144.A	B3144.Z	.X3
B3313.A	B3313.Z	.X15
B3313.A	B3313.Z	.X2
B3313.A	B3313.Z	.X3
B3399.A	B3399.Z	.X1
B3515.A	B3515.Z	.X1
B3598.A	B3598.Z	.X1
B3751.5.A	B3751.5.Z	.X1
B3944.A	B3944.Z	.X15
B3944.A	B3944.Z	.X2
B3944.A	B3944.Z	.X3
B3994.A	B3994.Z	.X15
B3994.A	B3994.Z	.X2
B3994.A	B3994.Z	.X3
B4218.A	B4218.Z	.X1
B4341.A	B4341.Z	.X1
B4395.A	B4395.Z	.X1
B4406.A	B4406.Z	.X1
B4428.A	B4428.Z	.X1
B4438.A	B4438.Z	.X1
B4445.A	B4445.Z	.X1
B4468.A	B4468.Z	.X1
B4495.A	B4495.Z	.X1
B4568.A	B4568.Z	.X1
B4598.A	B4598.Z	.X1
B4651.A	B4651.Z	.X1
B4691.A	B4691.Z	.X1
B4715.A	B4715.Z	.X1
B4805.A	B4805.Z	.X1
B4815.A	B4815.Z	.X1
B4825.A	B4825.Z	.X1
B5099.A	B5099.Z	.X
B5129.A	B5129.Z	.X1
B5134.A	B5134.Z	.X1
B5234.A	B5234.Z	.X1
B5244.A	B5244.Z	.X1
B5254.A	B5254.Z	.X1
B5289.A	B5289.Z	.X
B5344.A	B5344.Z	.X1
B5449.A	B5449.Z	.X
B5489.A	B5489.Z	.X
B5619.A	B5619.Z	.X
B5679.A	B5679.Z	.X
B5704.A	B5704.Z	.X1
B5714.A	B5714.Z	.X1
B5739.A	B5739.Z	.X
B759.A	B759.Z	.X1
B765.A	B765.Z	.X1
B945.A	B945.Z	.X1
B948.A	B948.Z	.X1
B99.A	B99.Z	.X
B99.A	B99.Z	.X2
B995.A	B995.Z	.X1
BF80.7.A	BF80.7.Z	.X
BF80.7.A	BF80.7.Z	.X2
BH221.A	BH221.Z	.X
BH221.A	BH221.Z	.X2
BH221.A	BH221.Z	.X3
BJ125.A	BJ125.Z	.X
BJ125.A	BJ125.Z	.X2
BJ125.A	BJ125.Z	.X3
BJ149.A	BJ149.Z	.X
BJ149.A	BJ149.Z	.X2
BJ149.A	BJ149.Z	.X3
BJ184.A	BJ184.Z	.X
BJ184.A	BJ184.Z	.X2
BJ184.A	BJ184.Z	.X3
BJ194.A	BJ194.Z	.X
BJ194.A	BJ194.Z	.X2
BJ194.A	BJ194.Z	.X3
BJ2007.A	BJ2007.Z	.X
BJ2007.A	BJ2007.Z	.X1
BJ2007.A	BJ2007.Z	.X2
BJ2007.A	BJ2007.Z	.X3
BJ2007.A	BJ2007.Z	.X4
BJ2007.A	BJ2007.Z	.X5
BJ2007.A	BJ2007.Z	.X6
BJ2007.A	BJ2007.Z	.X7
BJ214.A	BJ214.Z	.X
BJ214.A	BJ214.Z	.X2
BJ214.A	BJ214.Z	.X3
BJ255.A	BJ255.Z	.X
BJ255.A	BJ255.Z	.X2
BJ255.A	BJ255.Z	.X3
BJ285.A	BJ285.Z	.X
BJ285.A	BJ285.Z	.X2
BJ285.A	BJ285.Z	.X3
BL1102.5.A	BL1102.5.Z	.X
BL1102.7.A	BL1102.7.Z	.X
BL1108.7.A	BL1108.7.Z	.X
BL1109.5.A	BL1109.5.Z	.X
BL1109.7.A	BL1109.7.Z	.X
BL1137.5.A	BL1137.5.Z	.X3
BL1137.5.A	BL1137.5.Z	.X6
BL1137.5.A	BL1137.5.Z	.X7
BL1137.5.A	BL1137.5.Z	.X9
BL1143.2.A	BL1143.2.Z	.X3
BL1143.2.A	BL1143.2.Z	.X6
BL1143.2.A	BL1143.2.Z	.X7
BL1143.2.A	BL1143.2.Z	.X9
BL1146.A	BL1146.Z	.X2
BL1161.A	BL1161.Z	.X
BL1161.A	BL1161.Z	.X2
BL1161.A	BL1161.Z	.X3
BL1161.A	BL1161.Z	.X4
BL1165.A	BL1165.Z	.X
BL1165.A	BL1165.Z	.X2
BL1165.A	BL1165.Z	.X3
BL1165.A	BL1165.Z	.X4
BL1168.A	BL1168.Z	.X
BL1168.A	BL1168.Z	.X2
BL1168.A	BL1168.Z	.X3
BL1168.A	BL1168.Z	.X4
BL1216.6.A	BL1216.6.Z	.X
BL1217.4.A	BL1217.4.Z	.X
BL1218.4.A	BL1218.4.Z	.X
BL1219.4.A	BL1219.4.Z	.X
BL1220.4.A	BL1220.4.Z	.X
BL1226.17.A	BL1226.17.Z	.X
BL1238.82.A	BL1238.82.Z	.X
BL1239.38.A	BL1239.38.Z	.X
BL1239.78.A	BL1239.78.Z	.X
BL1241.38.A	BL1241.38.Z	.X
BL1243.36.A	BL1243.36.Z	.X
BL1243.58.A	BL1243.58.Z	.X
BL1243.76.A	BL1243.76.Z	.X
BL1243.774.A	BL1243.774.Z	.X
BL1243.777.A	BL1243.777.Z	.X
BL1243.79.A	BL1243.79.Z	.X
BL1243.79.A	BL1243.79.Z	.X2
BL1243.79.A	BL1243.79.Z	.X3
BL1316.A	BL1316.Z	.X2
BL1375.6.A	BL1375.6.Z	.X
BL1378.3.A	BL1378.3.Z	.X
BL1378.45.A	BL1378.45.Z	.X
BL1378.58.A	BL1378.58.Z	.X
BL1882.A	BL1882.Z	.X
BL1900.A3	BL1900.Z	.X
BL1900.A3	BL1900.Z	.X3
BL1900.A3	BL1900.Z	.X5
BL1900.A3	BL1900.Z	.X6
BL1900.A3	BL1900.Z	.X7
BL2017.47.A	BL2017.47.Z	.X2
BL2018.36.A	BL2018.36.Z	.X
BL2018.367.A	BL2018.367.Z	.X
BL2018.367.A	BL2018.367.Z	.X2
BL2217.6.A	BL2217.6.Z	.X2
BL2225.A3	BL2225.Z	.X
BM225.A	BM225.Z	.X
BM229.A	BM229.Z	.X
BM232.A	BM232.Z	.X
BM235.A	BM235.Z	.X
BM237.A	BM237.Z	.X
BM239.A	BM239.Z	.X
BM241.A	BM241.Z	.X
BM243.A	BM243.Z	.X
BM245.A	BM245.Z	.X
BM247.A	BM247.Z	.X
BM251.A	BM251.Z	.X
BM253.A	BM253.Z	.X
BM255.A	BM255.Z	.X
BM257.A	BM257.Z	.X
BM259.A	BM259.Z	.X
BM263.A	BM263.Z	.X
BM265.A	BM265.Z	.X
BM267.A	BM267.Z	.X
BM269.A	BM269.Z	.X
BM271.A	BM271.Z	.X
BM273.A	BM273.Z	.X
BM277.A	BM277.Z	.X
BM279.A	BM279.Z	.X
BM281.A	BM281.Z	.X
BM283.A	BM283.Z	.X
BM285.A	BM285.Z	.X
BM287.A	BM287.Z	.X
BM289.A	BM289.Z	.X
BM296.A	BM296.Z	.X
BM299.A	BM299.Z	.X
BM302.A	BM302.Z	.X
BM305.A	BM305.Z	.X
BM309.A	BM309.Z	.X
BM312.A	BM312.Z	.X
BM315.A	BM315.Z	.X
BM318.A	BM318.Z	.X
BM321.A	BM321.Z	.X
BM324.A	BM324.Z	.X
BM327.A	BM327.Z	.X
BM330.A	BM330.Z	.X
BM333.A	BM333.Z	.X
BM336.A	BM336.Z	.X
BM339.A	BM339.Z	.X
BM344.A	BM344.Z	.X
BM347.A	BM347.Z	.X
BM350.A	BM350.Z	.X
BM353.A	BM353.Z	.X
BM356.A	BM356.Z	.X
BM359.A	BM359.Z	.X
BM362.A	BM362.Z	.X
BM366.A	BM366.Z	.X
BM372.A	BM372.Z	.X
BM375.A	BM375.Z	.X
BM376.A	BM376.Z	.X
BM383.A	BM383.Z	.X
BM386.6.A	BM386.6.Z	.X
BM386.A	BM386.Z	.X
BM389.A	BM389.Z	.X
BM392.A	BM392.Z	.X
BM395.A	BM395.Z	.X
BM398.A	BM398.Z	.X
BM410.A	BM410.Z	.X
BM413.A	BM413.Z	.X
BM417.A	BM417.Z	.X
BM420.7.A	BM420.7.Z	.X
BM420.A	BM420.Z	.X
BM425.A	BM425.Z	.X
BM428.A	BM428.Z	.X
BM431.A	BM431.Z	.X
BM436.A	BM436.Z	.X
BM445.A	BM445.Z	.X
BM449.A	BM449.Z	.X
BM486.2.A	BM486.2.Z	.X2
BM486.5.A	BM486.5.Z	.X2
BM497.5.A	BM497.5.Z	.X
BM497.5.A	BM497.5.Z	.X2
BM498.5.A	BM498.5.Z	.X
BM498.5.A	BM498.5.Z	.X2
BM499.5.A	BM499.5.Z	.X
BM499.5.A	BM499.5.Z	.X2
BM508.13.A	BM508.13.Z	.X
BM508.13.A	BM508.13.Z	.X2
BM516.A	BM516.Z	.X
BM516.A	BM516.Z	.X3
BM960.3.A	BM960.3.Z	.X
BM960.3.A	BM960.3.Z	.X3
BP188.8.A	BP188.8.Z	.X
BP420.5.A	BP420.5.Z	.X
BP43.A	BP43.Z	.X
BP63.A5	BP63.Z	.X
BP64.A5	BP64.Z	.X
BP65.A5	BP65.Z	.X
BP67.A5	BP67.Z	.X
BP68.A5	BP68.Z	.X
BP88.A	BP88.Z	.X2
BQ1029.A	BQ1029.Z	.X
BQ1029.A	BQ1029.Z	.X2
BQ1045.A	BQ1045.Z	.X
BQ1045.A	BQ1045.Z	.X2
BQ105.A	BQ105.Z	.X
BQ109.A	BQ109.Z	.X
BQ109.A	BQ109.Z	.X2
BQ1129.A	BQ1129.Z	.X
BQ124.A	BQ124.Z	.X
BQ126.A	BQ126.Z	.X
BQ162.A	BQ162.Z	.X
BQ199.A	BQ199.Z	.X
BQ20.A	BQ20.Z	.X
BQ20.A	BQ20.Z	.X2
BQ20.A	BQ20.Z	.X3
BQ20.A	BQ20.Z	.X4
BQ20.A	BQ20.Z	.X5
BQ209.A	BQ209.Z	.X
BQ219.A	BQ219.Z	.X
BQ239.A	BQ239.Z	.X
BQ244.A	BQ244.Z	.X
BQ244.A	BQ244.Z	.X2
BQ244.A	BQ244.Z	.X4
BQ249.A	BQ249.Z	.X
BQ400.A	BQ400.Z	.X
BQ400.A	BQ400.Z	.X2
BQ400.A	BQ400.Z	.X3
BQ400.A	BQ400.Z	.X4
BQ4990.A	BQ4990.Z	.X
BQ5060.A	BQ5060.Z	.X
BQ5133.3.A	BQ5133.3.Z	.X
BQ5136.3.A	BQ5136.3.Z	.X
BQ5240.A	BQ5240.Z	.X
BQ5275.A	BQ5275.Z	.X
BQ5285.A	BQ5285.Z	.X
BQ53.A	BQ53.Z	.X
BQ5510.A	BQ5510.Z	.X
BQ569.A	BQ569.Z	.X
BQ569.A	BQ569.Z	.X2
BQ569.A	BQ569.Z	.X3
BQ569.A	BQ569.Z	.X4
BQ5715.A	BQ5715.Z	.X
BQ5735.A	BQ5735.Z	.X
BQ5735.A	BQ5735.Z	.X2
BQ5755.A	BQ5755.Z	.X
BQ5755.A	BQ5755.Z	.X2
BQ5775.A	BQ5775.Z	.X
BQ5775.A	BQ5775.Z	.X2
BQ5790.A	BQ5790.Z	.X
BQ5790.A	BQ5790.Z	.X2
BQ5805.A	BQ5805.Z	.X
BQ5805.A	BQ5805.Z	.X2
BQ5835.A	BQ5835.Z	.X
BQ5835.A	BQ5835.Z	.X2
BQ5899.A	BQ5899.Z	.X
BQ5899.A	BQ5899.Z	.X2
BQ5899.A	BQ5899.Z	.X3
BQ5899.A	BQ5899.Z	.X4
BQ5899.A	BQ5899.Z	.X5
BQ5960.A	BQ5960.Z	.X
BQ609.A	BQ609.Z	.X
BQ609.A	BQ609.Z	.X2
BQ609.A	BQ609.Z	.X3
BQ609.A	BQ609.Z	.X4
BQ6160.A	BQ6160.Z	.X
BQ6240.A	BQ6240.Z	.X
BQ6337.A	BQ6337.Z	.X
BQ6354.A	BQ6354.Z	.X
BQ6370.A	BQ6370.Z	.X
BQ6382.A	BQ6382.Z	.X
BQ6388.A	BQ6388.Z	.X
BQ6450.A	BQ6450.Z	.X
BQ709.A	BQ709.Z	.X
BQ709.A	BQ709.Z	.X2
BQ709.A	BQ709.Z	.X3
BQ709.A	BQ709.Z	.X4
BQ719.A	BQ719.Z	.X
BQ719.A	BQ719.Z	.X2
BQ719.A	BQ719.Z	.X3
BQ719.A	BQ719.Z	.X4
BQ7255.A	BQ7255.Z	.X
BQ7255.A	BQ7255.Z	.X2
BQ739.A	BQ739.Z	.X
BQ739.A	BQ739.Z	.X2
BQ739.A	BQ739.Z	.X3
BQ739.A	BQ739.Z	.X4
BQ7479.8.A	BQ7479.8.Z	.X2
BQ7479.8.A	BQ7479.8.Z	.X5
BQ7479.8.A	BQ7479.8.Z	.X6
BQ7479.8.A	BQ7479.8.Z	.X7
BQ7479.8.A	BQ7479.8.Z	.X9
BQ749.A	BQ749.Z	.X
BQ749.A	BQ749.Z	.X2
BQ749.A	BQ749.Z	.X3
BQ749.A	BQ749.Z	.X4
BQ7529.A	BQ7529.Z	.X2
BQ7529.A	BQ7529.Z	.X5
BQ7529.A	BQ7529.Z	.X6
BQ7529.A	BQ7529.Z	.X7
BQ7529.A	BQ7529.Z	.X9
BQ759.A	BQ759.Z	.X
BQ759.A	BQ759.Z	.X2
BQ759.A	BQ759.Z	.X3
BQ759.A	BQ759.Z	.X4
BQ7598.A	BQ7598.Z	.X
BQ760.A	BQ760.Z	.X
BQ760.A	BQ760.Z	.X2
BQ760.A	BQ760.Z	.X3
BQ760.A	BQ760.Z	.X4
BQ7688.A	BQ7688.Z	.X
BQ7688.A	BQ7688.Z	.X1
BQ7688.A	BQ7688.Z	.X2
BQ7688.A	BQ7688.Z	.X3
BQ7688.A	BQ7688.Z	.X4
BQ7688.A	BQ7688.Z	.X5
BQ7688.A	BQ7688.Z	.X6
BQ7688.A	BQ7688.Z	.X7
BQ7688.A	BQ7688.Z	.X8
BQ7688.A	BQ7688.Z	.X9
BQ7688.A	BQ7688.Z	.X9252
BQ77.A	BQ77.Z	.X
BQ7758.A	BQ7758.Z	.X
BQ779.A	BQ779.Z	.X
BQ779.A	BQ779.Z	.X2
BQ779.A	BQ779.Z	.X3
BQ779.A	BQ779.Z	.X4
BQ7865.A	BQ7865.Z	.X
BQ7865.A	BQ7865.Z	.X2
BQ789.A	BQ789.Z	.X
BQ789.A	BQ789.Z	.X2
BQ789.A	BQ789.Z	.X3
BQ789.A	BQ789.Z	.X4
BQ7915.A	BQ7915.Z	.X
BQ7935.A	BQ7935.Z	.X2
BQ7935.A	BQ7935.Z	.X5
BQ7935.A	BQ7935.Z	.X6
BQ7935.A	BQ7935.Z	.X7
BQ7935.A	BQ7935.Z	.X9
BQ7945.A	BQ7945.Z	.X2
BQ7945.A	BQ7945.Z	.X5
BQ7945.A	BQ7945.Z	.X6
BQ7945.A	BQ7945.Z	.X7
BQ7945.A	BQ7945.Z	.X9
BQ7948.A	BQ7948.Z	.X2
BQ7948.A	BQ7948.Z	.X5
BQ7948.A	BQ7948.Z	.X6
BQ7948.A	BQ7948.Z	.X7
BQ7948.A	BQ7948.Z	.X9
BQ7984.7.A	BQ7984.7.Z	.X
BQ799.A	BQ799.Z	.X
BQ799.A	BQ799.Z	.X2
BQ799.A	BQ799.Z	.X3
BQ799.A	BQ799.Z	.X4
BQ829.A	BQ829.Z	.X
BQ90.A	BQ90.Z	.X
BQ9149.59.A3	BQ9149.59.Z	.X2
BQ9149.59.A3	BQ9149.59.Z	.X5
BQ9149.59.A3	BQ9149.59.Z	.X6
BQ9149.59.A3	BQ9149.59.Z	.X7
BQ9149.59.A3	BQ9149.59.Z	.X9
BQ99.A	BQ99.Z	.X
BR133.A	BR133.Z	.X1
BR65.A	BR65.Z	.X2
BR65.A	BR65.Z	.X55
BR65.A	BR65.Z	.X6
BV3450.A	BV3450.Z	.X
BX2179.A	BX2179.Z	.X
BX2179.A	BX2179.Z	.X3
BX4607.A	BX4607.Z	.X
BX4615.A	BX4615.Z	.X
BX4618.A	BX4618.Z	.X
BX4625.A	BX4625.Z	.X
BX4638.A	BX4638.Z	.X
BX4640.A	BX4640.Z	.X
BX4642.A	BX4642.Z	.X
BX4644.A	BX4644.Z	.X
BX4710.65.A	BX4710.65.Z	.X
BX738.A	BX738.Z	.X
BX738.A	BX738.Z	.X1
BX738.A	BX738.Z	.X2
BX738.A	BX738.Z	.X25
BX738.A	BX738.Z	.X26
BX738.A	BX738.Z	.X3
BX738.A	BX738.Z	.X6
BX738.A	BX738.Z	.X7
BX738.A	BX738.Z	.X8
BX776.A	BX776.Z	.X
BX776.A	BX776.Z	.X1
BX776.A	BX776.Z	.X2
BX776.A	BX776.Z	.X25
BX776.A	BX776.Z	.X26
BX776.A	BX776.Z	.X3
BX776.A	BX776.Z	.X6
BX776.A	BX776.Z	.X7
BX776.A	BX776.Z	.X8
BX779.A	BX779.Z	.X
BX782.A	BX782.Z	.X
BX787.A	BX787.Z	.X
BX789.A	BX789.Z	.X
BX791.A	BX791.Z	.X
BX791.A	BX791.Z	.X1
BX791.A	BX791.Z	.X2
BX791.A	BX791.Z	.X25
BX791.A	BX791.Z	.X26
BX791.A	BX791.Z	.X3
BX791.A	BX791.Z	.X6
BX791.A	BX791.Z	.X7
BX791.A	BX791.Z	.X8
BX8629.A	BX8629.Z	.X
BX9480.A	BX9480.Z	.X
CD1068.A3	CD1068.Z	.X
CD5020.A	CD5020.Z	.X
CD5022.A	CD5022.Z	.X
CD511.A	CD511.Z	.X
CD5210.A	CD5210.Z	.X
CD5212.A	CD5212.Z	.X
CJ1215.A	CJ1215.Z	.X
CJ1217.A	CJ1217.Z	.X
CJ1513.A	CJ1513.Z	.X
CJ1515.A	CJ1515.Z	.X
CJ215.A	CJ215.Z	.X
CJ217.A	CJ217.Z	.X
CJ315.A	CJ315.Z	.X
CJ317.A	CJ317.Z	.X
CJ43.A	CJ43.Z	.X
CJ45.A	CJ45.Z	.X
CJ4806.A	CJ4806.Z	.X
CJ4808.A	CJ4808.Z	.X
CJ5510.A	CJ5510.Z	.X
CJ5512.A	CJ5512.Z	.X
CJ5588.A	CJ5588.Z	.X
CJ5590.A	CJ5590.Z	.X
CJ5648.A	CJ5648.Z	.X
CJ5650.A	CJ5650.Z	.X
CJ815.A	CJ815.Z	.X
CJ817.A	CJ817.Z	.X
CR115.A	CR115.Z	.X
CR4595.A	CR4595.Z	.X
CR4731.A	CR4731.Z	.X
CR4755.A	CR4755.Z	.X
CS110.A	CS110.Z	.X
CS110.A	CS110.Z	.X2
CS261.A	CS261.Z	.X
CS261.A	CS261.Z	.X2
CS39.A	CS39.Z	.X
CS39.A	CS39.Z	.X2
CS439.A	CS439.Z	.X
CS439.A	CS439.Z	.X2
CS71.A	CS71.Z	.X
CS71.A	CS71.Z	.X2
CS90.A	CS90.Z	.X
CS90.A	CS90.Z	.X2
CT1919.A	CT1919.Z	.X
CT1919.A	CT1919.Z	.X2
CT1919.A	CT1919.Z	.X3
CT1919.A	CT1919.Z	.X4
CT1919.A	CT1919.Z	.X43
CT1919.A	CT1919.Z	.X45
CT1919.A	CT1919.Z	.X462
CT1919.A	CT1919.Z	.X4621
CT1919.A	CT1919.Z	.X5
CT1919.A	CT1919.Z	.X72
CT1919.A	CT1919.Z	.X721
D1050.82.A	D1050.82.Z	.X
D733.A2	D733.Z	.X
D797.A3	D797.Z	.X
D802.A3	D802.Z	.X
D838.A	D838.Z	.X
DK5995.A	DK5995.Z	.X
DK5995.A	DK5995.Z	.X2
DK5995.A	DK5995.Z	.X3
DK5995.A	DK5995.Z	.X4
DK5995.A	DK5995.Z	.X43
DK5995.A	DK5995.Z	.X45
DK5995.A	DK5995.Z	.X47
DK5995.A	DK5995.Z	.X5
DK5995.A	DK5995.Z	.X55
DK5995.A	DK5995.Z	.X57
DS174.93.A	DS174.93.Z	.X
DS271.9.A	DS271.9.Z	.X
DS32.9.A	DS32.9.Z	.X
DS61.9.A	DS61.9.Z	.X
DS647.A	DS647.Z	.X
F1219.56.A	F1219.56.Z	.X
F1219.56.A	F1219.56.Z	.X2
G78.A	G78.Z	.X
G87.A6	G87.Z	.X
G87.A6	G87.Z	.X2
G87.A6	G87.Z	.X3
GB659.5.A	GB659.5.Z	.X
GB772.A	GB772.Z	.X
GC35.2.A	GC35.2.Z	.X
GF27.5.A	GF27.5.Z	.X
GF28.A	GF28.Z	.X
GF642.A	GF642.Z	.X
GN36.A	GN36.Z	.X
GR133.A	GR133.Z	.X
GT1748.A	GT1748.Z	.X
GT3911.A3	GT3911.Z	.X
GT3913.A3	GT3913.Z	.X
GV1015.56.A	GV1015.56.Z	.X
GV1015.57.A	GV1015.57.Z	.X
GV1019.5.A	GV1019.5.Z	.X
GV1045.5.A	GV1045.5.Z	.X
GV1046.A	GV1046.Z	.X
GV1065.23.A	GV1065.23.Z	.X
GV1100.A3	GV1100.Z	.X
GV118.A	GV118.Z	.X
GV133.A	GV133.Z	.X
GV14.8.A	GV14.8.Z	.X
GV143.A	GV143.Z	.X
GV1834.55.A	GV1834.55.Z	.X
GV1834.56.A	GV1834.56.Z	.X
GV1835.55.A	GV1835.55.Z	.X
GV1835.56.A	GV1835.56.Z	.X
GV1853.3.A	GV1853.3.Z	.X
GV1853.4.A	GV1853.4.Z	.X
GV194.A	GV194.Z	.X
GV195.A	GV195.Z	.X
GV198.96.A	GV198.96.Z	.X
GV198.97.A	GV198.97.Z	.X
GV199.42.A	GV199.42.Z	.X
GV199.44.A	GV199.44.Z	.X
GV200.655.A	GV200.655.Z	.X
GV200.66.A	GV200.66.Z	.X
GV204.A	GV204.Z	.X
GV241.A	GV241.Z	.X
GV288.A	GV288.Z	.X
GV303.A	GV303.Z	.X
GV313.A	GV313.Z	.X
GV381.A2	GV381.Z	.X
GV431.A	GV431.Z	.X
GV433.A	GV433.Z	.X
GV568.7.A	GV568.7.Z	.X
GV601.A	GV601.Z	.X
GV648.A	GV648.Z	.X
GV71.A	GV71.Z	.X
GV776.A3	GV776.Z	.X
GV854.8.A	GV854.8.Z	.X
GV863.A2	GV863.Z	.X
H64.A	H64.Z	.X
HA37.A	HA37.Z	.X
HA37.A	HA37.Z	.X2
HA39.A	HA39.Z	.X
HB123.A	HB123.Z	.X
HB123.A	HB123.Z	.X2
HB126.A	HB126.Z	.X
HB126.A	HB126.Z	.X2
HB127.5.A	HB127.5.Z	.X
HB127.5.A	HB127.5.Z	.X2
HD1289.A	HD1289.Z	.X
HD1291.A	HD1291.Z	.X
HD1333.A	HD1333.Z	.X
HD1335.A	HD1335.Z	.X
HD1410.6.A	HD1410.6.Z	.X
HD1443.A	HD1443.Z	.X
HD1470.5.A	HD1470.5.Z	.X
HD1471.A4	HD1471.Z	.X
HD1476.A4	HD1476.Z	.X
HD1478.A4	HD1478.Z	.X
HD1491.A5	HD1491.Z	.X
HD1492.A5	HD1492.Z	.X
HD1493.A5	HD1493.Z	.X
HD1511.A	HD1511.Z	.X
HD1641.A	HD1641.Z	.X
HD1671.A	HD1671.Z	.X
HD1676.A	HD1676.Z	.X
HD1683.A	HD1683.Z	.X
HD1696.A	HD1696.Z	.X
HD1697.A6	HD1697.Z	.X
HD1698.A2	HD1698.Z	.X
HD1699.A2	HD1699.Z	.X
HD1741.A	HD1741.Z	.X
HD2346.A	HD2346.Z	.X
HD2356.A	HD2356.Z	.X
HD2358.5.A	HD2358.5.Z	.X
HD266.A	HD266.Z	.X
HD2767.A	HD2767.Z	.X
HD2767.A	HD2767.Z	.X4
HD2768.A	HD2768.Z	.X
HD2768.A	HD2768.Z	.X4
HD3424.A	HD3424.Z	.X
HD3435.A	HD3435.Z	.X
HD3616.A	HD3616.Z	.X
HD3616.A	HD3616.Z	.X2
HD3616.A	HD3616.Z	.X3
HD3630.A	HD3630.Z	.X
HD3861.A	HD3861.Z	.X
HD3872.A	HD3872.Z	.X
HD4485.A	HD4485.Z	.X
HD4495.A	HD4495.Z	.X
HD4965.3.A	HD4965.3.Z	.X
HD4966.A	HD4966.Z	.X
HD5108.2.A	HD5108.2.Z	.X
HD5109.2.A	HD5109.2.Z	.X
HD5110.2.A	HD5110.2.Z	.X
HD5110.6.A	HD5110.6.Z	.X
HD5111.6.A	HD5111.6.Z	.X
HD5115.2.A	HD5115.2.Z	.X
HD5115.6.A	HD5115.6.Z	.X
HD5119.A	HD5119.Z	.X
HD5257.2.A	HD5257.2.Z	.X
HD5658.A	HD5658.Z	.X
HD5660.A	HD5660.Z	.X
HD5708.2.A	HD5708.2.Z	.X
HD5708.45.A	HD5708.45.Z	.X
HD5708.47.A	HD5708.47.Z	.X
HD5708.55.A	HD5708.55.Z	.X
HD5708.67.A	HD5708.67.Z	.X
HD5708.75.A	HD5708.75.Z	.X
HD5708.85.A	HD5708.85.Z	.X
HD5709.2.A	HD5709.2.Z	.X
HD5710.75.A	HD5710.75.Z	.X
HD5710.85.A	HD5710.85.Z	.X
HD5713.6.A	HD5713.6.Z	.X
HD5715.5.A	HD5715.5.Z	.X
HD5716.A	HD5716.Z	.X
HD5717.5.A	HD5717.5.Z	.X
HD5718.A	HD5718.Z	.X
HD5870.A	HD5870.Z	.X
HD60.5.A	HD60.5.Z	.X
HD6053.6.A	HD6053.6.Z	.X
HD6054.2.A	HD6054.2.Z	.X
HD6054.4.A	HD6054.4.Z	.X
HD6055.2.A	HD6055.2.Z	.X
HD6055.6.A	HD6055.6.Z	.X
HD6056.2.A	HD6056.2.Z	.X
HD6057.5.A	HD6057.5.Z	.X
HD6059.6.A	HD6059.6.Z	.X
HD6060.5.A	HD6060.5.Z	.X
HD6060.65.A	HD6060.65.Z	.X
HD6061.2.A	HD6061.2.Z	.X
HD6066.A	HD6066.Z	.X
HD6067.2.A	HD6067.2.Z	.X
HD6068.2.A	HD6068.2.Z	.X
HD6069.2.A	HD6069.2.Z	.X
HD6070.2.A	HD6070.2.Z	.X
HD6072.2.A	HD6072.2.Z	.X
HD6072.6.A	HD6072.6.Z	.X
HD6073.A	HD6073.Z	.X
HD6077.2.A	HD6077.2.Z	.X
HD6079.2.A	HD6079.2.Z	.X
HD6080.2.A	HD6080.2.Z	.X
HD6247.A	HD6247.Z	.X
HD6250.A	HD6250.Z	.X
HD6250.A	HD6250.Z	.X2
HD6276.52.A	HD6276.52.Z	.X
HD6276.A	HD6276.Z	.X
HD6276.A	HD6276.Z	.X2
HD6278.A	HD6278.Z	.X
HD6331.2.A	HD6331.2.Z	.X
HD6338.2.A	HD6338.2.Z	.X
HD6461.A	HD6461.Z	.X
HD6465.A	HD6465.Z	.X
HD6468.A	HD6468.Z	.X
HD6471.A	HD6471.Z	.X
HD6473.A	HD6473.Z	.X
HD6515.A	HD6515.Z	.X
HD6519.A	HD6519.Z	.X
HD6947.A	HD6947.Z	.X
HD6948.A	HD6948.Z	.X
HD6956.A	HD6956.Z	.X
HD6957.A	HD6957.Z	.X
HD6976.A	HD6976.Z	.X
HD70.A	HD70.Z	.X
HD7096.A	HD7096.Z	.X
HD7103.65.A	HD7103.65.Z	.X
HD7116.A	HD7116.Z	.X
HD7256.A	HD7256.Z	.X
HD7262.5.A	HD7262.5.Z	.X
HD7269.A	HD7269.Z	.X
HD7287.6.A4	HD7287.6.Z	.X
HD7287.67.A	HD7287.67.Z	.X
HD7287.72.A	HD7287.72.Z	.X
HD7287.82.A	HD7287.82.Z	.X
HD7287.86.A	HD7287.86.Z	.X
HD7287.92.A	HD7287.92.Z	.X
HD7287.96.A	HD7287.96.Z	.X
HD7288.72.A	HD7288.72.Z	.X
HD7288.76.A	HD7288.76.Z	.X
HD7288.78.A	HD7288.78.Z	.X
HD7288.85.A	HD7288.85.Z	.X
HD7288.92.A	HD7288.92.Z	.X
HD7289.3.A	HD7289.3.Z	.X
HD7289.42.A	HD7289.42.Z	.X
HD7289.A4	HD7289.Z	.X
HD8005.2.A	HD8005.2.Z	.X
HD8005.6.A	HD8005.6.Z	.X
HD8011.A	HD8011.Z	.X
HD8013.A	HD8013.Z	.X
HD8013.A	HD8013.Z	.X4
HD8038.A3	HD8038.Z	.X
HD8085.A	HD8085.Z	.X
HD8085.A	HD8085.Z	.X2
HD8085.A	HD8085.Z	.X3
HD9560.9.A2	HD9560.9.Z	.X
HD9685.A4	HD9685.Z	.X
HD9685.A4	HD9685.Z	.X2
HD9940.A4	HD9940.Z	.X
HD9940.A4	HD9940.Z	.X2
HE13.2.A	HE13.2.Z	.X
HE1619.A	HE1619.Z	.X
HE2791.A	HE2791.Z	.X3
HE311.A	HE311.Z	.X
HE359.A	HE359.Z	.X
HE359.A	HE359.Z	.X2
HE363.A	HE363.Z	.X
HE363.A	HE363.Z	.X2
HE365.A	HE365.Z	.X
HE365.A	HE365.Z	.X2
HE367.A	HE367.Z	.X
HE367.A	HE367.Z	.X2
HE373.A	HE373.Z	.X
HE377.A	HE377.Z	.X
HE380.A	HE380.Z	.X
HE395.A4	HE395.Z	.X
HE395.A4	HE395.Z	.X4
HE4071.A	HE4071.Z	.X
HE4491.A	HE4491.Z	.X2
HE5903.A	HE5903.Z	.X5
HE601.A	HE601.Z	.X
HE6185.A	HE6185.Z	.X
HE6185.A	HE6185.Z	.X2
HE7541.A	HE7541.Z	.X
HE7545.A	HE7545.Z	.X
HE7549.A	HE7549.Z	.X
HE8841.A	HE8841.Z	.X
HE8841.A	HE8841.Z	.X2
HE8841.A	HE8841.Z	.X3
HE9769.A5	HE9769.Z	.X
HE9783.3.A	HE9783.3.Z	.X
HE9793.A	HE9793.Z	.X
HE9796.A	HE9796.Z	.X
HE9797.5.A	HE9797.5.Z	.X
HF1135.A6	HF1135.Z	.X
HF1171.A6	HF1171.Z	.X
HF1176.A6	HF1176.Z	.X
HF1733.A	HF1733.Z	.X
HF5382.75.A	HF5382.75.Z	.X
HF5415.33.A	HF5415.33.Z	.X
HF5429.6.A	HF5429.6.Z	.X
HF5465.A	HF5465.Z	.X
HF5465.A	HF5465.Z	.X2
HF5469.23.A	HF5469.23.Z	.X
HF5469.23.A	HF5469.23.Z	.X2
HF5469.55.A	HF5469.55.Z	.X
HF5469.55.A	HF5469.55.Z	.X2
HF5473.A3	HF5473.Z	.X
HF5474.A3	HF5474.Z	.X
HF5475.A	HF5475.Z	.X
HF5477.A	HF5477.Z	.X
HF5477.A	HF5477.Z	.X2
HF5489.A	HF5489.Z	.X
HF5489.A	HF5489.Z	.X3
HF5616.A	HF5616.Z	.X
HF5808.A	HF5808.Z	.X
HG1768.A	HG1768.Z	.X
HG177.5.A	HG177.5.Z	.X
HG1778.A	HG1778.Z	.X
HG185.A3	HG185.Z	.X
HG186.A3	HG186.Z	.X
HG187.5.A3	HG187.5.Z	.X
HG187.A3	HG187.Z	.X
HG1939.A	HG1939.Z	.X
HG1939.A	HG1939.Z	.X2
HG1946.A	HG1946.Z	.X
HG1946.A	HG1946.Z	.X2
HG2031.A	HG2031.Z	.X
HG2031.A	HG2031.Z	.X2
HG2106.A	HG2106.Z	.X
HG2106.A	HG2106.Z	.X2
HG2156.A	HG2156.Z	.X
HG2156.A	HG2156.Z	.X2
HG2156.A	HG2156.Z	.X3
HG2341.A	HG2341.Z	.X
HG2341.A	HG2341.Z	.X2
HG2351.A	HG2351.Z	.X
HG2351.A	HG2351.Z	.X2
HG2613.A	HG2613.Z	.X
HG295.A	HG295.Z	.X
HG307.A	HG307.Z	.X
HG3139.5.A	HG3139.5.Z	.X
HG3139.5.A	HG3139.5.Z	.X2
HG3139.5.A	HG3139.5.Z	.X3
HG3729.A	HG3729.Z	.X
HG3729.A	HG3729.Z	.X2
HG3751.4.A	HG3751.4.Z	.X
HG3769.A	HG3769.Z	.X4
HG8963.A	HG8963.Z	.X
HG8963.A	HG8963.Z	.X2
HG9245.A	HG9245.Z	.X
HG9245.A	HG9245.Z	.X2
HG9262.A	HG9262.Z	.X
HG9343.A	HG9343.Z	.X
HG9343.A	HG9343.Z	.X2
HG9399.A	HG9399.Z	.X
HG9399.A	HG9399.Z	.X2
HJ4121.A	HJ4121.Z	.X
HJ4121.A	HJ4121.Z	.X2
HJ4125.A5	HJ4125.Z	.X
HJ4125.A5	HJ4125.Z	.X2
HJ5715.A	HJ5715.Z	.X
HJ8902.A	HJ8902.Z	.X
HJ9777.A5	HJ9777.Z	.X
HQ1073.5.A	HQ1073.5.Z	.X
HQ1120.A	HQ1120.Z	.X
HQ2039.A	HQ2039.Z	.X
HQ2044.A	HQ2044.Z	.X
HQ73.3.A	HQ73.3.Z	.X
HQ74.6.A	HQ74.6.Z	.X
HQ74.9.A	HQ74.9.Z	.X
HQ75.6.A	HQ75.6.Z	.X
HQ76.2.A	HQ76.2.Z	.X
HQ76.3.A	HQ76.3.Z	.X
HQ76.45.A	HQ76.45.Z	.X
HQ762.A	HQ762.Z	.X
HQ778.7.A	HQ778.7.Z	.X
HQ799.8.A	HQ799.8.Z	.X
HQ799.A	HQ799.Z	.X
HQ800.4.A	HQ800.4.Z	.X
HQ967.A	HQ967.Z	.X
HQ972.A	HQ972.Z	.X
HQ975.7.A	HQ975.7.Z	.X
HS1045.A	HS1045.Z	.X
HS1051.A	HS1051.Z	.X
HS1171.8.A	HS1171.8.Z	.X
HS1171.9.A	HS1171.9.Z	.X
HS1175.8.A	HS1175.8.Z	.X
HS1175.9.A	HS1175.9.Z	.X
HS123.A	HS123.Z	.X
HS1254.A	HS1254.Z	.X
HS1261.A	HS1261.Z	.X
HS1508.A	HS1508.Z	.X
HS2515.A	HS2515.Z	.X
HS3260.A	HS3260.Z	.X
HS3260.A	HS3260.Z	.X2
HS3270.A	HS3270.Z	.X
HS3325.A	HS3325.Z	.X
HS390.A	HS390.Z	.X
HS539.A	HS539.Z	.X
HS719.A	HS719.Z	.X
HS758.A	HS758.Z	.X
HS759.A	HS759.Z	.X
HS778.A	HS778.Z	.X
HS779.A	HS779.Z	.X
HS835.8.A	HS835.8.Z	.X
HS835.9.A	HS835.9.Z	.X
HS839.8.A	HS839.8.Z	.X
HS839.9.A	HS839.9.Z	.X
HS841.8.A	HS841.8.Z	.X
HS841.9.A	HS841.9.Z	.X
HS853.9.A	HS853.9.Z	.X
HT169.57.A	HT169.57.Z	.X
HT169.576.A	HT169.576.Z	.X
HT169.8.A	HT169.8.Z	.X
HT169.A	HT169.Z	.X
HT178.A	HT178.Z	.X
HT243.A	HT243.Z	.X
HT352.A	HT352.Z	.X
HT384.A	HT384.Z	.X
HT395.A	HT395.Z	.X
HT443.A	HT443.Z	.X
HV1441.8.A	HV1441.8.Z	.X
HV1441.A	HV1441.Z	.X
HV1448.A	HV1448.Z	.X
HV1454.2.A	HV1454.2.Z	.X
HV1455.2.A	HV1455.2.Z	.X
HV1471.A	HV1471.Z	.X
HV1478.A	HV1478.Z	.X
HV1478.A	HV1478.Z	.X2
HV1478.A	HV1478.Z	.X3
HV1481.A	HV1481.Z	.X
HV1481.A	HV1481.Z	.X2
HV1481.A	HV1481.Z	.X3
HV1484.A	HV1484.Z	.X
HV1484.A	HV1484.Z	.X2
HV1484.A	HV1484.Z	.X3
HV1487.A	HV1487.Z	.X
HV1487.A	HV1487.Z	.X2
HV1487.A	HV1487.Z	.X3
HV1568.8.A	HV1568.8.Z	.X
HV1569.2.A	HV1569.2.Z	.X
HV1570.5.A	HV1570.5.Z	.X
HV1796.A	HV1796.Z	.X
HV1796.A	HV1796.Z	.X2
HV2561.A	HV2561.Z	.X
HV2561.A	HV2561.Z	.X2
HV2561.A	HV2561.Z	.X3
HV3001.A56	HV3001.Z	.X
HV3003.A	HV3003.Z	.X
HV3006.A56	HV3006.Z	.X
HV3008.A	HV3008.Z	.X
HV3020.2.A	HV3020.2.Z	.X
HV3023.A4	HV3023.Z	.X
HV3024.A	HV3024.Z	.X
HV3199.A	HV3199.Z	.X
HV5000.A	HV5000.Z	.X
HV5199.A	HV5199.Z	.X
HV5235.A	HV5235.Z	.X
HV5269.A	HV5269.Z	.X
HV5283.A	HV5283.Z	.X
HV5770.A	HV5770.Z	.X
HV5770.A	HV5770.Z	.X2
HV580.A	HV580.Z	.X
HV580.A	HV580.Z	.X2
HV580.A	HV580.Z	.X3
HV6197.A	HV6197.Z	.X
HV6250.3.A	HV6250.3.Z	.X
HV6295.A	HV6295.Z	.X
HV6321.A	HV6321.Z	.X
HV6321.A	HV6321.Z	.X2
HV6335.A	HV6335.Z	.X
HV6405.A	HV6405.Z	.X
HV6433.4.A	HV6433.4.Z	.X
HV6433.78.A	HV6433.78.Z	.X
HV6433.786.A	HV6433.786.Z	.X
HV6433.8.A	HV6433.8.Z	.X
HV6433.88.A	HV6433.88.Z	.X
HV6433.A	HV6433.Z	.X
HV6439.A	HV6439.Z	.X
HV6452.A	HV6452.Z	.X
HV6453.A	HV6453.Z	.X
HV6471.A	HV6471.Z	.X
HV6485.A	HV6485.Z	.X
HV6491.A	HV6491.Z	.X
HV6535.A	HV6535.Z	.X
HV6536.6.A	HV6536.6.Z	.X
HV6541.A	HV6541.Z	.X
HV6548.A	HV6548.Z	.X
HV6555.A	HV6555.Z	.X
HV6569.A	HV6569.Z	.X
HV6661.A	HV6661.Z	.X
HV6661.A	HV6661.Z	.X2
HV6665.A	HV6665.Z	.X
HV6665.A	HV6665.Z	.X2
HV6669.A	HV6669.Z	.X
HV6685.A	HV6685.Z	.X
HV6699.A	HV6699.Z	.X
HV670.A	HV670.Z	.X
HV670.A	HV670.Z	.X3
HV6722.A	HV6722.Z	.X
HV6761.A	HV6761.Z	.X
HV677.A	HV677.Z	.X
HV6771.A	HV6771.Z	.X
HV6773.3.A	HV6773.3.Z	.X
HV6773.55.A	HV6773.55.Z	.X
HV688.A3	HV688.Z	.X
HV690.A	HV690.Z	.X
HV691.A3	HV691.Z	.X
HV694.A3	HV694.Z	.X
HV743.A	HV743.Z	.X
HV7434.A	HV7434.Z	.X
HV7439.A	HV7439.Z	.X
HV747.A	HV747.Z	.X
HV747.A	HV747.Z	.X2
HV7571.A	HV7571.Z	.X
HV7571.A	HV7571.Z	.X2
HV7571.A	HV7571.Z	.X3
HV799.A	HV799.Z	.X
HV799.A	HV799.Z	.X2
HV800.A	HV800.Z	.X
HV800.A	HV800.Z	.X2
HV801.A	HV801.Z	.X
HV801.A	HV801.Z	.X2
HV8148.A	HV8148.Z	.X
HV8148.A	HV8148.Z	.X2
HV8378.A	HV8378.Z	.X
HV8378.A	HV8378.Z	.X2
HV8378.A	HV8378.Z	.X3
HV847.A	HV847.Z	.X
HV8656.A	HV8656.Z	.X
HV866.A	HV866.Z	.X
HV8742.A	HV8742.Z	.X
HV8742.A	HV8742.Z	.X2
HV8746.A	HV8746.Z	.X
HV875.58.A	HV875.58.Z	.X
HV875.7.A	HV875.7.Z	.X
HV8829.A	HV8829.Z	.X
HV887.A	HV887.Z	.X
HV8883.3.A	HV8883.3.Z	.X
HV890.A	HV890.Z	.X
HV8929.A	HV8929.Z	.X
HV8929.A	HV8929.Z	.X2
HV8931.A	HV8931.Z	.X
HV901.A	HV901.Z	.X
HV907.A	HV907.Z	.X
HV938.A	HV938.Z	.X
HV941.A	HV941.Z	.X
HV9475.A	HV9475.Z	.X
HV9481.A	HV9481.Z	.X
HV98.A	HV98.Z	.X
HV99.A	HV99.Z	.X
HV995.A	HV995.Z	.X
HV9960.A	HV9960.Z	.X
JC599.A	JC599.Z	.X
JN2041.A	JN2041.Z	.X2
JN2041.A	JN2041.Z	.X3
JN2041.A	JN2041.Z	.X4
JN2041.A	JN2041.Z	.X5
JN2041.A	JN2041.Z	.X58
JN2041.A	JN2041.Z	.X59
JN2041.A	JN2041.Z	.X6
JN2041.A	JN2041.Z	.X65
JN2041.A	JN2041.Z	.X7
JN5191.A	JN5191.Z	.X2
JN5191.A	JN5191.Z	.X3
JN5191.A	JN5191.Z	.X4
JN5191.A	JN5191.Z	.X5
JN5191.A	JN5191.Z	.X58
JN5191.A	JN5191.Z	.X59
JN5191.A	JN5191.Z	.X6
JN5191.A	JN5191.Z	.X65
JN5191.A	JN5191.Z	.X7
JN8399.A	JN8399.Z	.X2
JN8399.A	JN8399.Z	.X3
JN8399.A	JN8399.Z	.X4
JN8399.A	JN8399.Z	.X5
JN8399.A	JN8399.Z	.X58
JN8399.A	JN8399.Z	.X59
JN8399.A	JN8399.Z	.X6
JN8399.A	JN8399.Z	.X65
JN8399.A	JN8399.Z	.X7
L267.A	L267.Z	.X
L551.A	L551.Z	.X
L675.A	L675.Z	.X
L677.A	L677.Z	.X
L791.A	L791.Z	.X
L903.A	L903.Z	.X
LA2343.A	LA2343.Z	.X
LA2343.A	LA2343.Z	.X2
LA2353.A	LA2353.Z	.X
LA2353.A	LA2353.Z	.X2
LA2365.A	LA2365.Z	.X
LA2365.A	LA2365.Z	.X2
LA2375.A	LA2375.Z	.X
LA2375.A	LA2375.Z	.X2
LA2383.A	LA2383.Z	.X
LA2383.A	LA2383.Z	.X2
LA2388.A	LA2388.Z	.X
LA2388.A	LA2388.Z	.X2
LA2396.A	LA2396.Z	.X
LA2396.A	LA2396.Z	.X2
LB125.A	LB125.Z	.X2
LB175.A	LB175.Z	.X2
LB1765.A	LB1765.Z	.X
LB1773.A	LB1773.Z	.X
LB1775.4.A	LB1775.4.Z	.X
LB1776.4.A	LB1776.4.Z	.X
LB1777.4.A	LB1777.4.Z	.X
LB1778.4.A	LB1778.4.Z	.X
LB2031.A	LB2031.Z	.X
LB2124.A	LB2124.Z	.X
LB2328.15.A	LB2328.15.Z	.X
LB2331.615.A	LB2331.615.Z	.X
LB2335.845.A	LB2335.845.Z	.X
LB2335.865.A	LB2335.865.Z	.X
LB2335.875.A	LB2335.875.Z	.X
LB2335.885.A	LB2335.885.Z	.X
LB2341.95.A	LB2341.95.Z	.X
LB2342.4.A	LB2342.4.Z	.X
LB2353.8.A	LB2353.8.Z	.X
LB2353.8.A	LB2353.8.Z	.X2
LB2376.6.A	LB2376.6.Z	.X
LB2376.6.A	LB2376.6.Z	.X2
LB275.A	LB275.Z	.X2
LB2803.A4	LB2803.Z	.X
LB2835.28.A	LB2835.28.Z	.X
LB2844.47.A	LB2844.47.Z	.X
LB2844.53.A	LB2844.53.Z	.X
LB2844.57.A	LB2844.57.Z	.X
LB2844.59.A	LB2844.59.Z	.X
LB2844.63.A	LB2844.63.Z	.X
LB2977.A	LB2977.Z	.X
LB3069.A	LB3069.Z	.X
LB3069.A	LB3069.Z	.X3
LB3241.4.A	LB3241.4.Z	.X
LB3425.A	LB3425.Z	.X
LB3479.A	LB3479.Z	.X
LB3479.A	LB3479.Z	.X2
LB3479.A	LB3479.Z	.X3
LB3499.A	LB3499.Z	.X
LB375.A	LB375.Z	.X2
LB475.A	LB475.Z	.X2
LB51.A	LB51.Z	.X2
LB55.A	LB55.Z	.X2
LB575.A	LB575.Z	.X2
LB61.A	LB61.Z	.X2
LB65.A	LB65.Z	.X2
LB675.A	LB675.Z	.X2
LB695.A	LB695.Z	.X2
LB71.A	LB71.Z	.X2
LB75.A	LB75.Z	.X2
LB775.A	LB775.Z	.X2
LB81.A	LB81.Z	.X2
LB85.A	LB85.Z	.X2
LB875.A	LB875.Z	.X2
LB880.A	LB880.Z	.X2
LB885.A	LB885.Z	.X2
LB91.A	LB91.Z	.X2
LB95.A	LB95.Z	.X2
LC1027.A	LC1027.Z	.X
LC1033.5.A	LC1033.5.Z	.X
LC1035.8.A	LC1035.8.Z	.X
LC1036.8.A	LC1036.8.Z	.X
LC1037.8.A	LC1037.8.Z	.X
LC1038.8.A	LC1038.8.Z	.X
LC1039.8.A	LC1039.8.Z	.X
LC1049.8.A	LC1049.8.Z	.X
LC155.A3	LC155.Z	.X
LC156.A3	LC156.Z	.X
LC157.A3	LC157.Z	.X
LC158.A3	LC158.Z	.X
LC160.A	LC160.Z	.X
LC191.8.A	LC191.8.Z	.X
LC191.98.A	LC191.98.Z	.X
LC210.8.A	LC210.8.Z	.X
LC212.3.A	LC212.3.Z	.X
LC212.43.A	LC212.43.Z	.X
LC212.53.A	LC212.53.Z	.X
LC212.63.A	LC212.63.Z	.X
LC212.73.A	LC212.73.Z	.X
LC212.83.A	LC212.83.Z	.X
LC212.863.A	LC212.863.Z	.X
LC212.93.A	LC212.93.Z	.X
LC213.3.A	LC213.3.Z	.X
LC213.53.A	LC213.53.Z	.X
LC214.3.A	LC214.3.Z	.X
LC214.53.A	LC214.53.Z	.X
LC221.4.A	LC221.4.Z	.X
LC225.32.A	LC225.32.Z	.X
LC225.33.A	LC225.33.Z	.X
LC235.A	LC235.Z	.X
LC238.4.A	LC238.4.Z	.X
LC2576.A	LC2576.Z	.X
LC2582.A	LC2582.Z	.X
LC34.8.A	LC34.8.Z	.X
LC3535.A3	LC3535.Z	.X
LC3536.A3	LC3536.Z	.X
LC3537.A3	LC3537.Z	.X
LC3538.A3	LC3538.Z	.X
LC3540.A	LC3540.Z	.X
LC3985.A3	LC3985.Z	.X
LC3986.A3	LC3986.Z	.X
LC3987.A3	LC3987.Z	.X
LC3988.A3	LC3988.Z	.X
LC3990.A	LC3990.Z	.X
LC45.8.A	LC45.8.Z	.X
LC46.8.A	LC46.8.Z	.X
LC46.94.A	LC46.94.Z	.X
LC4635.A3	LC4635.Z	.X
LC4636.A3	LC4636.Z	.X
LC4637.A3	LC4637.Z	.X
LC4638.A3	LC4638.Z	.X
LC4640.A	LC4640.Z	.X
LC4695.A3	LC4695.Z	.X
LC4696.A3	LC4696.Z	.X
LC4697.A3	LC4697.Z	.X
LC4698.A3	LC4698.Z	.X
LC4700.A	LC4700.Z	.X
LC4706.A	LC4706.Z	.X
LC4710.A	LC4710.Z	.X
LC4713.5.A	LC4713.5.Z	.X
LC4713.A	LC4713.Z	.X
LC4716.A	LC4716.Z	.X
LC4719.A	LC4719.Z	.X
LC4803.A	LC4803.Z	.X
LC4806.5.A	LC4806.5.Z	.X
LC4814.A	LC4814.Z	.X
LC4818.53.A	LC4818.53.Z	.X
LC4821.A	LC4821.Z	.X
LC4824.A	LC4824.Z	.X
LC4827.A	LC4827.Z	.X
LC505.A3	LC505.Z	.X
LC5055.A3	LC5055.Z	.X
LC5056.A3	LC5056.Z	.X
LC5057.A3	LC5057.Z	.X
LC5058.A3	LC5058.Z	.X
LC506.A3	LC506.Z	.X
LC5060.A	LC5060.Z	.X
LC507.A3	LC507.Z	.X
LC508.A3	LC508.Z	.X
LC510.A	LC510.Z	.X
LC5148.A	LC5148.Z	.X
LC5153.A	LC5153.Z	.X
LC5163.A	LC5163.Z	.X
LC5255.A3	LC5255.Z	.X
LC5256.A3	LC5256.Z	.X
LC5257.A3	LC5257.Z	.X
LC5258.A3	LC5258.Z	.X
LC5260.A	LC5260.Z	.X
LC58.6.A	LC58.6.Z	.X
LC5808.A	LC5808.Z	.X
LC6581.A	LC6581.Z	.X
LC745.A3	LC745.Z	.X
LC746.A3	LC746.Z	.X
LC747.A3	LC747.Z	.X
LC748.A3	LC748.Z	.X
LC750.A	LC750.Z	.X
LC929.3.A	LC929.3.Z	.X
LC929.7.A	LC929.7.Z	.X
M2079.A	M2079.Z	.X1
M2079.A	M2079.Z	.X11
M2079.A	M2079.Z	.X114
M2079.A	M2079.Z	.X12
M2079.A	M2079.Z	.X13
M2079.A	M2079.Z	.X14
M2079.A	M2079.Z	.X144
M2079.A	M2079.Z	.X15
M2079.A	M2079.Z	.X16
M2079.A	M2079.Z	.X161
M2079.A	M2079.Z	.X163
M2079.A	M2079.Z	.X165
M2079.A	M2079.Z	.X168
M2079.A	M2079.Z	.X169
M2079.A	M2079.Z	.X17
M2079.A	M2079.Z	.X18
M2079.A	M2079.Z	.X2
M2079.A	M2079.Z	.X21
M2079.A	M2079.Z	.X22
M2079.A	M2079.Z	.X23
M2079.A	M2079.Z	.X25
M2079.A	M2079.Z	.X27
M2079.A	M2079.Z	.X28
M2079.A	M2079.Z	.X3
M2079.A	M2079.Z	.X31
M2079.A	M2079.Z	.X32
M2079.A	M2079.Z	.X34
M2079.A	M2079.Z	.X35
M2079.A	M2079.Z	.X37
M2079.A	M2079.Z	.X373
M2079.A	M2079.Z	.X38
M2079.A	M2079.Z	.X382
M2079.A	M2079.Z	.X39
M2079.A	M2079.Z	.X4
M2079.A	M2079.Z	.X41
M2079.A	M2079.Z	.X413
M2079.A	M2079.Z	.X416
M2079.A	M2079.Z	.X42
M2079.A	M2079.Z	.X43
M2079.A	M2079.Z	.X435
M2079.A	M2079.Z	.X438
M2079.A	M2079.Z	.X44
M2079.A	M2079.Z	.X445
M2079.A	M2079.Z	.X45
M2079.A	M2079.Z	.X47
M2079.A	M2079.Z	.X5
M2079.A	M2079.Z	.X52
M2079.A	M2079.Z	.X53
M2079.A	M2079.Z	.X535
M2079.A	M2079.Z	.X54
M2079.A	M2079.Z	.X55
M2079.A	M2079.Z	.X59
M2079.A	M2079.Z	.X6
M2079.A	M2079.Z	.X61
M2079.A	M2079.Z	.X62
M2079.A	M2079.Z	.X67
M2079.A	M2079.Z	.X7
M2079.A	M2079.Z	.X713
M2079.A	M2079.Z	.X718
M2079.A	M2079.Z	.X72
M2079.A	M2079.Z	.X73
M2079.A	M2079.Z	.X735
M2079.A	M2079.Z	.X737
M2079.A	M2079.Z	.X74
M2079.A	M2079.Z	.X745
M2079.A	M2079.Z	.X75
M2079.A	M2079.Z	.X756
M2079.A	M2079.Z	.X76
M2079.A	M2079.Z	.X77
M2079.A	M2079.Z	.X78
M2079.A	M2079.Z	.X79
M2079.A	M2079.Z	.X8
M2079.A	M2079.Z	.X82
M2079.A	M2079.Z	.X85
M2079.A	M2079.Z	.X87
M2079.A	M2079.Z	.X9
M2079.A	M2079.Z	.X91
M2079.A	M2079.Z	.X914
M2079.A	M2079.Z	.X916
M2079.A	M2079.Z	.X918
M2079.A	M2079.Z	.X92
M2079.A	M2079.Z	.X94
M2079.A	M2079.Z	.X95
M2079.A	M2079.Z	.X96
M2079.A	M2079.Z	.X97
M2079.A	M2079.Z	.X975
M2099.A	M2099.Z	.X1
M2099.A	M2099.Z	.X11
M2099.A	M2099.Z	.X114
M2099.A	M2099.Z	.X12
M2099.A	M2099.Z	.X13
M2099.A	M2099.Z	.X14
M2099.A	M2099.Z	.X144
M2099.A	M2099.Z	.X15
M2099.A	M2099.Z	.X16
M2099.A	M2099.Z	.X161
M2099.A	M2099.Z	.X163
M2099.A	M2099.Z	.X165
M2099.A	M2099.Z	.X168
M2099.A	M2099.Z	.X169
M2099.A	M2099.Z	.X17
M2099.A	M2099.Z	.X18
M2099.A	M2099.Z	.X2
M2099.A	M2099.Z	.X21
M2099.A	M2099.Z	.X22
M2099.A	M2099.Z	.X23
M2099.A	M2099.Z	.X25
M2099.A	M2099.Z	.X27
M2099.A	M2099.Z	.X28
M2099.A	M2099.Z	.X3
M2099.A	M2099.Z	.X31
M2099.A	M2099.Z	.X32
M2099.A	M2099.Z	.X34
M2099.A	M2099.Z	.X35
M2099.A	M2099.Z	.X37
M2099.A	M2099.Z	.X373
M2099.A	M2099.Z	.X38
M2099.A	M2099.Z	.X382
M2099.A	M2099.Z	.X39
M2099.A	M2099.Z	.X4
M2099.A	M2099.Z	.X41
M2099.A	M2099.Z	.X413
M2099.A	M2099.Z	.X416
M2099.A	M2099.Z	.X42
M2099.A	M2099.Z	.X43
M2099.A	M2099.Z	.X435
M2099.A	M2099.Z	.X438
M2099.A	M2099.Z	.X44
M2099.A	M2099.Z	.X445
M2099.A	M2099.Z	.X45
M2099.A	M2099.Z	.X47
M2099.A	M2099.Z	.X5
M2099.A	M2099.Z	.X52
M2099.A	M2099.Z	.X53
M2099.A	M2099.Z	.X535
M2099.A	M2099.Z	.X54
M2099.A	M2099.Z	.X55
M2099.A	M2099.Z	.X59
M2099.A	M2099.Z	.X6
M2099.A	M2099.Z	.X61
M2099.A	M2099.Z	.X62
M2099.A	M2099.Z	.X67
M2099.A	M2099.Z	.X7
M2099.A	M2099.Z	.X713
M2099.A	M2099.Z	.X718
M2099.A	M2099.Z	.X72
M2099.A	M2099.Z	.X73
M2099.A	M2099.Z	.X735
M2099.A	M2099.Z	.X737
M2099.A	M2099.Z	.X74
M2099.A	M2099.Z	.X745
M2099.A	M2099.Z	.X75
M2099.A	M2099.Z	.X756
M2099.A	M2099.Z	.X76
M2099.A	M2099.Z	.X77
M2099.A	M2099.Z	.X78
M2099.A	M2099.Z	.X79
M2099.A	M2099.Z	.X8
M2099.A	M2099.Z	.X82
M2099.A	M2099.Z	.X85
M2099.A	M2099.Z	.X87
M2099.A	M2099.Z	.X9
M2099.A	M2099.Z	.X91
M2099.A	M2099.Z	.X914
M2099.A	M2099.Z	.X916
M2099.A	M2099.Z	.X918
M2099.A	M2099.Z	.X92
M2099.A	M2099.Z	.X94
M2099.A	M2099.Z	.X95
M2099.A	M2099.Z	.X96
M2099.A	M2099.Z	.X97
M2099.A	M2099.Z	.X975
M2114.A	M2114.Z	.X1
M2114.A	M2114.Z	.X11
M2114.A	M2114.Z	.X114
M2114.A	M2114.Z	.X12
M2114.A	M2114.Z	.X13
M2114.A	M2114.Z	.X14
M2114.A	M2114.Z	.X144
M2114.A	M2114.Z	.X15
M2114.A	M2114.Z	.X16
M2114.A	M2114.Z	.X161
M2114.A	M2114.Z	.X163
M2114.A	M2114.Z	.X165
M2114.A	M2114.Z	.X168
M2114.A	M2114.Z	.X169
M2114.A	M2114.Z	.X17
M2114.A	M2114.Z	.X18
M2114.A	M2114.Z	.X2
M2114.A	M2114.Z	.X21
M2114.A	M2114.Z	.X22
M2114.A	M2114.Z	.X23
M2114.A	M2114.Z	.X25
M2114.A	M2114.Z	.X27
M2114.A	M2114.Z	.X28
M2114.A	M2114.Z	.X3
M2114.A	M2114.Z	.X31
M2114.A	M2114.Z	.X32
M2114.A	M2114.Z	.X34
M2114.A	M2114.Z	.X35
M2114.A	M2114.Z	.X37
M2114.A	M2114.Z	.X373
M2114.A	M2114.Z	.X38
M2114.A	M2114.Z	.X382
M2114.A	M2114.Z	.X39
M2114.A	M2114.Z	.X4
M2114.A	M2114.Z	.X41
M2114.A	M2114.Z	.X413
M2114.A	M2114.Z	.X416
M2114.A	M2114.Z	.X42
M2114.A	M2114.Z	.X43
M2114.A	M2114.Z	.X435
M2114.A	M2114.Z	.X438
M2114.A	M2114.Z	.X44
M2114.A	M2114.Z	.X445
M2114.A	M2114.Z	.X45
M2114.A	M2114.Z	.X47
M2114.A	M2114.Z	.X5
M2114.A	M2114.Z	.X52
M2114.A	M2114.Z	.X53
M2114.A	M2114.Z	.X535
M2114.A	M2114.Z	.X54
M2114.A	M2114.Z	.X55
M2114.A	M2114.Z	.X59
M2114.A	M2114.Z	.X6
M2114.A	M2114.Z	.X61
M2114.A	M2114.Z	.X62
M2114.A	M2114.Z	.X67
M2114.A	M2114.Z	.X7
M2114.A	M2114.Z	.X713
M2114.A	M2114.Z	.X718
M2114.A	M2114.Z	.X72
M2114.A	M2114.Z	.X73
M2114.A	M2114.Z	.X735
M2114.A	M2114.Z	.X737
M2114.A	M2114.Z	.X74
M2114.A	M2114.Z	.X745
M2114.A	M2114.Z	.X75
M2114.A	M2114.Z	.X756
M2114.A	M2114.Z	.X76
M2114.A	M2114.Z	.X77
M2114.A	M2114.Z	.X78
M2114.A	M2114.Z	.X79
M2114.A	M2114.Z	.X8
M2114.A	M2114.Z	.X82
M2114.A	M2114.Z	.X85
M2114.A	M2114.Z	.X87
M2114.A	M2114.Z	.X9
M2114.A	M2114.Z	.X91
M2114.A	M2114.Z	.X914
M2114.A	M2114.Z	.X916
M2114.A	M2114.Z	.X918
M2114.A	M2114.Z	.X92
M2114.A	M2114.Z	.X94
M2114.A	M2114.Z	.X95
M2114.A	M2114.Z	.X96
M2114.A	M2114.Z	.X97
M2114.A	M2114.Z	.X975
MT4.A	MT4.Z	.X1
MT4.A	MT4.Z	.X3
MT4.A	MT4.Z	.X4
MT4.A	MT4.Z	.X5
MT4.A	MT4.Z	.X6
MT4.A	MT4.Z	.X7
MT4.A	MT4.Z	.X9
MT5.A	MT5.Z	.X1
MT5.A	MT5.Z	.X3
MT5.A	MT5.Z	.X4
MT5.A	MT5.Z	.X5
MT5.A	MT5.Z	.X6
MT5.A	MT5.Z	.X7
MT5.A	MT5.Z	.X9
N330.A	N330.Z	.X
N331.A	N331.Z	.X
N332.A2	N332.Z	.X
N333.A	N333.Z	.X
N346.5.A	N346.5.Z	.X
N346.A2	N346.Z	.X
N357.A	N357.Z	.X
N357.A	N357.Z	.X2
N390.A	N390.Z	.X
N5208.A	N5208.Z	.X
N5230.A	N5230.Z	.X
N5280.A	N5280.Z	.X
N5285.A	N5285.Z	.X
N5290.A	N5290.Z	.X
N8189.A	N8189.Z	.X
N8191.A	N8191.Z	.X
N8605.A	N8605.Z	.X
NA4415.A	NA4415.Z	.X
NA4425.A	NA4425.Z	.X
NA4435.A	NA4435.Z	.X
NA4445.A	NA4445.Z	.X
NA4455.A	NA4455.Z	.X
NA4465.A	NA4465.Z	.X
NA4475.A	NA4475.Z	.X
NA4485.A	NA4485.Z	.X
NA4495.A	NA4495.Z	.X
NA4505.A	NA4505.Z	.X
NA6234.A	NA6234.Z	.X
NA6245.A	NA6245.Z	.X
NA6305.A	NA6305.Z	.X
NA6315.A	NA6315.Z	.X
NA6325.A	NA6325.Z	.X
NA6595.A	NA6595.Z	.X
NA6813.A	NA6813.Z	.X
NA6840.A	NA6840.Z	.X
NA6846.A	NA6846.Z	.X
NA6862.A	NA6862.Z	.X
NA6880.5.A	NA6880.5.Z	.X
NA7596.A	NA7596.Z	.X
NA7850.A	NA7850.Z	.X
NA7858.A	NA7858.Z	.X
NA7863.A	NA7863.Z	.X
NA7915.A	NA7915.Z	.X
NA7925.A	NA7925.Z	.X
NA7935.A	NA7935.Z	.X
NA7945.A	NA7945.Z	.X
NA7955.A	NA7955.Z	.X
NA7965.A	NA7965.Z	.X
NA7975.A	NA7975.Z	.X
NA8005.A	NA8005.Z	.X
NA8015.A	NA8015.Z	.X
NA8025.A	NA8025.Z	.X
NA9330.A	NA9330.Z	.X
NB1313.A	NB1313.Z	.X
NB1793.A	NB1793.Z	.X
NC1762.A	NC1762.Z	.X
NC1762.A	NC1762.Z	.X2
NC1764.5.A	NC1764.5.Z	.X
NC1766.A	NC1766.Z	.X
NC1766.A	NC1766.Z	.X2
NC1833.A	NC1833.Z	.X
NC33.A	NC33.Z	.X
NC620.A	NC620.Z	.X
NC620.A	NC620.Z	.X2
NC976.A	NC976.Z	.X
NC993.A2	NC993.Z	.X
NC995.8.A	NC995.8.Z	.X
NC998.5.A2	NC998.5.Z	.X
NC998.6.A	NC998.6.Z	.X
NC999.6.A	NC999.6.Z	.X2
ND1312.A	ND1312.Z	.X
ND1312.A	ND1312.Z	.X2
ND1312.A	ND1312.Z	.X3
ND1312.A	ND1312.Z	.X4
ND1312.A	ND1312.Z	.X5
ND1312.A	ND1312.Z	.X6
ND1312.A	ND1312.Z	.X7
ND1324.A	ND1324.Z	.X
ND1324.A	ND1324.Z	.X2
ND1324.A	ND1324.Z	.X3
ND1324.A	ND1324.Z	.X4
ND1324.A	ND1324.Z	.X5
ND1324.A	ND1324.Z	.X6
ND1324.A	ND1324.Z	.X7
ND1326.8.A	ND1326.8.Z	.X
ND1326.8.A	ND1326.8.Z	.X2
ND1326.8.A	ND1326.8.Z	.X3
ND1326.8.A	ND1326.8.Z	.X4
ND1326.8.A	ND1326.8.Z	.X5
ND1326.8.A	ND1326.8.Z	.X6
ND1326.8.A	ND1326.8.Z	.X7
ND1327.A	ND1327.Z	.X
ND1327.A	ND1327.Z	.X2
ND1327.A	ND1327.Z	.X3
ND1327.A	ND1327.Z	.X4
ND1327.A	ND1327.Z	.X5
ND1327.A	ND1327.Z	.X6
ND1327.A	ND1327.Z	.X7
ND1337.A3	ND1337.Z	.X
ND1352.A	ND1352.Z	.X
ND1352.A	ND1352.Z	.X2
ND1352.A	ND1352.Z	.X3
ND1352.A	ND1352.Z	.X4
ND1352.A	ND1352.Z	.X5
ND1352.A	ND1352.Z	.X6
ND1352.A	ND1352.Z	.X7
ND1364.A	ND1364.Z	.X
ND1364.A	ND1364.Z	.X2
ND1364.A	ND1364.Z	.X3
ND1364.A	ND1364.Z	.X4
ND1364.A	ND1364.Z	.X5
ND1364.A	ND1364.Z	.X6
ND1364.A	ND1364.Z	.X7
ND1367.A	ND1367.Z	.X
ND1367.A	ND1367.Z	.X2
ND1367.A	ND1367.Z	.X3
ND1367.A	ND1367.Z	.X4
ND1367.A	ND1367.Z	.X5
ND1367.A	ND1367.Z	.X6
ND1367.A	ND1367.Z	.X7
ND1373.A	ND1373.Z	.X
ND1373.A	ND1373.Z	.X2
ND1373.A	ND1373.Z	.X3
ND1373.A	ND1373.Z	.X4
ND1373.A	ND1373.Z	.X5
ND1373.A	ND1373.Z	.X6
ND1373.A	ND1373.Z	.X7
ND1383.A	ND1383.Z	.X
ND1383.A	ND1383.Z	.X2
ND1383.A	ND1383.Z	.X3
ND1383.A	ND1383.Z	.X4
ND1383.A	ND1383.Z	.X5
ND1383.A	ND1383.Z	.X6
ND1383.A	ND1383.Z	.X7
ND1388.A	ND1388.Z	.X
ND1388.A	ND1388.Z	.X2
ND1388.A	ND1388.Z	.X3
ND1388.A	ND1388.Z	.X4
ND1388.A	ND1388.Z	.X5
ND1388.A	ND1388.Z	.X6
ND1388.A	ND1388.Z	.X7
ND1393.A	ND1393.Z	.X
ND1393.A	ND1393.Z	.X2
ND1393.A	ND1393.Z	.X3
ND1393.A	ND1393.Z	.X4
ND1393.A	ND1393.Z	.X5
ND1393.A	ND1393.Z	.X6
ND1393.A	ND1393.Z	.X7
ND1403.A	ND1403.Z	.X
ND1403.A	ND1403.Z	.X2
ND1403.A	ND1403.Z	.X3
ND1403.A	ND1403.Z	.X4
ND1403.A	ND1403.Z	.X5
ND1403.A	ND1403.Z	.X6
ND1403.A	ND1403.Z	.X7
ND1412.A	ND1412.Z	.X
ND1412.A	ND1412.Z	.X2
ND1412.A	ND1412.Z	.X3
ND1412.A	ND1412.Z	.X4
ND1412.A	ND1412.Z	.X5
ND1412.A	ND1412.Z	.X6
ND1412.A	ND1412.Z	.X7
ND1422.A	ND1422.Z	.X
ND1422.A	ND1422.Z	.X2
ND1422.A	ND1422.Z	.X3
ND1422.A	ND1422.Z	.X4
ND1422.A	ND1422.Z	.X5
ND1422.A	ND1422.Z	.X6
ND1422.A	ND1422.Z	.X7
ND1432.A	ND1432.Z	.X
ND1432.A	ND1432.Z	.X2
ND1432.A	ND1432.Z	.X3
ND1432.A	ND1432.Z	.X4
ND1432.A	ND1432.Z	.X5
ND1432.A	ND1432.Z	.X6
ND1432.A	ND1432.Z	.X7
ND1442.A	ND1442.Z	.X
ND1442.A	ND1442.Z	.X2
ND1442.A	ND1442.Z	.X3
ND1442.A	ND1442.Z	.X4
ND1442.A	ND1442.Z	.X5
ND1442.A	ND1442.Z	.X6
ND1442.A	ND1442.Z	.X7
ND1452.A	ND1452.Z	.X
ND1452.A	ND1452.Z	.X2
ND1452.A	ND1452.Z	.X3
ND1452.A	ND1452.Z	.X4
ND1452.A	ND1452.Z	.X5
ND1452.A	ND1452.Z	.X6
ND1452.A	ND1452.Z	.X7
NE1300.8.A	NE1300.8.Z	.X
NE1300.8.A	NE1300.8.Z	.X2
NE1339.A	NE1339.Z	.X
NE1339.A	NE1339.Z	.X3
NE1341.A	NE1341.Z	.X
NE1341.A	NE1341.Z	.X3
NE1345.A	NE1345.Z	.X
NE1345.A	NE1345.Z	.X3
NK2192.A	NK2192.Z	.X
NK2192.A	NK2192.Z	.X3
NK3649.35.A	NK3649.35.Z	.X
NK3649.35.A	NK3649.35.Z	.X3
NK3649.55.A	NK3649.55.Z	.X
NK3649.55.A	NK3649.55.Z	.X3
NK3650.5.A	NK3650.5.Z	.X
NK3650.5.A	NK3650.5.Z	.X3
NK3667.2.A	NK3667.2.Z	.X
NK3667.2.A	NK3667.2.Z	.X3
NK4605.5.A	NK4605.5.Z	.X
NK4605.542.A	NK4605.542.Z	.X
NK4606.5.A	NK4606.5.Z	.X
NK4670.7.A	NK4670.7.Z	.X
NK4860.5.A	NK4860.5.Z	.X
NK4860.5.A	NK4860.5.Z	.X3
NK5019.A	NK5019.Z	.X
NK5024.A	NK5024.Z	.X
NK540.A	NK540.Z	.X
NK550.A	NK550.Z	.X
NK560.A	NK560.Z	.X
NK5750.2.A	NK5750.2.Z	.X
NK5750.2.A	NK5750.2.Z	.X3
NK6020.5.A	NK6020.5.Z	.X
NK6020.5.A	NK6020.5.Z	.X3
NK6035.2.A	NK6035.2.Z	.X
NK6035.2.A	NK6035.2.Z	.X3
NK6202.A	NK6202.Z	.X
NK6202.A	NK6202.Z	.X3
NK8440.2.A	NK8440.2.Z	.X
NK8440.2.A	NK8440.2.Z	.X3
NK8454.2.A	NK8454.2.Z	.X
NK8454.2.A	NK8454.2.Z	.X3
NK8555.5.A	NK8555.5.Z	.X
NK8555.5.A	NK8555.5.Z	.X3
NK8605.5.A	NK8605.5.Z	.X
NK8605.5.A	NK8605.5.Z	.X3
NK8641.5.A	NK8641.5.Z	.X
NK8641.5.A	NK8641.5.Z	.X3
NK8700.5.A	NK8700.5.Z	.X
NK8700.5.A	NK8700.5.Z	.X3
NK9503.2.A	NK9503.2.Z	.X
NK9503.2.A	NK9503.2.Z	.X3
NK9505.2.A	NK9505.2.Z	.X
NK9505.2.A	NK9505.2.Z	.X3
NK9509.65.A	NK9509.65.Z	.X
NK9509.65.A	NK9509.65.Z	.X3
NK9900.7.A	NK9900.7.Z	.X
NX28.A	NX28.Z	.X
NX430.A	NX430.Z	.X
NX705.5.A	NX705.5.Z	.X
NX742.A	NX742.Z	.X
NX770.A	NX770.Z	.X
NX777.A	NX777.Z	.X
NX820.A	NX820.Z	.X
PA5639.5.A	PA5639.5.Z	.X
PA5639.5.A	PA5639.5.Z	.X2
PA5639.A	PA5639.Z	.X
PA5639.A	PA5639.Z	.X2
PA5649.A	PA5649.Z	.X2
PA5649.A	PA5649.Z	.X3
PA5660.A	PA5660.Z	.X
PA5660.A	PA5660.Z	.X2
PA5660.A	PA5660.Z	.X3
PA6157.L	PA6157.Z	.X
PA6315.A	PA6315.Z	.X
PA6316.A	PA6316.Z	.X
PA6317.A	PA6317.Z	.X
PA6577.A	PA6577.Z	.X
PA6673.A	PA6673.Z	.X
PA6712.A	PA6712.Z	.X
PB2591.A	PB2591.Z	.X2
PB2591.A	PB2591.Z	.X3
PB2903.A	PB2903.Z	.X2
PB2903.A	PB2903.Z	.X3
PB2905.A	PB2905.Z	.X2
PB2905.A	PB2905.Z	.X3
PC3328.A	PC3328.Z	.X2
PC3328.A	PC3328.Z	.X3
PC3937.A	PC3937.Z	.X2
PC3937.A	PC3937.Z	.X3
PC3941.A	PC3941.Z	.X2
PC3941.A	PC3941.Z	.X3
PC3945.A	PC3945.Z	.X
PC3945.A	PC3945.Z	.X2
PC3946.A	PC3946.Z	.X
PC3946.A	PC3946.Z	.X2
PC3948.A3	PC3948.Z	.X
PC3948.A3	PC3948.Z	.X2
PC3951.A3	PC3951.Z	.X
PC3951.A3	PC3951.Z	.X2
PC3952.A	PC3952.Z	.X
PC3952.A	PC3952.Z	.X2
PC838.7.A	PC838.7.Z	.X2
PC838.7.A	PC838.7.Z	.X3
PC839.A	PC839.Z	.X2
PC839.A	PC839.Z	.X3
PC841.A	PC841.Z	.X
PC841.A	PC841.Z	.X2
PC841.A	PC841.Z	.X3
PC841.A	PC841.Z	.X4
PC843.85.A	PC843.85.Z	.X
PC843.85.A	PC843.85.Z	.X2
PC844.A	PC844.Z	.X
PC844.A	PC844.Z	.X2
PD1197.A	PD1197.Z	.X2
PD1197.A	PD1197.Z	.X3
PE3315.A	PE3315.Z	.X
PE3315.A	PE3315.Z	.X1
PE3315.A	PE3315.Z	.X2
PE3315.A	PE3315.Z	.X25
PE3315.A	PE3315.Z	.X3
PE3315.A	PE3315.Z	.X4
PE3315.A	PE3315.Z	.X94
PE3432.A	PE3432.Z	.X
PE3432.A	PE3432.Z	.X1
PE3432.A	PE3432.Z	.X2
PE3432.A	PE3432.Z	.X25
PE3432.A	PE3432.Z	.X3
PE3432.A	PE3432.Z	.X4
PE3432.A	PE3432.Z	.X94
PF1531.A	PF1531.Z	.X2
PF1531.A	PF1531.Z	.X3
PG1195.A	PG1195.Z	.X2
PG1195.A	PG1195.Z	.X3
PG1745.A	PG1745.Z	.X2
PG1745.A	PG1745.Z	.X3
PG1747.A	PG1747.Z	.X
PG1747.A	PG1747.Z	.X2
PG3505.A	PG3505.Z	.X
PG3505.A	PG3505.Z	.X2
PG3520.A	PG3520.Z	.X
PG3520.A	PG3520.Z	.X2
PG3550.A	PG3550.Z	.X
PG3550.A	PG3550.Z	.X2
PG3948.A	PG3948.Z	.X2
PG3948.A	PG3948.Z	.X3
PG705.A	PG705.Z	.X2
PG705.A	PG705.Z	.X3
PG706.A	PG706.Z	.X
PG706.A	PG706.Z	.X2
PG7399.A	PG7399.Z	.X2
PG7399.A	PG7399.Z	.X3
PH1058.9.A	PH1058.9.Z	.X2
PH1058.9.A	PH1058.9.Z	.X3
PH1078.9.A	PH1078.9.Z	.X2
PH1078.9.A	PH1078.9.Z	.X3
PH1108.9.A	PH1108.9.Z	.X2
PH1108.9.A	PH1108.9.Z	.X3
PH1308.9.A	PH1308.9.Z	.X2
PH1308.9.A	PH1308.9.Z	.X3
PH1408.9.A	PH1408.9.Z	.X2
PH1408.9.A	PH1408.9.Z	.X3
PH3201.A	PH3201.Z	.X2
PH3201.A	PH3201.Z	.X3
PH353.A	PH353.Z	.X2
PH353.A	PH353.Z	.X3
PH355.A	PH355.Z	.X2
PH355.A	PH355.Z	.X3
PH356.A	PH356.Z	.X2
PH356.A	PH356.Z	.X3
PH508.9.A	PH508.9.Z	.X2
PH508.9.A	PH508.9.Z	.X3
PH528.9.A	PH528.9.Z	.X2
PH528.9.A	PH528.9.Z	.X3
PH538.9.A	PH538.9.Z	.X2
PH538.9.A	PH538.9.Z	.X3
PH548.9.A	PH548.9.Z	.X2
PH548.9.A	PH548.9.Z	.X3
PH558.9.A	PH558.9.Z	.X2
PH558.9.A	PH558.9.Z	.X3
PH568.9.A	PH568.9.Z	.X2
PH568.9.A	PH568.9.Z	.X3
PH588.9.A	PH588.9.Z	.X2
PH588.9.A	PH588.9.Z	.X3
PH784.A	PH784.Z	.X2
PH784.A	PH784.Z	.X3
PH827.A	PH827.Z	.X2
PH827.A	PH827.Z	.X3
PJ2379.9.A	PJ2379.9.Z	.X2
PJ2379.9.A	PJ2379.9.Z	.X3
PJ5049.A	PJ5049.Z	.X
PJ5049.A	PJ5049.Z	.X2
PJ5055.1.A	PJ5055.1.Z	.X2
PJ5055.1.A	PJ5055.1.Z	.X3
PJ5089.29.A	PJ5089.29.Z	.X2
PJ5089.29.A	PJ5089.29.Z	.X3
PJ5149.A	PJ5149.Z	.X
PJ5149.A	PJ5149.Z	.X2
PJ5154.A	PJ5154.Z	.X
PJ5154.A	PJ5154.Z	.X2
PJ5159.A	PJ5159.Z	.X
PJ5159.A	PJ5159.Z	.X2
PJ5162.A	PJ5162.Z	.X
PJ5162.A	PJ5162.Z	.X2
PJ5165.A	PJ5165.Z	.X
PJ5165.A	PJ5165.Z	.X2
PJ5168.A	PJ5168.Z	.X
PJ5168.A	PJ5168.Z	.X2
PJ7645.A	PJ7645.Z	.X2
PJ7645.A	PJ7645.Z	.X3
PJ7800.A	PJ7800.Z	.X2
PJ7800.A	PJ7800.Z	.X3
PJ7900.A	PJ7900.Z	.X2
PJ7900.A	PJ7900.Z	.X3
PJ9269.A	PJ9269.Z	.X2
PJ9269.A	PJ9269.Z	.X3
PK1428.9.A	PK1428.9.Z	.X2
PK1428.9.A	PK1428.9.Z	.X3
PK1448.9.A	PK1448.9.Z	.X2
PK1448.9.A	PK1448.9.Z	.X3
PK1569.A	PK1569.Z	.X2
PK1569.A	PK1569.Z	.X3
PK1717.A	PK1717.Z	.X
PK1717.A	PK1717.Z	.X2
PK1818.9.A	PK1818.9.Z	.X2
PK1818.9.A	PK1818.9.Z	.X3
PK1833.9.A	PK1833.9.Z	.X2
PK1833.9.A	PK1833.9.Z	.X3
PK1859.A	PK1859.Z	.X2
PK1859.A	PK1859.Z	.X3
PK1947.9.A	PK1947.9.Z	.X2
PK1947.9.A	PK1947.9.Z	.X3
PK1957.9.A	PK1957.9.Z	.X2
PK1957.9.A	PK1957.9.Z	.X3
PK1960.9.A	PK1960.9.Z	.X2
PK1960.9.A	PK1960.9.Z	.X3
PK1967.9.A	PK1967.9.Z	.X2
PK1967.9.A	PK1967.9.Z	.X3
PK1968.9.A	PK1968.9.Z	.X2
PK1968.9.A	PK1968.9.Z	.X3
PK1970.59.A	PK1970.59.Z	.X2
PK1970.59.A	PK1970.59.Z	.X3
PK2098.1.A	PK2098.1.Z	.X2
PK2098.1.A	PK2098.1.Z	.X3
PK2099.1.A	PK2099.1.Z	.X2
PK2099.1.A	PK2099.1.Z	.X3
PK2107.A	PK2107.Z	.X
PK2107.A	PK2107.Z	.X2
PK2114.A	PK2114.Z	.X
PK2114.A	PK2114.Z	.X2
PK2139.A	PK2139.Z	.X
PK2139.A	PK2139.Z	.X2
PK2198.A	PK2198.Z	.X2
PK2198.A	PK2198.Z	.X3
PK2199.A	PK2199.Z	.X2
PK2199.A	PK2199.Z	.X3
PK2200.A	PK2200.Z	.X2
PK2200.A	PK2200.Z	.X3
PK2201.A	PK2201.Z	.X2
PK2201.A	PK2201.Z	.X3
PK2418.A	PK2418.Z	.X2
PK2418.A	PK2418.Z	.X3
PK2479.A	PK2479.Z	.X2
PK2479.A	PK2479.Z	.X3
PK2521.9.A	PK2521.9.Z	.X2
PK2521.9.A	PK2521.9.Z	.X3
PK2579.A	PK2579.Z	.X2
PK2579.A	PK2579.Z	.X3
PK2659.A	PK2659.Z	.X2
PK2659.A	PK2659.Z	.X3
PK2708.9.A	PK2708.9.Z	.X2
PK2708.9.A	PK2708.9.Z	.X3
PK2788.9.A	PK2788.9.Z	.X2
PK2788.9.A	PK2788.9.Z	.X3
PK2859.A	PK2859.Z	.X2
PK2859.A	PK2859.Z	.X3
PK2892.9.A	PK2892.9.Z	.X2
PK2892.9.A	PK2892.9.Z	.X3
PK3798.K	PK3798.Z	.X2
PK3798.K	PK3798.Z	.X3
PK3799.A	PK3799.Z	.X2
PK3799.A	PK3799.Z	.X3
PK3800.A	PK3800.Z	.X
PK3800.A	PK3800.Z	.X2
PK4591.A	PK4591.Z	.X2
PK4591.A	PK4591.Z	.X3
PK5013.A	PK5013.Z	.X2
PK5013.A	PK5013.Z	.X3
PK6561.A	PK6561.Z	.X2
PK6561.A	PK6561.Z	.X3
PK6958.9.A	PK6958.9.Z	.X2
PK6958.9.A	PK6958.9.Z	.X3
PK6978.9.A	PK6978.9.Z	.X2
PK6978.9.A	PK6978.9.Z	.X3
PK7035.A	PK7035.Z	.X2
PK7035.A	PK7035.Z	.X3
PK8547.A	PK8547.Z	.X2
PK8547.A	PK8547.Z	.X3
PK8548.A	PK8548.Z	.X2
PK8548.A	PK8548.Z	.X3
PK8549.A	PK8549.Z	.X2
PK8549.A	PK8549.Z	.X3
PK8689.A	PK8689.Z	.X2
PK8689.A	PK8689.Z	.X3
PK9169.A	PK9169.Z	.X2
PK9169.A	PK9169.Z	.X3
PL247.A	PL247.Z	.X
PL247.A	PL247.Z	.X2
PL248.A	PL248.Z	.X2
PL248.A	PL248.Z	.X3
PL249.A	PL249.Z	.X2
PL249.A	PL249.Z	.X3
PL2677.A	PL2677.Z	.X2
PL2677.A	PL2677.Z	.X3
PL2687.5.A	PL2687.5.Z	.X2
PL2687.5.A	PL2687.5.Z	.X3
PL2687.A	PL2687.Z	.X2
PL2687.A	PL2687.Z	.X3
PL2694.5.A	PL2694.5.Z	.X2
PL2694.5.A	PL2694.5.Z	.X3
PL2699.A	PL2699.Z	.X2
PL2699.A	PL2699.Z	.X3
PL2735.5.A	PL2735.5.Z	.X2
PL2735.5.A	PL2735.5.Z	.X3
PL2832.5.A	PL2832.5.Z	.X2
PL2832.5.A	PL2832.5.Z	.X3
PL2930.A	PL2930.Z	.X2
PL2930.A	PL2930.Z	.X3
PL3031.A	PL3031.Z	.X
PL3031.A	PL3031.Z	.X2
PL3032.A	PL3032.Z	.X
PL3032.A	PL3032.Z	.X2
PL3097.A	PL3097.Z	.X
PL3097.A	PL3097.Z	.X2
PL3119.A	PL3119.Z	.X
PL3119.A	PL3119.Z	.X2
PL3148.A	PL3148.Z	.X
PL3148.A	PL3148.Z	.X2
PL3189.5.A	PL3189.5.Z	.X
PL3189.5.A	PL3189.5.Z	.X2
PL3748.A	PL3748.Z	.X2
PL3748.A	PL3748.Z	.X3
PL3988.A	PL3988.Z	.X2
PL3988.A	PL3988.Z	.X3
PL4072.9.A	PL4072.9.Z	.X2
PL4072.9.A	PL4072.9.Z	.X3
PL419.A	PL419.Z	.X2
PL419.A	PL419.Z	.X3
PL4209.A	PL4209.Z	.X2
PL4209.A	PL4209.Z	.X3
PL4236.9.A	PL4236.9.Z	.X2
PL4236.9.A	PL4236.9.Z	.X3
PL4328.9.A	PL4328.9.Z	.X2
PL4328.9.A	PL4328.9.Z	.X3
PL4378.9.A	PL4378.9.Z	.X2
PL4378.9.A	PL4378.9.Z	.X3
PL44.9.A	PL44.9.Z	.X2
PL44.9.A	PL44.9.Z	.X3
PL4451.9.A	PL4451.9.Z	.X2
PL4451.9.A	PL4451.9.Z	.X3
PL4559.9.A	PL4559.9.Z	.X2
PL4559.9.A	PL4559.9.Z	.X3
PL4583.9.A	PL4583.9.Z	.X2
PL4583.9.A	PL4583.9.Z	.X3
PL4659.A	PL4659.Z	.X2
PL4659.A	PL4659.Z	.X3
PL4671.9.A	PL4671.9.Z	.X2
PL4671.9.A	PL4671.9.Z	.X3
PL4718.9.A	PL4718.9.Z	.X2
PL4718.9.A	PL4718.9.Z	.X3
PL4758.9.A	PL4758.9.Z	.X2
PL4758.9.A	PL4758.9.Z	.X3
PL4780.9.A	PL4780.9.Z	.X2
PL4780.9.A	PL4780.9.Z	.X3
PL5089.A	PL5089.Z	.X2
PL5089.A	PL5089.Z	.X3
PL5139.A	PL5139.Z	.X2
PL5139.A	PL5139.Z	.X3
PL5158.9.A	PL5158.9.Z	.X2
PL5158.9.A	PL5158.9.Z	.X3
PL5179.A	PL5179.Z	.X2
PL5179.A	PL5179.Z	.X3
PL53.9.A	PL53.9.Z	.X2
PL53.9.A	PL53.9.Z	.X3
PL5378.9.A	PL5378.9.Z	.X2
PL5378.9.A	PL5378.9.Z	.X3
PL54.29.A	PL54.29.Z	.X2
PL54.29.A	PL54.29.Z	.X3
PL54.69.A	PL54.69.Z	.X2
PL54.69.A	PL54.69.Z	.X3
PL5401.9.A	PL5401.9.Z	.X2
PL5401.9.A	PL5401.9.Z	.X3
PL56.9.A	PL56.9.Z	.X2
PL56.9.A	PL56.9.Z	.X3
PL5711.9.A	PL5711.9.Z	.X2
PL5711.9.A	PL5711.9.Z	.X3
PL6058.9.A	PL6058.9.Z	.X2
PL6058.9.A	PL6058.9.Z	.X3
PL6110.9.A	PL6110.9.Z	.X2
PL6110.9.A	PL6110.9.Z	.X3
PL68.9.A	PL68.9.Z	.X2
PL68.9.A	PL68.9.Z	.X3
PL72.9.A	PL72.9.Z	.X2
PL72.9.A	PL72.9.Z	.X3
PL73.9.A	PL73.9.Z	.X2
PL73.9.A	PL73.9.Z	.X3
PL76.9.A	PL76.9.Z	.X2
PL76.9.A	PL76.9.Z	.X3
PL800.A	PL800.Z	.X2
PL800.A	PL800.Z	.X3
PL8014.A	PL8014.Z	.X
PL8014.A	PL8014.Z	.X2
PL821.A	PL821.Z	.X2
PL821.A	PL821.Z	.X3
PL844.A	PL844.Z	.X2
PL844.A	PL844.Z	.X3
PL867.A	PL867.Z	.X2
PL867.A	PL867.Z	.X3
PL886.A	PL886.Z	.X
PL886.A	PL886.Z	.X2
PL887.A	PL887.Z	.X
PL887.A	PL887.Z	.X2
PL889.A	PL889.Z	.X
PL889.A	PL889.Z	.X2
PL95.9.A	PL95.9.Z	.X2
PL95.9.A	PL95.9.Z	.X3
PL986.A	PL986.Z	.X2
PL986.A	PL986.Z	.X3
PL997.5.A	PL997.5.Z	.X
PL997.5.A	PL997.5.Z	.X2
PL997.A3	PL997.Z	.X
PL997.A3	PL997.Z	.X2
PL998.A3	PL998.Z	.X
PL998.A3	PL998.Z	.X2
PM4068.9.A	PM4068.9.Z	.X2
PM4068.9.A	PM4068.9.Z	.X3
PN1992.77.A2	PN1992.77.Z	.X
PN1992.925.A	PN1992.925.Z	.X
PN1993.8.A	PN1993.8.Z	.X
PN1997.2.A	PN1997.2.Z	.X
PN2078.A	PN2078.Z	.X
PN2078.A	PN2078.Z	.X2
PN2277.A	PN2277.Z	.X
PN2306.A	PN2306.Z	.X
PN2327.A	PN2327.Z	.X
PN2332.A	PN2332.Z	.X
PN2602.A	PN2602.Z	.X
PN2605.A	PN2605.Z	.X
PN2608.A	PN2608.Z	.X
PN2616.A	PN2616.Z	.X
PN2636.A	PN2636.Z	.X
PN2656.A	PN2656.Z	.X
PN2686.A	PN2686.Z	.X
PN2926.A	PN2926.Z	.X
PN2976.A	PN2976.Z	.X
PN2986.A	PN2986.Z	.X
PN3016.A	PN3016.Z	.X
PN3169.A	PN3169.Z	.X
PN3169.A	PN3169.Z	.X2
PN3191.A	PN3191.Z	.X
PN3191.A	PN3191.Z	.X2
PN4055.A	PN4055.Z	.X
PN4055.A	PN4055.Z	.X2
PN4055.A	PN4055.Z	.X3
PN4793.A	PN4793.Z	.X
PN4793.A	PN4793.Z	.X2
PN4830.A	PN4830.Z	.X
PN4830.A	PN4830.Z	.X2
PN4899.A	PN4899.Z	.X
PN4899.A	PN4899.Z	.X2
PN4899.A	PN4899.Z	.X3
PN4899.A	PN4899.Z	.X4
PN4959.A	PN4959.Z	.X
PN4989.A	PN4989.Z	.X
PN5106.A	PN5106.Z	.X
PN5449.A	PN5449.Z	.X
PN5499.A	PN5499.Z	.X
PN5639.A	PN5639.Z	.X
PN6747.A	PN6747.Z	.X2
PN6747.A	PN6747.Z	.X3
PN6790.A	PN6790.Z	.X
PN6790.A	PN6790.Z	.X2
PN6790.A	PN6790.Z	.X3
PN6790.A	PN6790.Z	.X4
PQ3890.A	PQ3890.Z	.X
PQ3890.A	PQ3890.Z	.X2
PQ3949.2.A	PQ3949.2.Z	.X2
PQ3949.2.A	PQ3949.2.Z	.X3
PQ3949.3.A	PQ3949.3.Z	.X2
PQ3949.3.A	PQ3949.3.Z	.X3
PQ3949.A	PQ3949.Z	.X2
PQ3949.A	PQ3949.Z	.X3
PQ3959.2.A	PQ3959.2.Z	.X2
PQ3959.2.A	PQ3959.2.Z	.X3
PQ3959.3.A	PQ3959.3.Z	.X2
PQ3959.3.A	PQ3959.3.Z	.X3
PQ3959.A	PQ3959.Z	.X2
PQ3959.A	PQ3959.Z	.X3
PQ3989.2.A	PQ3989.2.Z	.X2
PQ3989.2.A	PQ3989.2.Z	.X3
PQ3989.3.A	PQ3989.3.Z	.X2
PQ3989.3.A	PQ3989.3.Z	.X3
PQ3989.A	PQ3989.Z	.X2
PQ3989.A	PQ3989.Z	.X3
PQ4245.A	PQ4245.Z	.X
PQ4328.A3	PQ4328.Z	.X
PQ4437.A5	PQ4437.Z	.X
PQ4501.A3	PQ4501.Z	.X
PQ5902.A	PQ5902.Z	.X
PQ5902.A	PQ5902.Z	.X2
PQ5902.A	PQ5902.Z	.X3
PQ5904.A	PQ5904.Z	.X
PQ5904.A	PQ5904.Z	.X2
PQ5904.A	PQ5904.Z	.X3
PQ6434.A7	PQ6434.Z	.X2
PQ6434.A7	PQ6434.Z	.X3
PQ7039.A	PQ7039.Z	.X2
PQ7039.A	PQ7039.Z	.X3
PQ7049.A	PQ7049.Z	.X2
PQ7049.A	PQ7049.Z	.X3
PQ7079.2.A	PQ7079.2.Z	.X2
PQ7079.2.A	PQ7079.2.Z	.X3
PQ7079.3.A	PQ7079.3.Z	.X2
PQ7079.3.A	PQ7079.3.Z	.X3
PQ7079.A	PQ7079.Z	.X2
PQ7079.A	PQ7079.Z	.X3
PQ7387.A	PQ7387.Z	.X
PQ7387.A	PQ7387.Z	.X2
PQ7388.A	PQ7388.Z	.X
PQ7388.A	PQ7388.Z	.X2
PQ7409.2.A	PQ7409.2.Z	.X2
PQ7409.2.A	PQ7409.2.Z	.X3
PQ7409.3.A	PQ7409.3.Z	.X2
PQ7409.3.A	PQ7409.3.Z	.X3
PQ7409.A	PQ7409.Z	.X2
PQ7409.A	PQ7409.Z	.X3
PQ7489.2.A	PQ7489.2.Z	.X2
PQ7489.2.A	PQ7489.2.Z	.X3
PQ7489.3.A	PQ7489.3.Z	.X2
PQ7489.3.A	PQ7489.3.Z	.X3
PQ7489.A	PQ7489.Z	.X2
PQ7489.A	PQ7489.Z	.X3
PQ7499.2.A	PQ7499.2.Z	.X2
PQ7499.2.A	PQ7499.2.Z	.X3
PQ7499.3.A	PQ7499.3.Z	.X2
PQ7499.3.A	PQ7499.3.Z	.X3
PQ7499.A	PQ7499.Z	.X2
PQ7499.A	PQ7499.Z	.X3
PQ7509.2.A	PQ7509.2.Z	.X2
PQ7509.2.A	PQ7509.2.Z	.X3
PQ7509.3.A	PQ7509.3.Z	.X2
PQ7509.3.A	PQ7509.3.Z	.X3
PQ7509.A	PQ7509.Z	.X2
PQ7509.A	PQ7509.Z	.X3
PQ7519.2.A	PQ7519.2.Z	.X2
PQ7519.2.A	PQ7519.2.Z	.X3
PQ7519.3.A	PQ7519.3.Z	.X2
PQ7519.3.A	PQ7519.3.Z	.X3
PQ7519.A	PQ7519.Z	.X2
PQ7519.A	PQ7519.Z	.X3
PQ7529.2.A	PQ7529.2.Z	.X2
PQ7529.2.A	PQ7529.2.Z	.X3
PQ7529.3.A	PQ7529.3.Z	.X2
PQ7529.3.A	PQ7529.3.Z	.X3
PQ7529.A	PQ7529.Z	.X2
PQ7529.A	PQ7529.Z	.X3
PQ7539.2.A	PQ7539.2.Z	.X2
PQ7539.2.A	PQ7539.2.Z	.X3
PQ7539.3.A	PQ7539.3.Z	.X2
PQ7539.3.A	PQ7539.3.Z	.X3
PQ7539.A	PQ7539.Z	.X2
PQ7539.A	PQ7539.Z	.X3
PQ7889.2.A	PQ7889.2.Z	.X2
PQ7889.2.A	PQ7889.2.Z	.X3
PQ7889.3.A	PQ7889.3.Z	.X2
PQ7889.3.A	PQ7889.3.Z	.X3
PQ7889.A	PQ7889.Z	.X2
PQ7889.A	PQ7889.Z	.X3
PQ8096.A	PQ8096.Z	.X2
PQ8096.A	PQ8096.Z	.X3
PQ8097.A	PQ8097.Z	.X2
PQ8097.A	PQ8097.Z	.X3
PQ8259.2.A	PQ8259.2.Z	.X2
PQ8259.2.A	PQ8259.2.Z	.X3
PQ8259.3.A	PQ8259.3.Z	.X2
PQ8259.3.A	PQ8259.3.Z	.X3
PQ8259.A	PQ8259.Z	.X2
PQ8259.A	PQ8259.Z	.X3
PQ8496.A	PQ8496.Z	.X2
PQ8496.A	PQ8496.Z	.X3
PQ8897.A	PQ8897.Z	.X2
PQ8897.A	PQ8897.Z	.X3
PQ9691.A	PQ9691.Z	.X
PQ9691.A	PQ9691.Z	.X2
PQ9696.A	PQ9696.Z	.X2
PQ9696.A	PQ9696.Z	.X3
PQ9697.A	PQ9697.Z	.X2
PQ9697.A	PQ9697.Z	.X3
PQ9929.A	PQ9929.Z	.X2
PQ9929.A	PQ9929.Z	.X3
PQ9939.A	PQ9939.Z	.X2
PQ9939.A	PQ9939.Z	.X3
PQ9942.9.A	PQ9942.9.Z	.X2
PQ9942.9.A	PQ9942.9.Z	.X3
PQ9959.A	PQ9959.Z	.X2
PQ9959.A	PQ9959.Z	.X3
PR1868.A	PR1868.Z	.X
PR1868.A	PR1868.Z	.X2
PR1868.A	PR1868.Z	.X3
PR2360.A	PR2360.Z	.X2
PR2360.A	PR2360.Z	.X3
PR2491.S	PR2491.Z	.X2
PR2491.S	PR2491.Z	.X3
PR2670.A	PR2670.Z	.X2
PR2670.A	PR2670.Z	.X3
PR3415.A	PR3415.Z	.X2
PR3415.A	PR3415.Z	.X3
PR3420.P	PR3420.Z	.X2
PR3420.P	PR3420.Z	.X3
PR3502.A	PR3502.Z	.X2
PR3502.A	PR3502.Z	.X3
PR3530.5.A	PR3530.5.Z	.X2
PR3530.5.A	PR3530.5.Z	.X3
PR3568.A	PR3568.Z	.X2
PR3568.A	PR3568.Z	.X3
PR3570.A	PR3570.Z	.X2
PR3570.A	PR3570.Z	.X3
PR3630.A	PR3630.Z	.X2
PR3630.A	PR3630.Z	.X3
PR3664.A	PR3664.Z	.X2
PR3664.A	PR3664.Z	.X3
PR4190.A	PR4190.Z	.X2
PR4190.A	PR4190.Z	.X3
PR4222.A	PR4222.Z	.X2
PR4222.A	PR4222.Z	.X3
PR4372.A	PR4372.Z	.X2
PR4372.A	PR4372.Z	.X3
PR4430.A	PR4430.Z	.X2
PR4430.A	PR4430.Z	.X3
PR4480.A	PR4480.Z	.X2
PR4480.A	PR4480.Z	.X3
PR4572.A	PR4572.Z	.X2
PR4572.A	PR4572.Z	.X3
PR4672.S	PR4672.Z	.X2
PR4672.S	PR4672.Z	.X3
PR4750.A	PR4750.Z	.X2
PR4750.A	PR4750.Z	.X3
PR4922.A	PR4922.Z	.X2
PR4922.A	PR4922.Z	.X3
PR5006.A	PR5006.Z	.X2
PR5006.A	PR5006.Z	.X3
PR5008.A	PR5008.Z	.X2
PR5008.A	PR5008.Z	.X3
PR5010.A	PR5010.Z	.X2
PR5010.A	PR5010.Z	.X3
PR5078.A	PR5078.Z	.X2
PR5078.A	PR5078.Z	.X3
PR5422.A	PR5422.Z	.X2
PR5422.A	PR5422.Z	.X3
PR5488.A	PR5488.Z	.X2
PR5488.A	PR5488.Z	.X3
PR5506.A	PR5506.Z	.X2
PR5506.A	PR5506.Z	.X3
PR5508.A	PR5508.Z	.X2
PR5508.A	PR5508.Z	.X3
PR5510.A	PR5510.Z	.X2
PR5510.A	PR5510.Z	.X3
PR5572.P	PR5572.Z	.X2
PR5572.P	PR5572.Z	.X3
PR5621.V	PR5621.Z	.X2
PR5621.V	PR5621.Z	.X3
PR5869.A	PR5869.Z	.X2
PR5869.A	PR5869.Z	.X3
PR5871.A	PR5871.Z	.X2
PR5871.A	PR5871.Z	.X3
PR5904.A	PR5904.Z	.X2
PR5904.A	PR5904.Z	.X3
PR6126.A	PR6126.Z	.X
PR6126.A	PR6126.Z	.X2
PR8691.A	PR8691.Z	.X
PR8691.A	PR8691.Z	.X2
PR8692.A	PR8692.Z	.X
PR8692.A	PR8692.Z	.X2
PR8693.A	PR8693.Z	.X
PR8693.A	PR8693.Z	.X2
PR8891.A	PR8891.Z	.X
PR8891.A	PR8891.Z	.X2
PR8892.A	PR8892.Z	.X
PR8892.A	PR8892.Z	.X2
PR8893.A	PR8893.Z	.X
PR8893.A	PR8893.Z	.X2
PR9115.9.A	PR9115.9.Z	.X2
PR9115.9.A	PR9115.9.Z	.X3
PR9120.9.A	PR9120.9.Z	.X2
PR9120.9.A	PR9120.9.Z	.X3
PR9130.9.A	PR9130.9.Z	.X2
PR9130.9.A	PR9130.9.Z	.X3
PR9135.9.A	PR9135.9.Z	.X2
PR9135.9.A	PR9135.9.Z	.X3
PR9145.9.A	PR9145.9.Z	.X2
PR9145.9.A	PR9145.9.Z	.X3
PR9170.A	PR9170.Z	.X
PR9170.A	PR9170.Z	.X2
PR9170.A	PR9170.Z	.X3
PR9230.9.A	PR9230.9.Z	.X2
PR9230.9.A	PR9230.9.Z	.X3
PR9265.9.A	PR9265.9.Z	.X2
PR9265.9.A	PR9265.9.Z	.X3
PR9272.9.A	PR9272.9.Z	.X2
PR9272.9.A	PR9272.9.Z	.X3
PR9379.9.A	PR9379.9.Z	.X2
PR9379.9.A	PR9379.9.Z	.X3
PR9381.9.A	PR9381.9.Z	.X2
PR9381.9.A	PR9381.9.Z	.X3
PR9384.9.A	PR9384.9.Z	.X2
PR9384.9.A	PR9384.9.Z	.X3
PR9387.9.A	PR9387.9.Z	.X2
PR9387.9.A	PR9387.9.Z	.X3
PR9390.9.A	PR9390.9.Z	.X2
PR9390.9.A	PR9390.9.Z	.X3
PR9510.9.A	PR9510.9.Z	.X2
PR9510.9.A	PR9510.9.Z	.X3
PR9520.9.A	PR9520.9.Z	.X2
PR9520.9.A	PR9520.9.Z	.X3
PR9530.9.A	PR9530.9.Z	.X2
PR9530.9.A	PR9530.9.Z	.X3
PR9550.9.A	PR9550.9.Z	.X2
PR9550.9.A	PR9550.9.Z	.X3
PR981.A	PR981.Z	.X
PR981.A	PR981.Z	.X2
PS1169.A	PS1169.Z	.X2
PS1169.A	PS1169.Z	.X3
PS1172.A	PS1172.Z	.X2
PS1172.A	PS1172.Z	.X3
PS1322.A	PS1322.Z	.X2
PS1322.A	PS1322.Z	.X3
PS1421.A7	PS1421.Z	.X2
PS1421.A7	PS1421.Z	.X3
PS1490.A	PS1490.Z	.X2
PS1490.A	PS1490.Z	.X3
PS1623.A	PS1623.Z	.X2
PS1623.A	PS1623.Z	.X3
PS1624.A5	PS1624.Z	.X2
PS1624.A5	PS1624.Z	.X3
PS1810.U	PS1810.Z	.X2
PS1810.U	PS1810.Z	.X3
PS1829.A	PS1829.Z	.X2
PS1829.A	PS1829.Z	.X3
PS1831.A	PS1831.Z	.X2
PS1831.A	PS1831.Z	.X3
PS1872.A	PS1872.Z	.X2
PS1872.A	PS1872.Z	.X3
PS1959.A	PS1959.Z	.X2
PS1959.A	PS1959.Z	.X3
PS1972.A	PS1972.Z	.X2
PS1972.A	PS1972.Z	.X3
PS2069.A	PS2069.Z	.X2
PS2069.A	PS2069.Z	.X3
PS2072.A	PS2072.Z	.X2
PS2072.A	PS2072.Z	.X3
PS2116.A	PS2116.Z	.X2
PS2116.A	PS2116.Z	.X3
PS2120.A	PS2120.Z	.X2
PS2120.A	PS2120.Z	.X3
PS2206.A	PS2206.Z	.X2
PS2206.A	PS2206.Z	.X3
PS2271.A	PS2271.Z	.X2
PS2271.A	PS2271.Z	.X3
PS2273.A	PS2273.Z	.X2
PS2273.A	PS2273.Z	.X3
PS2314.A	PS2314.Z	.X2
PS2314.A	PS2314.Z	.X3
PS2322.A	PS2322.Z	.X2
PS2322.A	PS2322.Z	.X3
PS2610.A	PS2610.Z	.X2
PS2610.A	PS2610.Z	.X3
PS2611.A	PS2611.Z	.X2
PS2611.A	PS2611.Z	.X3
PS2618.A	PS2618.Z	.X2
PS2618.A	PS2618.Z	.X3
PS2622.A	PS2622.Z	.X2
PS2622.A	PS2622.Z	.X3
PS2986.A	PS2986.Z	.X2
PS2986.A	PS2986.Z	.X3
PS2988.A	PS2988.Z	.X2
PS2988.A	PS2988.Z	.X3
PS2990.A	PS2990.Z	.X2
PS2990.A	PS2990.Z	.X3
PS3222.A	PS3222.Z	.X2
PS3222.A	PS3222.Z	.X3
PS3272.A	PS3272.Z	.X2
PS3272.A	PS3272.Z	.X3
PT149.A3	PT149.Z	.X
PT2451.A6	PT2451.Z	.X2
PT2451.A6	PT2451.Z	.X3
PT3802.8.A	PT3802.8.Z	.X
PT3802.8.A	PT3802.8.Z	.X2
PT3804.8.A	PT3804.8.Z	.X
PT3804.8.A	PT3804.8.Z	.X2
PT3807.A	PT3807.Z	.X
PT3807.A	PT3807.Z	.X2
PT5901.A	PT5901.Z	.X
PT5901.A	PT5901.Z	.X2
PT5902.A	PT5902.Z	.X
PT5902.A	PT5902.Z	.X2
PT5903.A	PT5903.Z	.X
PT5903.A	PT5903.Z	.X2
PT5906.A	PT5906.Z	.X
PT5906.A	PT5906.Z	.X2
PT5907.A	PT5907.Z	.X
PT5907.A	PT5907.Z	.X2
PT5928.A	PT5928.Z	.X
PT5928.A	PT5928.Z	.X2
PT5948.A	PT5948.Z	.X
PT5948.A	PT5948.Z	.X2
PT5972.A	PT5972.Z	.X
PT5972.A	PT5972.Z	.X2
PT5980.A	PT5980.Z	.X
PT5980.A	PT5980.Z	.X2
PT7237.A	PT7237.Z	.X2
PT7237.A	PT7237.Z	.X3
PT7690.A	PT7690.Z	.X
PT8205.A	PT8205.Z	.X
PT8205.A	PT8205.Z	.X2
PT8206.A	PT8206.Z	.X
PT8206.A	PT8206.Z	.X2
PT8207.A	PT8207.Z	.X
PT8207.A	PT8207.Z	.X2
PT8228.A	PT8228.Z	.X
PT8228.A	PT8228.Z	.X2
PT8248.A	PT8248.Z	.X
PT8248.A	PT8248.Z	.X2
PT8260.A	PT8260.Z	.X
PT8260.A	PT8260.Z	.X2
PT8882.A	PT8882.Z	.X2
PT8882.A	PT8882.Z	.X3
PT9100.A	PT9100.Z	.X
PT9100.A	PT9100.Z	.X2
PT9101.A	PT9101.Z	.X
PT9101.A	PT9101.Z	.X2
PT9102.A	PT9102.Z	.X
PT9102.A	PT9102.Z	.X2
PT9148.A	PT9148.Z	.X
PT9148.A	PT9148.Z	.X2
PT9155.A	PT9155.Z	.X
PT9155.A	PT9155.Z	.X2
PT9297.A	PT9297.Z	.X
PT9767.A	PT9767.Z	.X2
PT9767.A	PT9767.Z	.X3
PT9950.A	PT9950.Z	.X
PT9950.A	PT9950.Z	.X2
PT9951.A	PT9951.Z	.X
PT9951.A	PT9951.Z	.X2
PT9952.A	PT9952.Z	.X
PT9952.A	PT9952.Z	.X2
PT9975.A	PT9975.Z	.X
PT9975.A	PT9975.Z	.X2
PT9994.A	PT9994.Z	.X
PT9994.A	PT9994.Z	.X2
Q105.A2	Q105.Z	.X
Q180.6.A	Q180.6.Z	.X
Q183.3.A2	Q183.3.Z	.X
Q183.4.A	Q183.4.Z	.X
Q183.A3	Q183.Z	.X
Q224.3.A	Q224.3.Z	.X
QA13.5.A	QA13.5.Z	.X
QA14.A	QA14.Z	.X
QB2.A2	QB2.Z	.X
QB479.A5	QB479.Z	.X
QB71.A	QB71.Z	.X
QB82.A	QB82.Z	.X
QC228.A3	QC228.Z	.X
QC45.A	QC45.Z	.X
QC47.A	QC47.Z	.X
QC51.A3	QC51.Z	.X
QC541.A3	QC541.Z	.X
QC60.A2	QC60.Z	.X
QC789.2.A3	QC789.2.Z	.X
QC808.A5	QC808.Z	.X
QC81.5.A2	QC81.5.Z	.X
QC818.A5	QC818.Z	.X
QC875.A5	QC875.Z	.X
QC876.7.A2	QC876.7.Z	.X
QC879.562.A2	QC879.562.Z	.X
QC89.A	QC89.Z	.X
QC92.A	QC92.Z	.X
QC925.2.A3	QC925.2.Z	.X
QC925.3.A3	QC925.3.Z	.X
QC925.4.A3	QC925.4.Z	.X
QC925.5.A3	QC925.5.Z	.X
QC925.6.A3	QC925.6.Z	.X
QC925.65.A3	QC925.65.Z	.X
QC925.8.A3	QC925.8.Z	.X
QC926.44.A	QC926.44.Z	.X
QC926.45.A	QC926.45.Z	.X
QC926.56.A	QC926.56.Z	.X
QC926.57.A	QC926.57.Z	.X
QC929.27.A	QC929.27.Z	.X
QC929.28.A	QC929.28.Z	.X
QC984.A	QC984.Z	.X
QC985.5.A	QC985.5.Z	.X
QC986.A3	QC986.Z	.X
QC987.A3	QC987.Z	.X
QC988.A3	QC988.Z	.X
QC989.A3	QC989.Z	.X
QC990.A3	QC990.Z	.X
QC991.A3	QC991.Z	.X
QD2.A2	QD2.Z	.X
QD47.5.A	QD47.5.Z	.X
QD49.A	QD49.Z	.X
QD51.5.A	QD51.5.Z	.X
QD558.2.A	QD558.2.Z	.X
QD604.85.A	QD604.85.Z	.X
QE366.16.A	QE366.16.Z	.X
QE386.A2	QE386.Z	.X
QE442.A2	QE442.Z	.X
QE47.A2	QE47.Z	.X
QE48.A	QE48.Z	.X
QE49.A3	QE49.Z	.X
QE51.A2	QE51.Z	.X
QE540.A5	QE540.Z	.X
QE716.A2	QE716.Z	.X
QE861.8.A	QE861.8.Z	.X
QE861.9.A	QE861.9.Z	.X
QE908.A2	QE908.Z	.X
QH303.4.A	QH303.4.Z	.X
QH323.A	QH323.Z	.X
QH440.8.A	QH440.8.Z	.X
QH70.A2	QH70.Z	.X
QH90.65.A	QH90.65.Z	.X
QH90.7.A2	QH90.7.Z	.X
QH91.65.A	QH91.65.Z	.X
QH91.7.A2	QH91.7.Z	.X
QH96.65.A	QH96.65.Z	.X
QH96.7.A2	QH96.7.Z	.X
QK480.A	QK480.Z	.X
QK600.53.A	QK600.53.Z	.X
QK600.73.A	QK600.73.Z	.X
QK73.A	QK73.Z	.X
QK78.5.A	QK78.5.Z	.X
QK79.5.A	QK79.5.Z	.X
QL69.A3	QL69.Z	.X
QL71.A2	QL71.Z	.X
QL73.A2	QL73.Z	.X
QL76.5.A	QL76.5.Z	.X
QL79.A	QL79.Z	.X
QL814.A2	QL814.Z	.X
QM33.2.A	QM33.2.Z	.X
QM33.3.A	QM33.3.Z	.X
QM43.A	QM43.Z	.X
QM51.A2	QM51.Z	.X
QP53.A	QP53.Z	.X
QR380.A3	QR380.Z	.X
QR64.A3	QR64.Z	.X
R575.A	R575.Z	.X
R575.A	R575.Z	.X2
R644.A	R644.Z	.X
R644.A	R644.Z	.X2
R655.A	R655.Z	.X
R655.A	R655.Z	.X2
R804.A	R804.Z	.X
R804.A	R804.Z	.X2
R804.A	R804.Z	.X3
R821.A	R821.Z	.X
R821.A	R821.Z	.X2
R821.A	R821.Z	.X3
R824.A	R824.Z	.X
R824.A	R824.Z	.X2
R824.A	R824.Z	.X3
RA1042.2.A	RA1042.2.Z	.X
RA413.5.A	RA413.5.Z	.X
RA416.5.A	RA416.5.Z	.X
RA438.A	RA438.Z	.X
RA440.3.A	RA440.3.Z	.X
RA440.7.A	RA440.7.Z	.X
RA523.A	RA523.Z	.X
RA552.6.A	RA552.6.Z	.X
RA552.A	RA552.Z	.X
RA558.A	RA558.Z	.X
RA621.A	RA621.Z	.X
RA621.A	RA621.Z	.X2
RA630.A	RA630.Z	.X2
RA643.86.A	RA643.86.Z	.X
RA650.55.A	RA650.55.Z	.X
RA650.6.A2	RA650.6.Z	.X
RA650.7.A2	RA650.7.Z	.X
RA650.8.A2	RA650.8.Z	.X
RA650.9.A2	RA650.9.Z	.X
RA807.A	RA807.Z	.X
RA982.A	RA982.Z	.X
RA983.A5	RA983.Z	.X
RA984.5.A	RA984.5.Z	.X
RA984.5.A	RA984.5.Z	.X2
RA984.A	RA984.Z	.X
RA984.A	RA984.Z	.X2
RA988.A	RA988.Z	.X
RA989.A	RA989.Z	.X
RA989.A	RA989.Z	.X2
RA990.A2	RA990.Z	.X
RA990.A2	RA990.Z	.X2
RA991.A2	RA991.Z	.X
RA991.A2	RA991.Z	.X2
RA992.A2	RA992.Z	.X
RA992.A2	RA992.Z	.X2
RA993.A2	RA993.Z	.X
RA993.A2	RA993.Z	.X2
RA995.5.A2	RA995.5.Z	.X
RA996.A	RA996.Z	.X
RC132.A	RC132.Z	.X
RC133.A2	RC133.Z	.X
RC134.A	RC134.Z	.X
RC138.55.A	RC138.55.Z	.X
RC138.6.A	RC138.6.Z	.X
RC138.7.A	RC138.7.Z	.X
RC138.8.A	RC138.8.Z	.X
RC138.9.A	RC138.9.Z	.X
RC150.55.A	RC150.55.Z	.X
RC150.6.A2	RC150.6.Z	.X
RC150.7.A2	RC150.7.Z	.X
RC150.8.A2	RC150.8.Z	.X
RC150.9.A2	RC150.9.Z	.X
RC154.5.A3	RC154.5.Z	.X
RC154.55.A	RC154.55.Z	.X
RC154.6.A2	RC154.6.Z	.X
RC154.7.A2	RC154.7.Z	.X
RC154.8.A2	RC154.8.Z	.X
RC154.9.A2	RC154.9.Z	.X
RC162.A	RC162.Z	.X
RC163.A2	RC163.Z	.X
RC164.A2	RC164.Z	.X
RC165.A2	RC165.Z	.X
RC166.A2	RC166.Z	.X
RC177.A	RC177.Z	.X
RC178.A2	RC178.Z	.X
RC179.A	RC179.Z	.X
RC181.A	RC181.Z	.X
RC193.A	RC193.Z	.X
RC194.A2	RC194.Z	.X
RC195.A2	RC195.Z	.X
RC196.A2	RC196.Z	.X
RC197.A2	RC197.Z	.X
RC199.55.A	RC199.55.Z	.X
RC199.6.A2	RC199.6.Z	.X
RC199.7.A2	RC199.7.Z	.X
RC199.8.A2	RC199.8.Z	.X
RC199.9.A2	RC199.9.Z	.X
RC201.55.A	RC201.55.Z	.X
RC201.6.A2	RC201.6.Z	.X
RC201.63.A2	RC201.63.Z	.X
RC201.65.A2	RC201.65.Z	.X
RC201.67.A2	RC201.67.Z	.X
RC212.A	RC212.Z	.X
RC213.A2	RC213.Z	.X
RC214.A2	RC214.Z	.X
RC215.A2	RC215.Z	.X
RC216.A2	RC216.Z	.X
RC314.5.A	RC314.5.Z	.X
RC315.A	RC315.Z	.X
RC316.A2	RC316.Z	.X
RC317.A2	RC317.Z	.X
RC318.A2	RC318.Z	.X
RC320.A2	RC320.Z	.X
RC445.A	RC445.Z	.X
RC445.A	RC445.Z	.X2
RC448.A	RC448.Z	.X
RC448.A	RC448.Z	.X2
RD705.5.A2	RD705.5.Z	.X
RD706.A2	RD706.Z	.X
RF33.A	RF33.Z	.X
RG144.A2	RG144.Z	.X
RG145.A2	RG145.Z	.X
RG146.A2	RG146.Z	.X
RG147.A2	RG147.Z	.X
RG21.2.A	RG21.2.Z	.X
RG503.2.A	RG503.2.Z	.X
RG530.3.A	RG530.3.Z	.X
RG627.2.A	RG627.2.Z	.X
RG632.A	RG632.Z	.X
RG698.A	RG698.Z	.X
RG963.A2	RG963.Z	.X
RG964.A2	RG964.Z	.X
RG965.A2	RG965.Z	.X
RG966.A2	RG966.Z	.X
RG968.A2	RG968.Z	.X
RG983.A2	RG983.Z	.X
RG985.A2	RG985.Z	.X
RG986.A2	RG986.Z	.X
RG987.A2	RG987.Z	.X
RG989.A2	RG989.Z	.X
RJ33.2.A	RJ33.2.Z	.X
RJ60.A	RJ60.Z	.X
RK10.A	RK10.Z	.X
RK11.A	RK11.Z	.X
RK113.A	RK113.Z	.X
RK12.A	RK12.Z	.X
RK13.A	RK13.Z	.X
RK15.A	RK15.Z	.X
RK184.A	RK184.Z	.X
RK207.A	RK207.Z	.X
RK221.A	RK221.Z	.X
RK231.A	RK231.Z	.X
RK34.A	RK34.Z	.X
RK69.A	RK69.Z	.X
RK8.A	RK8.Z	.X
RK9.A	RK9.Z	.X
RL47.A	RL47.Z	.X
RS11.5.A	RS11.5.Z	.X
RS115.A	RS115.Z	.X
RS118.A2	RS118.Z	.X
RS119.A2	RS119.Z	.X
RS12.A	RS12.Z	.X
RS120.A2	RS120.Z	.X
RS121.A2	RS121.Z	.X
RS123.A3	RS123.Z	.X
RS14.A	RS14.Z	.X
RS15.A	RS15.Z	.X
RS17.A	RS17.Z	.X
RS6.A	RS6.Z	.X
RS67.A	RS67.Z	.X
RS7.A	RS7.Z	.X
RS8.A	RS8.Z	.X
RT12.A	RT12.Z	.X
RT13.A2	RT13.Z	.X
RT14.A2	RT14.Z	.X
RT7.A	RT7.Z	.X
RT8.A2	RT8.Z	.X
RT80.A	RT80.Z	.X
RT81.A	RT81.Z	.X
RX101.A	RX101.Z	.X
RZ205.A	RZ205.Z	.X
S469.A	S469.Z	.X
S471.A	S471.Z	.X
S473.A	S473.Z	.X
S475.A	S475.Z	.X
S476.A2	S476.Z	.X
S477.A2	S477.Z	.X
S478.A2	S478.Z	.X
S541.5.A	S541.5.Z	.X
S542.A	S542.Z	.X
S549.A2	S549.Z	.X
S555.A	S555.Z	.X
S557.A	S557.Z	.X
S587.34.A	S587.34.Z	.X
S591.85.A	S591.85.Z	.X
S599.23.A3	S599.23.Z	.X
S599.25.A3	S599.25.Z	.X
S599.3.A3	S599.3.Z	.X
S599.35.A3	S599.35.Z	.X
S599.4.A3	S599.4.Z	.X
S599.5.A3	S599.5.Z	.X
S599.55.A3	S599.55.Z	.X
S599.6.A3	S599.6.Z	.X
S599.8.A	S599.8.Z	.X
S678.A2	S678.Z	.X
S924.A2	S924.Z	.X
SB114.A4	SB114.Z	.X
SB118.74.A	SB118.74.Z	.X
SB317.75.A	SB317.75.Z	.X
SB317.76.A	SB317.76.Z	.X
SB354.486.A	SB354.486.Z	.X
SB415.83.A	SB415.83.Z	.X
SB415.84.A	SB415.84.Z	.X
SB435.52.A	SB435.52.Z	.X
SB435.6.A	SB435.6.Z	.X
SB441.73.A	SB441.73.Z	.X
SB441.75.A	SB441.75.Z	.X
SB466.A	SB466.Z	.X
SB482.A5	SB482.Z	.X
SB52.A	SB52.Z	.X
SB60.A2	SB60.Z	.X
SB85.A	SB85.Z	.X
SB87.A	SB87.Z	.X
SB950.73.A	SB950.73.Z	.X
SD254.A	SD254.Z	.X
SD286.6.A	SD286.6.Z	.X
SD327.A	SD327.Z	.X
SD345.A	SD345.Z	.X
SD352.6.A	SD352.6.Z	.X
SD352.A	SD352.Z	.X
SD355.A	SD355.Z	.X
SD356.52.A	SD356.52.Z	.X
SD356.54.A	SD356.54.Z	.X
SD356.72.A	SD356.72.Z	.X
SD357.A2	SD357.Z	.X
SD358.A2	SD358.Z	.X
SF114.A2	SF114.Z	.X
SF117.65.A	SF117.65.Z	.X
SF117.7.A	SF117.7.Z	.X
SF243.5.A	SF243.5.Z	.X
SF245.A	SF245.Z	.X
SF278.73.A	SF278.73.Z	.X
SF295.15.A	SF295.15.Z	.X
SF295.17.A	SF295.17.Z	.X
SF310.A3	SF310.Z	.X
SF425.16.A	SF425.16.Z	.X
SF425.18.A	SF425.18.Z	.X
SF445.33.A	SF445.33.Z	.X
SF445.35.A	SF445.35.Z	.X
SF483.43.A	SF483.43.Z	.X
SF483.45.A	SF483.45.Z	.X
SF531.42.A	SF531.42.Z	.X
SF542.75.A	SF542.75.Z	.X
SF604.62.A	SF604.62.Z	.X
SF604.63.A	SF604.63.Z	.X
SF606.A2	SF606.Z	.X
SF756.36.A	SF756.36.Z	.X
SF756.37.A	SF756.37.Z	.X
SF83.A	SF83.Z	.X
SK276.A2	SK276.Z	.X
SK287.A	SK287.Z	.X
T12.3.A	T12.3.Z	.X
T12.5.A	T12.5.Z	.X
T183.A	T183.Z	.X
T23.A3	T23.Z	.X
T29.A3	T29.Z	.X
TA1006.A2	TA1006.Z	.X
TA401.6.A2	TA401.6.Z	.X
TA523.A3	TA523.Z	.X
TA529.A3	TA529.Z	.X
TA592.6.A	TA592.6.Z	.X
TA6.A2	TA6.Z	.X
TA705.4.A	TA705.4.Z	.X
TA710.4.A	TA710.4.Z	.X
TC558.A	TC558.Z	.X
TC6.A2	TC6.Z	.X
TC978.A	TC978.Z	.X
TD1042.A	TD1042.Z	.X
TD1045.A	TD1045.Z	.X
TD157.3.A	TD157.3.Z	.X
TD157.4.A	TD157.4.Z	.X
TD171.3.A	TD171.3.Z	.X
TD171.5.A	TD171.5.Z	.X
TD178.8.A2	TD178.8.Z	.X
TD181.A	TD181.Z	.X
TD182.4.A	TD182.4.Z	.X
TD182.7.A	TD182.7.Z	.X
TD183.5.A	TD183.5.Z	.X
TD184.5.A	TD184.5.Z	.X
TD185.5.A	TD185.5.Z	.X
TD186.5.A	TD186.5.Z	.X
TD187.5.A	TD187.5.Z	.X
TD188.5.A	TD188.5.Z	.X
TD189.5.A	TD189.5.Z	.X
TD194.56.A	TD194.56.Z	.X
TD194.58.A	TD194.58.Z	.X
TD194.66.A	TD194.66.Z	.X
TD194.68.A	TD194.68.Z	.X
TD195.52.A	TD195.52.Z	.X
TD195.54.A	TD195.54.Z	.X
TD6.A2	TD6.Z	.X
TD788.4.A	TD788.4.Z	.X
TD789.A	TD789.Z	.X
TD883.5.A	TD883.5.Z	.X
TD883.7.A	TD883.7.Z	.X
TD898.13.A	TD898.13.Z	.X
TE6.A2	TE6.Z	.X
TF6.A2	TF6.Z	.X
TF704.A2	TF704.Z	.X
TG6.A2	TG6.Z	.X
TH6.A2	TH6.Z	.X
TH9114.A2	TH9114.Z	.X
TH9505.A	TH9505.Z	.X01
TH9505.A	TH9505.Z	.X02
TH9505.A	TH9505.Z	.X03
TH9505.A	TH9505.Z	.X04
TH9505.A	TH9505.Z	.X05
TH9505.A	TH9505.Z	.X06
TH9505.A	TH9505.Z	.X065
TH9505.A	TH9505.Z	.X068
TH9505.A	TH9505.Z	.X07
TH9505.A	TH9505.Z	.X071
TH9505.A	TH9505.Z	.X074
TH9505.A	TH9505.Z	.X077
TH9505.A	TH9505.Z	.X08
TH9505.A	TH9505.Z	.X09
TJ1503.A2	TJ1503.Z	.X
TJ163.155.A2	TJ163.155.Z	.X
TJ6.A2	TJ6.Z	.X
TJ603.4.A	TJ603.4.Z	.X
TJ619.4.A	TJ619.4.Z	.X
TJ809.5.A	TJ809.5.Z	.X
TK5101.5.A2	TK5101.5.Z	.X
TK5107.5.A2	TK5107.5.Z	.X
TK6.A2	TK6.Z	.X
TK6005.5.A2	TK6005.5.Z	.X
TK7802.A2	TK7802.Z	.X
TK9007.A2	TK9007.Z	.X
TL4027.A	TL4027.Z	.X
TL506.A2	TL506.Z	.X
TL7.A2	TL7.Z	.X
TL726.5.A2	TL726.5.Z	.X
TL726.6.A2	TL726.6.Z	.X
TL726.7.A2	TL726.7.Z	.X
TL726.8.A2	TL726.8.Z	.X
TL789.8.A	TL789.8.Z	.X
TL796.5.A	TL796.5.Z	.X
TN404.A	TN404.Z	.X
TN405.A4	TN405.Z	.X
TN406.A4	TN406.Z	.X
TN407.A4	TN407.Z	.X
TN408.A4	TN408.Z	.X
TN414.A	TN414.Z	.X
TN415.A4	TN415.Z	.X
TN416.A4	TN416.Z	.X
TN417.A4	TN417.Z	.X
TN418.A4	TN418.Z	.X
TN424.A	TN424.Z	.X
TN425.A4	TN425.Z	.X
TN426.A4	TN426.Z	.X
TN427.A4	TN427.Z	.X
TN428.A4	TN428.Z	.X
TN434.A	TN434.Z	.X
TN435.A4	TN435.Z	.X
TN436.A4	TN436.Z	.X
TN437.A4	TN437.Z	.X
TN438.A4	TN438.Z	.X
TN444.A	TN444.Z	.X
TN445.A4	TN445.Z	.X
TN446.A4	TN446.Z	.X
TN447.A4	TN447.Z	.X
TN448.A4	TN448.Z	.X
TN454.A	TN454.Z	.X
TN455.A4	TN455.Z	.X
TN456.A4	TN456.Z	.X
TN457.A4	TN457.Z	.X
TN458.A4	TN458.Z	.X
TN464.A	TN464.Z	.X
TN465.A4	TN465.Z	.X
TN466.A4	TN466.Z	.X
TN467.A4	TN467.Z	.X
TN468.A4	TN468.Z	.X
TN474.A	TN474.Z	.X
TN475.A4	TN475.Z	.X
TN476.A4	TN476.Z	.X
TN477.A4	TN477.Z	.X
TN478.A4	TN478.Z	.X
TN484.A	TN484.Z	.X
TN485.A4	TN485.Z	.X
TN486.A4	TN486.Z	.X
TN487.A4	TN487.Z	.X
TN488.A4	TN488.Z	.X
TN6.A2	TN6.Z	.X
TN704.A	TN704.Z	.X
TN799.7.A	TN799.7.Z	.X
TN806.A	TN806.Z	.X
TN859.A	TN859.Z	.X
TN873.A	TN873.Z	.X
TN874.A4	TN874.Z	.X
TN876.A4	TN876.Z	.X
TN877.A4	TN877.Z	.X
TN878.A6	TN878.Z	.X
TN882.A	TN882.Z	.X
TN897.A	TN897.Z	.X
TN903.A	TN903.Z	.X
TN914.A	TN914.Z	.X
TN927.A	TN927.Z	.X
TN928.A3	TN928.Z	.X
TN929.1.A3	TN929.1.Z	.X
TN929.3.A3	TN929.3.Z	.X
TN929.7.A3	TN929.7.Z	.X
TN943.A	TN943.Z	.X
TP1107.A2	TP1107.Z	.X
TP502.A2	TP502.Z	.X
TP6.A2	TP6.Z	.X
TP702.A2	TP702.Z	.X
TP731.A	TP731.Z	.X
TP733.A	TP733.Z	.X
TP735.A	TP735.Z	.X
TP737.A	TP737.Z	.X
TP787.A2	TP787.Z	.X
TP846.A2	TP846.Z	.X
TR6.A2	TR6.Z	.X
TR645.A	TR645.Z	.X
TR646.A	TR646.Z	.X
TS1083.A2	TS1083.Z	.X
TS1306.A2	TS1306.Z	.X
TS1557.A2	TS1557.Z	.X
TS1606.A2	TS1606.Z	.X
TS1646.A2	TS1646.Z	.X
TS1774.A2	TS1774.Z	.X
TS1872.A2	TS1872.Z	.X
TS1971.A	TS1971.Z	.X
TS2003.A2	TS2003.Z	.X
TS2123.A2	TS2123.Z	.X
TS2135.A	TS2135.Z	.X
TS2181.A2	TS2181.Z	.X
TS300.5.A2	TS300.5.Z	.X
TS511.A	TS511.Z	.X
TS532.2.A2	TS532.2.Z	.X
TS541.A2	TS541.Z	.X
TS882.A2	TS882.Z	.X
TS943.A2	TS943.Z	.X
TT162.A2	TT162.Z	.X
TT496.A	TT496.Z	.X
TT6.A2	TT6.Z	.X
TT769.A	TT769.Z	.X
TT819.A	TT819.Z	.X
TT919.7.A	TT919.7.Z	.X
TX336.5.A	TX336.5.Z	.X
TX337.A	TX337.Z	.X
TX360.A	TX360.Z	.X
TX6.A2	TX6.Z	.X
TX907.3.A	TX907.3.Z	.X
TX907.5.A	TX907.5.Z	.X
TX909.2.A	TX909.2.Z	.X
U13.A2	U13.Z	.X
U57.A	U57.Z	.X
U59.A	U59.Z	.X
U804.A2	U804.Z	.X
UB271.A	UB271.Z	.X
UG6.A2	UG6.Z	.X
UG623.3.A2	UG623.3.Z	.X
UG635.A	UG635.Z	.X
UG639.A	UG639.Z	.X
UH206.A2	UH206.Z	.X
UH398.5.A	UH398.5.Z	.X
UH399.A	UH399.Z	.X
V13.A2	V13.Z	.X
V453.A	V453.Z	.X
V458.A	V458.Z	.X
V64.A	V64.Z	.X
VF6.A2	VF6.Z	.X
VK369.8.A	VK369.8.Z	.X
VK597.A	VK597.Z	.X
VK597.A	VK597.Z	.X2
VK6.A2	VK6.Z	.X
VM6.A2	VM6.Z	.X
Z106.5.A	Z106.5.Z	.X
Z1209.2.A	Z1209.2.Z	.X
Z5313.A	Z5313.Z	.X
Z6027.A	Z6027.Z	.X
Z6034.A	Z6034.Z	.X
Z6621.A	Z6621.Z	.X
Z672.13.A	Z672.13.Z	.X
Z674.83.A	Z674.83.Z	.X
Z7165.A	Z7165.Z	.X
Z8.A	Z8.Z	.X
Z997.2.A	Z997.2.Z	.X
ZA3159.A	ZA3159.Z	.X
ZA4082.A	ZA4082.Z	.X
