B5000	B5289.2
BD300	BD450
BF39	BF39.2
BF455	BF463
BF531	BF593
BF636.5	BF636.7
BF721	BF723
BF81	BF107
BR118	BR119.2
BR1640	BR1643
BX800	BX4794
CB3	CB481
D13	D15
D16.7	D16.9
D17	D24.5
D203.2	D475
D25	D25.9
D51	D95
DG11	DG980.2
E16	E18.85
G575	G597
GE40	GE45
GN562	GN564
GN575	GN585
GN625	GN635
GN643	GN661
GV557	GV558
GV561	GV1198.995
H61	H61.62
H96	H97.7
HB1	HB846.8
HB139	HB141
HB1951	HB2577
HB90	HB99.722
HC121	HC239.5
HC411	HC495
HC471	HC480
HC800	HC1085
HD1401	HD2210.2
HD2741	HD2749
HD62.4	HD62.45
HD75	HD75.9
HD87	HD87.55
HD9696.2	HD9696.82
HD9980	HD9990
HF1351	HF1647
HF4999.2	HF6182
HF54.5	HF54.56
HF5601	HF5688
HG3879	HG3898
HM1121	HM1126
HM1206	HM1211
HM206	HM208
HM24	HM37
HM401	HM1281
HM716	HM753.2
HM721	HM726
HM742	HM743
HM821	HM821.17
HM846	HM851
HM856	HM861
HN8	HN19
HQ1180	HQ1186
HQ1190	HQ1194
HT111	HT150
HV40	HV69.2
HV549	HV550
HV6437	HV6453
HV701	HV1420.52
JA85	JA85.2
JC11	JC607
JC421	JC472.2
JF1001	JF1048.52
JL950	JL969
JN1	JN9692.2
JN2301	JN3009.22
JN26	JN50
JQ1	JQ1852
JZ1317.5	JZ1324
JZ2	JZ6530
JZ5509.2	JZ6300
JZ6378	JZ6405
K2201	K2385.2
K3236	K3268.5
K3538	K3544
K3581	K3598.22
K366	K380.22
K4240	K4343
K7000	K7720.22
KNS1	KNS4999
KU1	KU4999
KVC1	KVC999
KZA1002	KZA5205
L1	L991
LA1	LA2396
LB1	LB3640
LB1024.2	LB1050.75
LB1028.43	LB1028.75
LB2300	LB2799.3
LB2395	LB2395.4
LC46	LC46.8
LC71	LC188
N7629	N7639
NA2850	NA2853
NC1765	NC1766
NX1	NX8
P101	P120
P115	P115.5
P117	P117.5
P129	P138.7222
P140	P143.3
P151	P152
P215	P240
P241	P259
P291	P298
P35	P35.5
P37	P37.5
P40	P40.5
P409	P410
P51	P59.4
P94.6	P94.65
PD73	PD780
PG2001	PG2827
PJ3001	PJ3095
PJ305.2	PJ489
PL5021	PL6571
PN1010	PN1551
PN171.4	PN239
PN2100	PN2193
PN750	PN759
PN760.5	PN769
PN770	PN779
PN843	PN846
Q175.4	Q175.55
Q334	Q342
QA150	QA272
QA164	QA167.2
QA166	QA166.247
QA172	QA172.4
QA174	QA183
QA184	QA205
QA21	QA27
QA241	QA247.5
QA247	QA247.45
QA252	QA252.5
QA269	QA272
QA276	QA280
QA297	QA299.4
QA312	QA312.5
QA315	QA316
QA319	QA329.9
QA329	QA329.9
QA331	QA355
QA370	QA380
QA401	QA425
QA402	QA402.37
QA402.3	QA402.37
QA402.5	QA402.6
QA403	QA403.3
QA403.5	QA404.5
QA404.7	QA405
QA451	QA469
QA564	QA609
QA611	QA614.97
QA612	QA612.8
QA613	QA613.8
QA614	QA614.97
QA639.5	QA640.7
QA641	QA670
QA76.6	QA76.66
QA76.7	QA76.73
QA8	QA10.4
QA8.9	QA10.3
QB495	QB500.269
QB600	QB701
QC138	QC168.86
QC173.45	QC173.458
QC173.5	QC173.65
QC173.96	QC174.52
QC174.45	QC174.52
QC174.7	QC175.36
QC176	QC176.9
QC19.2	QC20.85
QC277.9	QC278.6
QC319.8	QC338.5
QC610.9	QC611.8
QC611.9	QC611.98
QC630	QC648
QC71.82	QC73.8
QC764.5	QC766
QC790.95	QC791.8
QC902.8	QC903.2
QD11	QD18
QD320	QD327
QD380	QD388
QD410	QD412.5
QD431	QD431.7
QD433	QD436
QD450	QD882
QD551	QD578
QD601	QD607
QD8	QD9.3
QD95	QD96
QE471	QE471.15
QE514	QE516.5
QH301	QH705
QH324.2	QH324.25
QH327	QH328
QH601	QH602
QH631	QH647
QH75	QH77
QK101	QK474.5
QK474.8	QK493.5
QK600	QK638
QK861	QK899
QL351	QL352
QL81.5	QL84.7
QP171	QP177
QP34	QP38
QP360	QP360.7
QP82	QP82.2
QR186.7	QR186.85
QR189	QR189.5
QR251	QR255
QR74.8	QR99.5
R723	R723.7
R724	R726.2
R735	R845
RA648.5	RA654
RA791	RA954.22
RA971.3	RA971.32
RB155	RB155.8
RC1	RC1245
RC261	RC271
RC321	RC580
RC346	RC429.2
RC423	RC428.8
RC434.2	RC574
RC475	RC489.2
RC583	RC598
RC648	RC665.2
RC666	RC701.2
RC681	RC688.2
RC864	RC866
RC870	RC923.2
RC875	RC899.5
RC902	RC918
RC927	RC927.5
RC960	RC962
RC963	RC969.2
RD137	RD139
RD33.55	RD33.57
RD535.7	RD539.5
RD540	RD548.2
RD592.5	RD596
RD597	RD598.7
RD598.5	RD598.7
RF51	RF52
RG499.2	RG991
RJ101	RJ104.2
RM171	RM174
RM315	RM334
RM695	RM950
RM735	RM735.7
RM845	RM862.5
RM930	RM950
RT71	RT81
RZ201	RZ275.2
SB123	SB123.5
SB469	SB476.422
T14.7	T33
TA157	TA158.3
TA1637	TA1638
TA1671	TA1707
TA1750	TA1750.22
TA342	TA343
TA345	TA345.5
TA352	TA356
TA357	TA359
TA365	TA367.5
TA405	TA409.3
TA418.7	TA418.76
TA459	TA492
TA640	TA643
TA703	TA705.4
TA775	TA787
TD201	TD500.2
TD881	TD890
TD891	TD894
TH9111	TH9745
TJ1075	TJ1081
TJ210.2	TJ211.495
TK5105.5	TK5105.9
TK7867	TK7867.5
TK7876	TK7876.42
TL1	TL4
TL1	TL483
TL787	TL4050.22
TP807	TP823
TS171	TS171.6
TS800	TS915
Z4	Z15.2
Z5630	Z5635
Z664.2	Z718.85
