country,code,hits,destination
France,DC611.A556,100,unified:3754b57e-8d6a-5d89-b8bd-cedbb34ef143
France,DC611.I27,79,unified:3754b57e-8d6a-5d89-b8bd-cedbb34ef143
France,DC801.N72,57,unified:3754b57e-8d6a-5d89-b8bd-cedbb34ef143
France,DC611.C52,49,unified:3754b57e-8d6a-5d89-b8bd-cedbb34ef143
France,DC611.V357,26,unified:3754b57e-8d6a-5d89-b8bd-cedbb34ef143
France,DC611.I3,24,unified:3754b57e-8d6a-5d89-b8bd-cedbb34ef143
France,DC801.C24,21,unified:3754b57e-8d6a-5d89-b8bd-cedbb34ef143
France,DC611.T184,19,unified:3754b57e-8d6a-5d89-b8bd-cedbb34ef143
France,DC611.R282,18,unified:3754b57e-8d6a-5d89-b8bd-cedbb34ef143
France,DC611.Y56,16,unified:3754b57e-8d6a-5d89-b8bd-cedbb34ef143
France,DC801.R36,16,unified:3754b57e-8d6a-5d89-b8bd-cedbb34ef143
France,DC611.B752,14,unified:3754b57e-8d6a-5d89-b8bd-cedbb34ef143
France,DC801.L49,12,unified:3754b57e-8d6a-5d89-b8bd-cedbb34ef143
France,DC801.T87,12,unified:3754b57e-8d6a-5d89-b8bd-cedbb34ef143
France,DC611.A299,11,unified:3754b57e-8d6a-5d89-b8bd-cedbb34ef143
France,DC611.L831,4,unified:3754b57e-8d6a-5d89-b8bd-cedbb34ef143
France,DC611.S327,3,unified:3754b57e-8d6a-5d89-b8bd-cedbb34ef143
France,DC611.S46,3,unified:3754b57e-8d6a-5d89-b8bd-cedbb34ef143
France,DC801N72,3,unified:3754b57e-8d6a-5d89-b8bd-cedbb34ef143
France,DC611.A556B74,1,unified:3754b57e-8d6a-5d89-b8bd-cedbb34ef143
France,DC611.C52B88,1,unified:3754b57e-8d6a-5d89-b8bd-cedbb34ef143
France,DC611.I27B613,1,unified:3754b57e-8d6a-5d89-b8bd-cedbb34ef143
France,DC611.V357N67,1,unified:3754b57e-8d6a-5d89-b8bd-cedbb34ef143
France,DC611A556,1,unified:3754b57e-8d6a-5d89-b8bd-cedbb34ef143
France,DC801.N72B27,1,unified:3754b57e-8d6a-5d89-b8bd-cedbb34ef143
France,DC801.R36G34,1,unified:3754b57e-8d6a-5d89-b8bd-cedbb34ef143
Spain,DP27.5,18,unified:15efa901-8954-5026-964a-0691bee6ceee
