id,before,after
5850,"Administration, Logistics & Engineering",Military Support & Engineering
12430,Agricultural Land & Water Development,Farm Land & Water Development
12939,"Air Forces—General, History & Regions",Air Force History & Reference
13123,"Angling—General, History & Literature",Angling History & Reference
12871,Arabic Dialects & Other Language Topics,Arabic Dialects & Language Topics
2781,Artificial eyes and other prostheses,Ocular Prostheses
5668,"Artists, Institutions & the Art World",Artists & Art Institutions
9047,Bloodletting. Leeching. Venipuncture,Bloodletting & Venipuncture
13740,"Broadcasting, Video & Motion Pictures",Broadcasting & Film
7629,Broadsides (15th and 16th centuries),"Broadsides, 15th–16th Centuries"
9348,"Carnivals, Sideshows & Human Oddities",Carnivals & Sideshows
9654,Catalogues raisonnés. Peintre-graveurs,Print Catalogues Raisonnés
5900,"Children, Families & Special Audiences",Cooking for Special Audiences
1210,Children’s African Historical Fiction,Kids’ African Historical Fiction
1144,Children’s Asian Biographical Fiction,Kids’ Asian Biographical Fiction
1213,Children’s Canadian Historical Fiction,Kids’ Canadian Historical Fiction
1216,Children’s European Historical Fiction,Kids’ European Historical Fiction
1148,Children’s U.S. Biographical Fiction,Kids’ U.S. Biographical Fiction
8365,Coast of Antarctica. Antarctic Ocean,Antarctic Seas & Coast
12981,Collected & Comparative Ethnographies,Ethnographic Studies
4694,Collections. Series. Collected works,Collected Works & Series
7517,Color Prints & Metal-Engraved Prints,Color & Metal-Engraved Prints
11637,Comparative & Interreligious Studies,Comparative & Interfaith Studies
727,Conducting. Score reading and playing,Conducting & Score Reading
12890,"Concepts, Principles & Political Theory",International Relations Theory
7263,Conjunctivitis (other than trachoma),Conjunctivitis Except Trachoma
12693,"Creation, Life & Ecological Theology",Creation & Ecological Theology
9726,Critiques of Spiritualism & Occultism,Spiritualism & Occultism Criticism
5974,"Days, Holidays, Festivals, Birthdays",Holidays & Celebrations
10054,Death determination and certification,Death Determination & Certification
202,Decoration and decorative furnishings,Building Decoration & Furnishings
5033,Descriptive and experimental mechanics,Experimental & Descriptive Mechanics
9198,Diseases of the stomach and duodenum,Stomach & Duodenal Diseases
4373,Dramatic representation. The theater,Theatrical Performance
10580,Earliest to 1478. Hindu-Buddhist era,"Hindu-Buddhist Era, to 1478"
8681,Early (ca. 1500-1800). Notable books,"Notable Books, ca. 1500–1800"
9329,Economic conditions and civilization,Civilization & Economic Conditions
5232,"Economic growth, development, planning",Economic Development & Planning
2281,Education of special classes of persons,Education by Student Group
8639,Electric railways. Special countries,Electric Railways by Country
8839,Electricity Production by Current Type,Power Generation by Current Type
2861,Emergency surgery. Wounds and injuries,Emergency & Trauma Surgery
8895,Encyclopedias. Dictionaries. Indexes,Classical Philology Reference
12216,"Essays, Reports & Specialized Writing",Essays & Specialized Writing
7013,Ethical and religious aspects. Prophecy,"WWI Ethics, Religion & Prophecy"
5707,"Evidence, Records & Procedural Rules",Evidence & Procedural Rules
444,Exhibitions. Trade shows. World's fairs,Trade Shows & World’s Fairs
4410,Extinct Ancient & Medieval Languages,Extinct & Historical Languages
5789,"Facilities, Instruments & Techniques",Surgical Equipment & Techniques
4266,Far Eastern languages and literature,East Asian Languages & Literature
7713,Field theories. Unified field theories,Physical Field Theories
13011,"Fisheries by Ocean, Region or Country",Fisheries by Region
6274,Food processing plants and equipment,Food Processing Plants & Equipment
8048,Foreign high school student exchanges,High School Exchanges Abroad
9440,Fossils of doubtful affinity or origin,Fossils of Uncertain Affinity
5876,"Foundations, Validity & Legal Concepts",Legal Foundations & Validity
9163,Gas producers for industrial purposes,Industrial Gas Generators
5835,General & Cross-European Institutions,European Education Institutions
50826,General History of English Literature,English Literary History
13858,General Philology & Language Reference,English Language Reference
13889,Culture & General Historical Studies,Portuguese History & Culture
13946,"General, Culture & Historical Studies",Estonian History & Culture
13950,"General, Culture & Historical Studies",Latvian History & Culture
13954,"General, Culture & Historical Studies",Lithuanian History & Culture
13960,"General, Culture & Historical Studies",Ukrainian History & Culture
13843,"General, Reference & Theater Culture",Theater Reference & Culture
9184,General. Technical manuals for artists,Art Technique Manuals
6582,"Gold, Silver & Precious-Metal Mining",Precious Metal Mining
13162,Higher Education by Region or Country,Higher Education by Region
4583,Historical Periods & Early Christianity,Christian Historical Periods
13312,History of Eastern Catholic Canon Law,Eastern Catholic Canon Law History
3119,"Hospitality industry. Hotels, clubs,",Hospitality Industry
9067,Humans in art. Human life cycle in art,Humans & Life Stages in Art
223,Illuminating industries (Nonelectric),Nonelectric Lighting
774,Instrumental techniques for children,Instrumental Music for Children
7705,"Instruments, apparatus, and appliances",Physical Therapy Equipment
9289,"Instruments, apparatus, and appliances",Anesthesia Equipment
9993,"Instruments, apparatus, and appliances",Medical Physics Equipment
5874,"Interfaith, Apologetics & Controversy",Jewish Interfaith & Apologetics
5352,International Relations Scope & Theory,International Relations Foundations
9488,Japanese-Language Children’s Fiction,Kids’ Fiction in Japanese
13034,Judaism in Relation to Other Subjects,Judaism & Other Disciplines
1610,Kids’ Australian & Oceanian Geography,Kids’ Oceanian Geography
13282,King James & New King James Versions,King James & New King James Bibles
5715,Legal Services & Practice Management,Legal Practice Management
6136,Library Extension & Traveling Libraries,Library Outreach & Mobile Libraries
6957,Literary extracts. Commonplace books,Literary Extracts & Commonplaces
4388,Literatures of East and Southeast Asia,East & Southeast Asian Literatures
5359,Local government. Municipal government,Local & Municipal Government
13508,Local government other than municipal,Nonmunicipal Local Government
7089,"Machine Knitting, Hosiery & Sweaters",Machine Knitting
2413,Marine resources. Applied oceanography,Applied Oceanography & Resources
9876,Medical missions. Medical assistance,Medical Missions & Aid
7533,Medicine and the arts. Arts medicine,Medicine & the Arts
8203,Mental hygiene. Mental health services,School Mental Health Services
9498,Middle East. Near East. Arab countries,Middle Eastern Bibliography
12944,Military Astronautics & Space Warfare,Military Space Operations
7600,"Minor buildings. Fences, gates, etc.","Small Buildings, Fences & Gates"
7165,Minor Iranian dialects and languages,Minor Iranian Languages & Dialects
8340,Miscellaneous equipment and apparatus,Aeronautical Equipment
8322,Miscellaneous geometrical instruments,Geometric Instruments
12207,Miscellaneous Specialized Industries,Specialized Industries
9837,"Miscellany. Stories, dialogues, etc.",Alcohol & Temperance Miscellany
9357,Noninstitutional care. Outdoor relief,Noninstitutional Social Care
1270,"Nursery Rhymes, Rhyming Stories & Songs",Children’s Rhymes & Songs
13724,Online Information Services Industry,Online Information Services
7099,"Ornamental, geometric, eccentric, etc.",Ornamental & Geometric Turning
6216,Other special subjects (alphabetically),Other Art Subjects
13324,Philosophy of Science—Special Topics,Philosophy of Science Topics
12895,Police Administration & Organization,Police Administration
13202,Political Organization & Anthropology,Political Anthropology
8446,Portuguese-Language Children’s Fiction,Kids’ Fiction in Portuguese
672,Printed ephemera. Imagerie populaire,Printed Ephemera & Popular Images
12897,Private Detectives & Detective Bureaus,Private Detectives & Agencies
6917,"Processes, operations, and techniques",Biotechnology Techniques
8367,Provisions for personal medical care,Personal Medical Care Provision
4670,"Recreation Areas, Facilities & Centers",Recreation Facilities
7711,"Reference books (General, and English)",General & English Reference Books
5944,"Reference, Bibliography & Collections",Music Reference & Bibliography
6904,"Rendering in color, pen and ink, etc.",Architectural Rendering
12644,School Finance & Business Management,School Business & Finance
6397,Scientific and technical applications,Scientific & Technical Photography
9835,Social aspects. Relation to sociology,Sociology of Games
7042,Special poisons and groups of poisons,Specific Poisons
7153,Specific characteristics of materials,Engineering Material Properties
966,Specific fields & kinds of photography,Photography Specialties
7868,Study and teaching. Automobile schools,Automotive Education
12489,"Study, Teaching & Religious Education",Islamic Education & Study
6446,"Technique. Literary composition, etc.",Literary Composition Techniques
6768,Technique. Theory of electric lighting,Electric Lighting Techniques
504,Telecommunication industry. Telegraph,Telecommunications Industry
8867,Theory of heat engines. Thermodynamics,Heat Engine Thermodynamics
507,Transportation geography. Trade routes,Transport Geography & Trade Routes
13116,Veterinary Medicine by Organ & System,Veterinary Medicine by System
10671,"Wartime Economics, Commerce & Finance",WWII Economics & Finance
7257,"Wilderness, Desert & Jungle Survival",Wilderness Survival
7590,Work measurement. Methods engineering,Work Measurement & Methods
9292,Worms and other vermiform invertebrates,Worms & Wormlike Invertebrates
5255,Army Organization & Military Situation,Army Organization & Status
6109,"Collections, Access & Public Services",Library Collections & Services
8919,Crowds. Tumults. Revolutions. Violence,Crowds & Collective Violence
13109,Development Information & Communication,Development Communication
5738,"Earth, Indigenous & Pagan Spirituality",Indigenous & Pagan Spirituality
5726,"Education, Organizations & Reference",Science Education & Institutions
13235,European Regional Institutions & Law,European Institutional Law
8430,"Fascist Era & World War II, 1919–1944","Fascism & WWII, 1919–1944"
25,Forestry & Natural Resource Management,Forestry & Resource Management
5954,"Freight, Passenger & Delivery Services",Passenger & Freight Transport
12966,"General Insurance, Management & Policy",Insurance Management & Policy
5979,"Geography & Travels, Maps, Cartography","Geography, Travel & Cartography"
9753,Greek Literature’s Ancient Relations,Ancient Greek Literary Relations
6201,Heterocyclic & Macrocyclic Chemistry,Heterocycles & Macrocycles
33,History of forestry. Forest conditions,Forest History & Conditions
4403,Individual sagas and historical works,Norse Sagas & Histories
5613,"Insolvency, Credit & Debtor-Creditor",Insolvency & Credit Law
13228,International Law Cases & Collections,International Law Collections
12977,International Security & Disarmament,Global Security & Disarmament
11880,Labor in Latin America & the Caribbean,Latin American & Caribbean Labor
5615,"Labor, Employment & Social Insurance",Labor & Social Insurance Law
3832,"Language Education, Study & Research",Language Education & Research
8197,"Languages (History. Relations, etc.)",Caucasian Language Studies
4747,Library reports. History. Statistics,"Library Reports, History & Data"
4412,Linguistic Theory & Comparative Grammar,Comparative Grammar & Linguistics
3670,"Long Nineteenth Century, 1789–1914/1920","Long 19th Century, 1789–1914/1920"
2758,"Maternity, Perinatal, Women's Health",Maternal & Women’s Health
5744,"Media, Entertainment & Popular Culture",Media & Entertainment Collectibles
8810,Medical personnel and other professions,Medical Professional Relations
5927,"Mental Health, Home & Community Care","Mental, Home & Community Nursing"
11898,Middle Eastern & Caucasian Government,Middle East & Caucasus Government
50868,Middle Eastern Local History & Places,Middle Eastern Local History
12449,Migration in Australia & the Pacific,Australian & Pacific Migration
13072,"Money, Currency & Foreign Exchange Law",Currency & Foreign Exchange Law
782,"Music Literature, Research & Reference",Music Research & Reference
12482,Music Publishers & Instrument Makers,Music Industry Biographies
2713,Neuroscience & Neuropsychiatric Fields,Neuroscience & Neuropsychiatry
13632,Other Ancient Italian Town Histories,Other Ancient Italian Local History
6712,Other natural carbons and hydrocarbons,Natural Carbons & Hydrocarbons
5788,"Patient Groups, Complications & Care",Surgical Patients & Complications
12978,Peaceful Settlement & Nation-Building,Conflict Settlement & Nationbuilding
10844,"Philosophy, Methods & Related Topics",Classical Greek Philosophy Topics
10966,"Philosophy, Methods & Related Topics",Philosophy Reference Topics
10976,"Philosophy, Methods & Related Topics",Logic Methods & Theory
11079,"Philosophy, Methods & Related Topics",Ethical Theory & Methods
11108,"Philosophy, Methods & Related Topics",Aesthetic Theory & Methods
7236,"Philosophy, origin, etc. of language",Language Origins & Philosophy
8855,"Plains, Plateaus & Related Landforms",Plains & Plateaus
9581,Printing Calculators & Ready Reckoners,Printing Calculation Aids
8562,Probabilistic and statistical methods,Statistical Engineering Methods
5844,Professional Licensing & Career Exams,Professional Exam Guides
12369,Professions & Professional Employees,Professional Workers
5885,"Propagation, Seeds, Training & Growth",Plant Propagation & Growth
12322,Public Finance — Reference & History,Public Finance Reference & History
6168,Public Health Laboratories & Institutes,Public Health Labs & Institutes
11867,Public Healthcare & Health Insurance,Public Health Care & Insurance
9060,Public relations. Publicity. Propaganda,Public Relations & Propaganda
13097,Radioactivity & Radioactive Substances,Radioactivity
7380,Radioisotopes. Radioactive substances,Radioactive Materials
12684,"Reference, Communication & Education",Computer Science Resources
8089,Regional Telecommunications Industry,Telecom Industry by Region
5822,"Relationships, Belonging & Peer Life",YA Peer Relationships
5890,"Relationships, Friendship & Peer Life",Youth Peer Relationships
13537,Religious & Ethnic Groups in Science,Religion & Ethnicity in Science
7404,Reproductive organs of spermatophytes,Seed Plant Reproductive Organs
5962,Scholarly Institution Bibliographies,Scholarly Institution Bibliography
5845,"School Placement, Credit & Equivalency",Placement & Equivalency Exams
12922,Schools of Legal Theory & Natural Law,Legal Theory Schools & Natural Law
9050,Sewage and refuse disposal and drainage,Rural Sanitation & Drainage
12778,Smallholdings & Peasant Proprietorship,Smallholdings & Peasant Ownership
5560,"Social Welfare, Equality & Community",Social Welfare & Equality Law
11814,Socialism & Communism — Asia & Pacific,Asia-Pacific Socialism & Communism
5881,"Sources, Constitutions & Legal Maxims",Legal Sources & Constitutions
10286,Southern African Relations since 1975,"Southern African Diplomacy, 1975–"
13683,Special Classes in American Literature,Social Groups in U.S. Literature
12984,Special Classes of Library Materials,Special Library Materials
13758,Special Subjects in Roman Literature,Roman Literary Topics
7277,Special forecasts. By author or title,Futurist Works by Author & Title
5847,"Study Skills, Guides & General Tests",Study Skills & Test Guides
13225,"Supernatural Beings, Forces & Beliefs",Supernatural Folklore
6901,Technique. Instruction for observers,Geomagnetic Observation Methods
9815,Technique. Instructions for observers,Geophysical Observation Methods
7438,Type and type founding. Specimen books,Printing Type & Typefounding
6627,Urban Monuments & Ornamental Structures,Urban Monuments & Ornament
11841,Women’s Employment by Country & Region,Women’s Employment by Region
6918,Wood-Engraving History & Collections,Wood Engraving Reference & History
8937,Dermatomycoses & Plant-Parasite Diseases,Fungal & Related Skin Diseases
5620,"Adventure, Mystery & Realistic Genres","Kids’ Adventure, Mystery & Realism"
6037,"Agriculture, Food & Natural Resources",Agriculture & Resource Bibliography
4315,American Regional Literary Criticism,U.S. Regional Literary Criticism
10995,Ancient Eastern Religious Philosophy,Ancient Eastern Religious Thought
13024,"Angels, Demons & the Invisible World","Angels, Demons & Spirits"
5577,"Applications, Business & IT Management",Applied Computing & IT Management
8913,Behavioral optometry. Visual training,Behavioral Optometry & Training
13793,Churches of God & Churches of Christ,Churches of God & of Christ
6185,Communicable Diseases & Public Health,Public Health: Communicable Disease
9713,Communication in education. Authorship,Educational Writing & Communication
10217,"Constitutional empire, 27 B.C.-284 A.D.","Constitutional Empire, 27 BC–284 AD"
10630,Cross-National & Cross-Period Events,World History Events
4562,Dissenting sects other than Protestant,Non-Protestant Dissenting Churches
10295,Earliest to 1397. Scandinavian Empire,"Scandinavian Empire, to 1397"
8095,Flying machines other than airplanes,Aircraft Except Airplanes
7675,Formal discipline. Transfer of training,Mental Training & Learning Transfer
8262,"General works. Sources, supply, etc.",Food & Nutrition Reference
9864,German literature outside of Germany,German Literature Abroad
50891,Indigenous History of British Columbia,British Columbia Indigenous History
50901,Indigenous History of Washington State,Washington State Indigenous History
50894,Indigenous History of the American West,American West Indigenous History
50893,Indigenous History of the Eastern Woodlands,Eastern Woodlands Indigenous History
50885,Indigenous History of the New Southwest,New Southwest Indigenous History
50888,Indigenous History of the Northwest Coast,Northwest Coast Indigenous History
50903,Indigenous History of the Pacific Northwest,Pacific Northwest Indigenous History
50890,Indigenous History of the Southern States,Southern U.S. Indigenous History
50920,Population Groups of the Great Plains,Great Plains Population Groups
11495,"Institutions, Traditions & Biography",Catholic Life & Institutions
13234,International Criminal Law & Procedure,International Criminal Law
4674,International Societies & Conferences,International Societies & Meetings
13258,Islamic Government & Administrative Law,Islamic Government Law
12536,"Kamakura–Momoyama Periods, 1185–1600","Kamakura–Momoyama Lit., 1185–1600"
12702,"Middle High German, ca. 1050–1450/1500","Middle High German, c. 1050–1450/1500"
1059,"Mobiles, color, sculpture gardens, etc.",Sculptural Forms & Settings
5946,Music Institutions & Professional Life,Music Institutions & Careers
6186,Noninfectious Disease & Public Health,Public Health: Noninfectious Disease
9510,Norwegian literature outside of Norway,Norwegian Literature Abroad
7112,Swedish literature outside of Sweden,Swedish Literature Abroad
9209,Personal narratives and other accounts,WWI Personal Accounts
13151,"Plant Health, Pests & Diseases—General",Plant Health Reference
8422,Poetry on Poetry & Praise Anthologies,Metapoetry & Praise Collections
6758,Pressure–Volume–Temperature Relations,Pressure–Volume–Temperature
7179,Primary–Secondary Education Relations,Primary–Secondary School Links
13078,Orthodox Christianity & Patriarchates,Orthodox Church & Patriarchates
5786,"Orthopedic, Trauma & Emergency Surgery",Orthopedic & Emergency Surgery
5647,"Public Policy, Regulation & Services",Public Policy & Regulation Law
2789,Refraction & Accommodation Disorders,Eye Refraction & Focus Disorders
12912,"Saints, Shrines, Pilgrimages & Relics","Saints, Relics & Sacred Sites"
13084,Serbian & Macedonian Orthodox Churches,Serbian & Macedonian Orthodoxy
10173,"Theresian & Josephine Era, 1740–1792","Theresian–Josephine Era, 1740–1792"
5353,International Relations Organizations,International Relations Societies
8024,Treatment of special classes of people,Social Groups in Roman Literature
3862,"Treatment of special subjects, classes",Themes & Groups in U.S. Literature
7430,Women and poetry. Feminine influence,Women & Poetry
3728,Indigenous Languages of the Americas,Americas’ Indigenous Languages
13782,Indigenous Religions of the Americas,Americas’ Indigenous Religions
7726,Kids’ Fiction in Scandinavian Languages,Kids’ Scandinavian-Language Fiction
1220,Kids’ Middle Eastern Historical Fiction,Kids’ Middle Eastern Hist. Fiction
1615,Kids’ Middle Eastern People & Places,Kids’ Middle East People & Places
1811,YA Middle Eastern Historical Fiction,YA Middle Eastern Hist. Fiction
4261,"Italian, Romanian & related literatures","Italian, Romanian & Related Lit."
11399,"Early Ottoman Empire, 1281/1453–1566","Early Ottoman, 1281/1453–1566"
10419,"Latin Kingdom of Jerusalem, 1099–1291","Kingdom of Jerusalem, 1099–1291"
12921,Legal Interpretation & Classification,Legal Interpretation & Categories
5555,"Legal Profession, Education & Reference",Legal Education & Profession
4262,"Asian, African & Oceanian Literature","Asian, African & Oceanian Lit."
4402,Old Icelandic & Norwegian Literature,Old Icelandic & Norwegian Lit.
12040,Russian & Ex-Soviet Economic History,Russian & Ex-Soviet Econ. History
13489,Russian & Ex-Soviet Local Government,Russia & Ex-Soviet Local Government
5618,"Trade, Transportation & Maritime Law",Trade & Transport Law
5819,"Weapons, Technology & Fortifications",Military Technology & Fortifications
5410,Industrial & Organizational Psychology,Work & Organizational Psychology
12212,Writing Exercises & Rhetorical Readers,Writing Exercises & Rhetoric Readers
13063,"Ministry, Priesthood & Religious Life",Buddhist Ministry & Religious Life
9355,Occupational therapy. Rehabilitation,Occupational Therapy & Rehab
13854,"Colonial Period, 17th–18th Centuries","Colonial U.S. Lit., 17th–18th C."
12466,"English Children’s Fiction, 1870–2014","English Kids’ Fiction, 1870–2014"
50827,"Medieval Literary History, 1066–1500","Medieval English Lit., 1066–1500"
6307,"Restoration & Risorgimento, 1816–1860","Restoration–Risorgimento, 1816–1860"
8213,"Renaissance & Reformation, 1501–1600","Renaissance–Reformation, 1501–1600"
10352,"Reformation & Consolidation, 1516–1648","Reformation–Consolidation, 1516–1648"
10136,"Spartan & Theban Supremacy, 404–362 BC","Spartan–Theban Supremacy, 404–362 BC"
12978,Conflict Settlement & Nationbuilding,Conflict Resolution & Nationbuilding
6954,Abdomen. Gastrointestinal surgery,Abdominal & Digestive Surgery
6380,Abnormalities and malformations,Female Genital Abnormalities
8453,Academicians. Scholars. Savants,Scholar Biographies
4672,Academies and learned societies,Scholarly Institutions
5468,Accidents. Prevention of accidents,Accident Prevention
6786,Accreditation of health facilities,Health Facility Accreditation
9335,Acids and bases (General theory),Acid–Base Theory
11884,African Government & Administration,African Government
8,Agriculture and the environment,Agriculture & Environment
7893,Airports. Heliports. Seaplane bases,Airports & Landing Sites
13638,American Literary History by Period,U.S. Literary History by Period
7768,American Literature in Translation,U.S. Literature in Translation
6515,"Anonymous American Works, 2001–","Anon. U.S. Works, 2001–"
7564,"Anonymous English Works, 1900–1960","Anon. English Works, 1900–1960"
8215,"Anonymous English Works, 1961–2000","Anon. English Works, 1961–2000"
2890,Antibiotic therapy. Antibiotics,Antibiotics
11705,Application Programming Interfaces,Software APIs
7534,Applied Ethics & Conduct of Life,Applied Ethics
9193,Arabic-Language Children’s Fiction,Kids’ Fiction in Arabic
7833,Architectural Monument Conservation,Architectural Conservation
9003,Arctic regions. Arctic exploration,Arctic Regions & Exploration
8884,Asian Americans. Asians in the U.S.,Asian American Education
8957,Assaults against medical personnel,Attacks on Medical Staff
2371,"Atlases of the moon, planets, etc.",Moon & Planet Atlases
6390,Automobile equipment and supplies,Car Equipment & Supplies
7572,Bartenders' manuals and recipes,Bartending Guides & Recipes
9464,Behavioral assessment of children,Child Behavior Assessment
7148,"Awards, prizes, etc. Competitions",Aviation Awards & Contests
9351,Authors & Literary Scenes in Art,Literature & Authors in Art
5740,"Art, Furniture & Decorative Arts",Art & Furniture Collectibles
3214,"Artists, Architects, Photographers",Art & Design Biographies
11925,Anglophone Australian Literature,Anglophone Australian Lit.
11929,Anglophone New Zealand Literature,Anglophone New Zealand Lit.
11937,Anglophone South African Literature,Anglophone South African Lit.
10388,2011- . Marzouki administration,"Marzouki Era, 2011–"
10527,1987-2011. Bin 'Alī administration,"Ben Ali Era, 1987–2011"
11314,1809-1825. Wars of independence,"Independence Wars, 1809–1825"
11309,1809-1830. Wars of independence,"Independence Wars, 1809–1830"
11278,1811-1870. Era of three dictators,"Three Dictators, 1811–1870"
10648,1185-1603. Medieval to early modern,"Medieval–Early Modern, 1185–1603"
3403,1789-1809. Constitutional period,"Constitutional Era, 1789–1809"
7061,Belt gearing. Belt transmission,Belt Drives
7910,Biography of locomotive engineers,Locomotive Engineer Biographies
6535,Biography of women (Collective),Collected Women’s Biographies
6298,Botanical chemistry. Phytochemicals,Phytochemistry
3116,Building operation and housekeeping,Building Management
9665,Business management for designers,Design Business Management
7345,Care of aseptic and infected wounds,Wound Care
9865,"Care of saws, saw sharpening, etc.",Saw Care & Sharpening
12266,Careers & Professional Development,Career Development
7388,Celebrations. Memorials. Monuments,WWI Commemoration
10384,Celebrations. Memorials. Monuments,WWII Commemoration
10755,Celebrations. Memorials. Monuments,Asian Historical Commemoration
7552,Celestial sphere and coordinates,Celestial Sphere & Coordinates
7501,Cell fusion. Cell hybridization,Cell Fusion & Hybridization
8803,Cell growth. Cell proliferation,Cell Growth & Proliferation
7518,Centers for the performing arts,Performing Arts Centers
351,Cereals and grain. Milling industry,Grain Milling
7366,Chemical processes. Radiochemistry,Radiochemistry
216,"Chemicals: Manufacture, use, etc.",Chemical Production & Uses
8741,Chemistry of high and low pressures,Pressure Effects in Chemistry
7865,Chemistry testing. Quality control,Food Quality Testing
2810,Child health. Child health services,Child Health
4325,Children's & Young Adult Literature,Children’s & YA Literature
6120,Children's Libraries & Departments,Children’s Libraries
4661,Children's games and amusements,Children’s Games
6430,Children's games and amusements,Children’s Games
1608,Children’s African People & Places,Kids’ African People & Places
1609,Children’s Asian People & Places,Kids’ Asian People & Places
1611,Children’s Canadian People & Places,Kids’ Canadian People & Places
1613,Children’s European People & Places,Kids’ European People & Places
1614,Children’s Mexican People & Places,Kids’ Mexican People & Places
1616,Children’s Polar People & Places,Kids’ Polar People & Places
1617,Children’s U.S. People & Places,Kids’ U.S. People & Places
1212,Children’s Asian Historical Fiction,Kids’ Asian Historical Fiction
1224,Children’s U.S. Historical Fiction,Kids’ U.S. Historical Fiction
1443,Children’s Historical Biographies,Kids’ Historical Biographies
1450,Children’s Religious Biographies,Kids’ Religious Biographies
1280,Children’s Middle Eastern Fiction,Kids’ Middle Eastern Fiction
1543,Children’s Middle Eastern History,Kids’ Middle Eastern History
11890,Chinese Government & Administration,Chinese Government
7862,Chinese-Language Children’s Fiction,Kids’ Fiction in Chinese
10477,"Chosŏn (Yi) dynasty, 1392-1910","Joseon (Yi) Era, 1392–1910"
12855,Christological Doctrine & Study,Christology Studies
2582,Chronic ulcer of the skin. Bedsores,Chronic Skin Ulcers & Bedsores
4560,Church unity. Ecumenical movement.,Ecumenism
11780,City Planning & Urban Development,Urban Planning & Development
5706,Civil Litigation & Trial Practice,Civil Litigation
217,Clay industries. Ceramics. Glass,Ceramics & Glass Industries
9142,Clinical studies of famous persons,Famous Patient Case Studies
9343,Collected Works on Archival Science,Archival Science Collections
3856,Collections of American literature,U.S. Literary Collections
3919,Collections of English literature,English Literary Collections
13689,Collective Historical Biography,Collected Historical Lives
2782,"Color vision tests, charts, etc.",Color Vision Testing
663,Commercial art. Advertising art,Commercial & Advertising Art
5089,Commodities. Commercial products,Trade Goods
6905,Communication in emergency medicine,Emergency Care Communication
6444,Communication methods and equipment,Aviation Communications
7163,Communication of museum information,Museum Communication
4495,Communist ethics (20th century),"Communist Ethics, 20th Century"
8845,Community Recreation Administration,Community Recreation Management
11128,Comparison. Resemblance. Identity,Similarity & Identity
7922,Computer applications. Informatics,Clinical Pathology Informatics
6775,Computerized Psychological Testing,Digital Psychological Testing
36,Computers & Information Technology,Computing & IT
5160,Computers & Information Technology,Computing & IT Industry
9,Conservation of natural resources,Natural Resource Conservation
201,Construction equipment in building,Construction Equipment
7568,Control mechanisms. Cell regulation,Cell Regulation
8654,Control of snow and ice on streets,Street Snow & Ice Control
12596,Cooking with Alcoholic Beverages,Cooking with Alcohol
7886,Coppersmithing. Copper founding,Copperworking
7020,Coral islands and reefs. Atolls,Coral Islands & Reefs
11206,Counseling psychology. Counseling,Counseling Psychology
4254,"Criticism, interpretation, etc.",Greek Literary Criticism
4456,"Criticism, interpretation, etc.",Roman Literary Criticism
8274,Darkroom & Exposed-Film Processing,Color Film Processing
7951,Data processing. CAD/CAM systems,Manufacturing Computing
652,Decoration and ornament. Design,Decorative Design
12888,Demography by Region or Country,Regional Demography
7220,Demographic aspects of education,Education & Demography
13112,Development by Country or Region,Regional Economic Development
2891,Diet therapy. Dietary cookbooks,Therapeutic Diets
2944,"Diets, Nutrition & Healthy Cooking",Healthy Cooking & Nutrition
8988,Differential forms and invariants,Differential Forms & Invariants
10001,Directories. Guides. Timetables,Airline Guides & Timetables
6269,Diseases of the accessory sinuses,Paranasal Sinus Diseases
6215,Diseases of the bronchi. Bronchitis,Bronchial Diseases
10046,Diseases of the enamel and dentine,Enamel & Dentin Diseases
6679,Diseases of the mastoid process,Mastoid Diseases
7433,Diseases of the pharynx and tonsils,Pharynx & Tonsil Diseases
8107,Diseases of the pleura. Pleurisy,Pleural Diseases
2190,"Distance, Open & Online Education","Distance, Open & Online Learning"
83,Documentation & Technical Writing,Technical Documentation
5976,"Domestic Economy, Home Economics",Home Economics
9722,"Donation of organs, tissues, etc.",Organ & Tissue Donation
7838,Dose-response relationship of drugs,Drug Dose–Response
13736,Dramatic Composition & Technique,Dramatic Writing
9309,Drugs acting on the urinary organs,Urinary System Drugs
6371,Drugs affecting blood coagulation,Blood Coagulation Drugs
10332,Earliest history. Dawn of history,Earliest History
10018,Earth movements. Mass movements,Earth Movements
11891,East Asian Government — General,East Asian Government
4724,Ecclesiastical and sacred heraldry,Religious Heraldry
3231,"Editors, Journalists, Publishers",Media & Publishing Biographies
7914,Education in developing countries,Developing Nations’ Education
2193,Educational exhibitions and museums,Educational Museums & Exhibits
8371,Electric power system stability,Power System Stability
9344,Electrical systems and equipment,Aircraft Electrical Systems
6467,Electrification of steam railroads,Rail Electrification
4833,Electron Microscopes & Microscopy,Electron Microscopy
9761,Elementary map drawing and reading,Basic Map Drawing & Reading
4934,Elementary mathematics. Arithmetic,Basic Math & Arithmetic
7972,Elementary or primary education,U.S. Primary Education History
283,Engineering Instruments & Meters,Engineering Instruments
285,Engineering Mathematics & Analysis,Engineering Mathematics
12467,"English Children’s Fiction, 2015–","English Kids’ Fiction, 2015–"
7562,English Literary Scholars’ Lives,English Lit. Scholars’ Lives
8363,French Literary Scholars’ Lives,French Lit. Scholars’ Lives
6227,German Literary Scholars’ Lives,German Lit. Scholars’ Lives
9385,English Literary Theory & Study,English Literary Theory
3922,English renaissance (1500-1640),"English Renaissance, 1500–1640"
3886,"English, Irish, Scottish, Welsh",British & Irish Drama
4294,"English, Irish, Scottish, Welsh",British & Irish Lit. Collections
4331,"English, Irish, Scottish, Welsh",British & Irish Lit. Criticism
4433,"English, Irish, Scottish, Welsh",British & Irish Poetry
8835,Engraved portraits. Self-portraits,Engraved Portraits
3233,Entertainment & Performing Arts,Performing Arts Biographies
1678,Environmental Science & Ecosystems,Kids’ Environmental Science
2132,Environmental Science & Ecosystems,YA Environmental Science
2381,Environmentalism. Green movement,Environmentalism
9486,Environmentally induced diseases,Environmental Diseases
13277,"Epigraphy—General, Theory & Method",Epigraphy Theory & Methods
10723,Equatorial Guinea (Spanish Guinea),Equatorial Guinean History
3136,"Equipment, Appliances & Supplies",Household Equipment & Supplies
6324,"Estimates, quantities, and costs",Engineering Cost Estimates
10857,"Ethics for older people. ""Old age""",Ethics for Older Adults
4496,Evolutionary and genetic ethics,Evolutionary & Genetic Ethics
6501,Examination and analysis of water,Water Analysis
9007,Examination of cerebrospinal fluid,Spinal Fluid Analysis
8941,Extraction of teeth. Exodontics,Tooth Extraction
9232,Extravehicular activity. Space walk,Spacewalks
12,Farm machinery and farm engineering,Farm Machinery & Engineering
9287,"Fiberboard, particle board, etc.",Fiberboard & Particleboard
6330,"Folk, national, and ethnic music","Folk, National & Ethnic Music"
220,Food processing and manufacture,Food Processing
32,Forestry machinery and engineering,Forestry Engineering
8598,French literature outside of France,French Literature Abroad
7488,French-Language Children’s Fiction,Kids’ Fiction in French
13945,General Baltic History & Culture,Baltic History & Culture
13059,General Buddhist Practice & Worship,Buddhist Practice & Worship
12812,General Meteorology & Observation,Meteorology & Observation
5563,General Technology & Engineering,Technology & Engineering
6752,"General collections, rolls, etc.",Heraldic Rolls & Collections
9330,"General works (Technique, etc.)",Poster Techniques & Reference
7673,"General works (technique, etc.)",Cartooning Techniques
10020,General works. Collectors' manuals,Rug & Carpet Reference
7131,General works. History of philology,Caucasian Philology Reference
2422,Geomorphology. Landforms. Terrain,Geomorphology
8690,German-Language Children’s Fiction,Kids’ Fiction in German
4839,Global Warming & Climate Change,Climate Change
11493,"Governance, Clergy & Administration",Catholic Clergy & Governance
5405,Graphology. Study of handwriting,Graphology
8370,Great Britain and Ireland. England,British & Irish Bibliography
3360,Guinea-Bissau. Portuguese Guinea,Guinea-Bissau History
9785,Gymnastics. Gymnastic exercises,Gymnastics
13557,"Handbooks, tables, formulas, etc.",Science Handbooks & Tables
9769,Haunted castles. Haunted palaces,Haunted Castles & Palaces
6753,Haunted universities and colleges,Haunted Campuses
2669,Healthy Living & Personal Hygiene,Personal Health & Hygiene
9515,Hebrew-Language Children’s Fiction,Kids’ Fiction in Hebrew
426,High speed ground transporation,High-Speed Ground Transport
12196,History & Earlier Forms of English,English Language History
13111,History of Economic Development,Economic Development History
9225,History of Norwegian literature,Norwegian Literary History
4730,History of Scholarship & Humanities,History of Scholarship
4691,History of books and bookmaking,Book History
3604,History of the Greco-Roman world,Greco-Roman History
6672,History. Biography of booksellers,Bookseller Lives & History
6292,History. Collections in book form,Lithography History & Albums
374,Hoisting and conveying machinery,Lifting & Conveying Machines
9406,Hospices. Terminal care facilities,Hospices
7878,Hot-air engines. Caloric engines,Hot-Air Engines
13101,House Plants & Indoor Gardening,Indoor Gardening
8343,"Housekeeping, maintenance, repair",Hotel Housekeeping & Maintenance
11851,Housing for Low-Income Households,Low-Income Housing
13088,Human Ecology by Region or Country,Regional Human Ecology
5066,Human ecology. Anthropogeography,Human Ecology
8972,Humorous art. Wit and humor in art,Humor in Art
9995,Hydrodynamics (Water in motion),Hydrodynamics
6640,Ice. Glaciers. Ice sheets. Sea ice,Glaciers & Ice
11893,Indian Government & Administration,Indian Government
8005,Indian subcontinent. South Asia,South Asian Bibliography
50887,Indigenous History of California,California Indigenous History
50902,Indigenous History of New England,New England Indigenous History
50900,Indigenous History of New Mexico,New Mexico Indigenous History
303,Industrial and factory sanitation,Industrial Sanitation
446,Industrial engineering. Management,Industrial Engineering
7775,Infant psychiatry. Infant analysis,Infant Psychiatry
2710,Infectious and parasitic diseases,Infectious & Parasitic Disease
13281,Inscriptions by Country or Region,Regional Epigraphy
6777,Institutional care. Indoor relief,Institutional Social Care
9438,Institutions of higher education,Higher Education Institutions
6474,Insulation and insulating material,Electrical Insulation
9106,Insulation and insulating materials,Building Insulation
9051,Interior decoration as a profession,Interior Design Careers
9947,Italian Literary Scholars’ Lives,Italian Lit. Scholars’ Lives
7781,Italian literature outside of Italy,Italian Literature Abroad
9612,Italian-Language Children’s Fiction,Kids’ Fiction in Italian
13029,Jewish Eschatology & Future Life,Jewish Eschatology
11895,Korean Government & Administration,Korean Government
6997,Korean-Language Children’s Fiction,Kids’ Fiction in Korean
11824,Labor Markets by Country & Region,Regional Labor Markets
2796,Laryngology. Diseases of the throat,Laryngology
3412,"Late nineteenth century, 1865-1900","Late 19th Century, 1865–1900"
3413,"Later twentieth century, 1961-2000","Late 20th Century, 1961–2000"
10317,Later medieval. 11th-15th centuries,"Late Medieval, 11th–15th C."
11921,Latin American Government — General,Latin American Government
5714,Legal Professional Organizations,Legal Professional Societies
9156,"Legal changes of names. Lists, etc.",Legal Name Changes
4675,Library Buildings & Physical Plant,Library Buildings
1143,Kids’ African Biographical Fiction,Kids’ African Biofiction
1144,Kids’ Asian Biographical Fiction,Kids’ Asian Biofiction
1145,Kids’ Canadian Biographical Fiction,Kids’ Canadian Biofiction
1146,Kids’ European Biographical Fiction,Kids’ European Biofiction
1148,Kids’ U.S. Biographical Fiction,Kids’ U.S. Biofiction
1210,Kids’ African Historical Fiction,Kids’ African Hist. Fiction
1213,Kids’ Canadian Historical Fiction,Kids’ Canadian Hist. Fiction
1314,Kids’ Christian Historical Fiction,Kids’ Christian Hist. Fiction
1216,Kids’ European Historical Fiction,Kids’ European Hist. Fiction
9543,Life care planning. Life care plans,Life Care Planning
11896,Macau Government & Administration,Macau Government
7038,Machinery. Sawmills. Planing mills,Sawmills & Planing Mills
288,Management of engineering works,Engineering Management
9354,Management of irrigation projects,Irrigation Management
8006,Management. Business administration,Railway Management
7048,Materia medica and pharmacology,Obstetric Pharmacology
7896,Mathematics. Statistical methods,Medical Math & Statistics
8911,Mathematics. Statistical methods,Pathology Math & Statistics
7722,Mechanics of flight: Aerodynamics,Aerodynamics
13663,Medical Laboratories & Institutes,Medical Labs & Institutes
6219,Medical evidence (Expert testimony),Medical Expert Testimony
9120,Medical fees. Income of physicians,Physician Fees & Income
2731,Medical philosophy. Medical ethics,Medical Philosophy & Ethics
6862,Mercury ore deposits and mining,Mercury Mining
353,Metal manufactures. Metalworking,Metalworking
7948,Metallography. Physical metallurgy,Physical Metallurgy
9788,Metallurgy of heat resistant alloys,Heat-Resistant Alloys
6559,Metallurgy of nonferrous metals,Nonferrous Metallurgy
8356,Metamorphic rocks. Metamorphism,Metamorphic Petrology
11922,Mexican Government & Administration,Mexican Government
12790,Military Studies of Particular Wars,Military Studies by War
5307,Military criminal law and procedure,Military Criminal Law
12206,Mineral & Extractive Industries,Extractive Industries
384,Miscellaneous motors and engines,Other Motors & Engines
9256,Model rockets. Model space vehicles,Model Rockets & Spacecraft
8980,Moral education. Character building,Moral & Character Education
8782,Motion pictures. Video recordings,Film & Video
5194,Museum Administration & Museology,Museology & Museum Management
6359,Museum visitors and museum public,Museum Audiences
803,Music in colleges and universities,Music in Higher Education
13077,National Defense & Military Law,Military & Defense Law
11766,Nationalism & Patriotism — General,Nationalism & Patriotism
6266,Natural disaster warning systems,Natural Disaster Warnings
6941,Nature philosophy of the ancients,Ancient Natural Philosophy
7159,Neurochemistry. Brain chemistry,Neurochemistry
5423,"New Thought. Menticulture, etc.",New Thought & Mental Training
9820,Newton's Principia and commentaries,Newton’s Principia
8338,Nonlinear theories. Nonlinearity,Nonlinear Analysis
5197,Nonprofit Organizations & Charities,Nonprofits & Charities
11923,North American Government — General,North American Government
260,Nuclear engineering. Atomic power,Nuclear Engineering
9005,Numerical methods. Approximations,Numerical Methods
7721,Nutrition of infants and toddlers,Infant & Toddler Nutrition
3121,Nutrition. Foods and food supply,Nutrition & Food Supply
11826,Occupational Training & Retraining,Job Training & Retraining
2194,"Official documents, reports, etc.",Education Reports & Documents
8530,Older adult education. Elderhostels,Older Adult Education
8837,Optical equipment on space vehicles,Spacecraft Optical Equipment
2787,Optometry. Opticians. Eyeglasses,Optometry & Eyeglasses
6636,Organic chemicals and preparations,Organic Chemical Products
7587,Organic substances and compounds,Marine Organic Compounds
7493,Organization and administration,Physical Education Management
11203,"Oriental (Buddhist, Hindu, etc.)",Ancient Asian Logic
10996,Origins and sources of knowledge,Sources of Knowledge
4484,Other Finnic languages and dialects,Other Finnic Languages
13756,Other Special Topics in Authorship,Other Authorship Topics
6696,Other special types of clothing,Other Clothing Types
7516,Other special varieties of cooking,Other Cooking Styles
4666,Outdoor life. Outdoor recreation,Outdoor Recreation
227,"Paints, pigments, varnishes, etc.","Paints, Pigments & Varnishes"
9421,Papermills and their management,Papermills & Management
4667,Parties. Party games and stunts,Parties & Party Games
9511,Parties. Party games and stunts,Parties & Party Games
8897,Peer-group tutoring of students,Peer Tutoring
9844,Performing arts as a profession,Performing Arts Careers
4764,Personal & Private Investigations,Private Investigations
8663,Photoengraving. Relief processes,Relief Photoengraving
6884,Photography in criminology and law,Legal & Forensic Photography
5070,Physical anthropology. Somatology,Physical Anthropology
4668,Physical education and training,Physical Education
6675,Physical properties of crystals,Crystal Physical Properties
6203,"Physical tests, etc. Fitness tests",Physical Fitness Tests
8830,Physical therapy as a profession,Physical Therapy Careers
8863,Physician-prescribed medication,Prescription Medication
9076,Physiology and care of the voice,Voice Physiology & Care
670,"Pictorial humor, caricature, etc.",Visual Humor & Caricature
6408,Pisé & Rammed-Earth Construction,Rammed-Earth Construction
7374,Plant Communities & Phytosociology,Phytosociology
8159,"Pocketbooks, field manuals, etc.",Surveying Field Manuals
8619,"Poetry. Ballads (Broadsides, etc.)",Folk Poetry & Ballads
10014,Police. Detectives. Constabulary,Police & Detectives
228,Polymers and polymer manufacture,Polymers & Manufacturing
6248,Portrait sculpture. Group portraits,Sculpted Portraits
9570,Portuguese Children’s Literature,Portuguese Kids’ Literature
2805,Post-mortem examination. Autopsies,Autopsies
498,Postal service. Stamps. Philately,Postal Services & Philately
5754,"Practice, Ritual & Religious Life",Buddhist Practice & Ritual
11832,Precarious & Informal Employment,Precarious & Informal Work
9457,"Prevention of crime, methods, etc.",Crime Prevention
9049,"Prices of paintings, prints, etc.",Painting & Print Prices
13026,Principles & Theology of Judaism,Jewish Beliefs & Theology
1051,Private collections and collectors,Private Art Collecting
7076,"Psychological experiments, etc.",Psychological Experiments
5432,Psychological tests and testing,Psychological Testing
5433,Psychology of sex. Sexual behavior,Sexual Psychology & Behavior
6180,Public Baths & Comfort Stations,Public Baths & Toilets
12323,Public Finance by Region or Country,Public Finance by Region
6176,Public Health by Region or Country,Public Health by Region
6178,Public Health by Age Group & Class,Public Health by Age & Class
3818,Public Speaking & Speech Writing,Public Speaking & Speechwriting
6723,Public or common-school education,U.S. Public School History
3819,Publishers & Publishing Industry,Publishing Industry
13824,Purpose & Functions of the State,State Purpose & Functions
10544,"Qing (Ch'ing) dynasty, 1644-1912","Qing Dynasty, 1644–1912"
7659,Qualities of water. Water quality,Water Quality
9550,Quantum theory. Quantum mechanics,Quantum Mechanics
7322,Racing automobiles. Sports cars,Racing & Sports Cars
499,Radio and television broadcasting,Radio & TV Broadcasting
7464,"Radio, television, etc., and music",Broadcast Music
6532,Radiochemistry. Nuclear chemistry,Nuclear Chemistry
424,Railroad engineering and operation,Railway Engineering & Operation
500,Railroads. Rapid transit systems,Railways & Rapid Transit
430,Railway operation and management,Railway Operations
8214,Railway structures and buildings,Railway Buildings & Structures
7431,Rapid calculators and short cuts,Calculation Shortcuts
8010,Rapid solidification processing,Rapid Solidification
8081,"Recipes, vest-pocket manuals, etc.",Printing Recipes & Handbooks
7447,Recitations in foreign languages,Foreign-Language Recitation
8608,Reconstruction. Post-war period,Post-WWI Reconstruction
9975,Recreation. Use of leisure time,Student Recreation
13547,"Recreations, home experiments, etc.",Recreational Science
13806,Reformed & Calvinistic Churches,Reformed Churches
4260,"Regional, provincial, local, etc.",Regional Italian Literature
10425,"Republic, 1912-1949. 20th century","Republic, 1912–1949"
7244,Research buildings. Laboratories,Research Buildings & Labs
7342,Risk perception. Risk assessment,Risk Perception & Assessment
336,River protective works. Regulation.,River Protection & Regulation
327,Roadside development. Landscaping,Roadside Landscaping
7689,"Roof framing, roofs and roofing",Roofing & Roof Framing
306,Rural and farm sanitary engineering,Rural Sanitary Engineering
11519,"Russian administration, 1809-1917","Russian Rule, 1809–1917"
9615,Sagas of kings (Konunga sögur),Kings’ Sagas
4298,Scandinavian Literary Collections,Scandinavian Lit. Collections
4335,Scandinavian Literary Criticism,Scandinavian Lit. Criticism
2325,School & College Health Services,School & College Healthcare
6588,"School equipment, apparatus, etc.",School Equipment
8883,School grounds. School playgrounds,School Grounds & Playgrounds
6397,Scientific & Technical Photography,Scientific & Technical Photos
2392,"Seafaring life, ocean travel, etc.",Seafaring & Ocean Travel
2327,Secondary education. High schools,Secondary Education
6476,Sedimentary rocks. Sedimentology,Sedimentology
9535,Senses. Sensation. Sense organs,Senses & Sense Organs
7630,Shopping for food. Economy. Thrift,Budget Food Shopping
6333,Shorthand. Stenography. Phonography,Shorthand
13121,Small-Animal Veterinary Medicine,Small-Animal Medicine
9640,Social case work. Friendly visiting,Social Casework
6791,Social influence. Social pressure,Social Influence & Pressure
8235,Social perception. Social cognition,Social Cognition
799,Societies and other organizations,Music Organizations
10033,"Societies. Clubs. Turnvereins, etc.",Physical Education Societies
7636,Soil Testing & Measurement Manuals,Soil Measurement Manuals
16,Soil conservation and protection,Soil Conservation
9136,Soil pollution. Soil remediation,Soil Pollution & Remediation
9483,Space colonies. Space communities,Space Settlements
6397,Scientific & Technical Photos,Scientific & Tech. Photography
8935,Spanish-Language Children’s Fiction,Kids’ Fiction in Spanish
6310,Special wastes and their disposal,Special Waste Disposal
2718,Specialties of internal medicine,Internal Medicine Specialties
4898,Spectroscopy & Spectrum Analysis,Spectroscopy
6984,Speech disorders. Speech therapy,Speech Disorders & Therapy
12956,Statistics by Region or Country,Statistics by Region
9070,Stereochemistry. Molecular rotation,Stereochemistry
11197,"Structure of matter. Atomism, etc.",Matter & Atomism
13049,Study & Teaching of Apologetics,Apologetics Education
6576,"Study and teaching. Schools, etc.",Writing Education
2876,"Surgery by region, system, or organ",Surgery by Body Part
2881,Surgical shock. Traumatic shock,Surgical & Traumatic Shock
10081,Surveys of high school graduates,High School Graduate Surveys
8739,Sustainability. Sustainable living,Sustainability
10932,Symbolic and mathematical logic,Mathematical Logic
210,Systems of building construction,Building Construction Systems
3794,Tai-Kadai languages. Tai languages,Tai-Kadai Languages
8156,"Talismans. Amulets, charms, etc.",Talismans & Amulets
5090,Tariff. Free trade. Protectionism,Tariffs & Trade Policy
2330,Teaching (Principles and practice),Teaching Principles & Practice
7566,Technique. Analytical biochemistry,Analytical Biochemistry
9347,Technology transfer. Space spinoffs,Space Technology Transfer
9056,Technology. Educational technology,Educational Technology
6832,Temporary structures in building,Temporary Building Structures
11907,Thai Government & Administration,Thai Government
10862,"The ""gentlemen,"" the courtier, etc.",Gentlemen & Courtiers’ Ethics
6341,The feelings. Sensibility. Mood,Feelings & Mood
4386,The performing arts. Show business,Performing Arts & Show Business
7920,"The soul. Spirit. Immortality, etc.","Soul, Spirit & Immortality"
2315,Theory and practice of education,Education Theory & Practice
8662,"Theory, philosophy, relations, etc.",Poetry Theory & Philosophy
7264,Topographical and regional anatomy,Regional Anatomy
8153,Trade unions for social workers,Social Worker Unions
8600,Tradesmen's cards and billheads,Trade Cards & Billheads
8335,Traffic accidents. Traffic safety,Road Accidents & Safety
7819,Translating as a literary pursuit,Literary Translation
13534,Translating services. Translating,Scientific Translation
7784,Translations of English literature,English Literature Translation
13718,Transportation by Region or Country,Transportation by Region
8176,Treatises on intaglio processes,Intaglio Treatises
8181,Tribology. Lubrication and friction,Tribology
7113,Truck-mounted campers and coaches,Truck Campers & Coaches
13637,U.S. Literary Biography & Memoirs,U.S. Literary Lives & Memoirs
4315,U.S. Regional Literary Criticism,U.S. Regional Lit. Criticism
9393,Universe. Space. Space sciences,Space Science
6617,Vacation schools. Summer schools,Summer & Vacation Schools
8707,Volunteer services in hospitals,Hospital Volunteering
8661,Women in medicine. Women physicians,Women in Medicine
13538,Women in science. Women scientists,Women in Science
9739,Women in the environmental movement,Women in Environmentalism
1455,Women’s Biographies for Children,Women’s Lives for Kids
6947,Wood engravers (Lives and works),Wood Engravers’ Lives & Works
2376,World atlases. Atlases of the Earth,World Atlases
9418,"World maps, general atlases, etc.",World Maps & Atlases
11494,"Worship, Devotion & Religious Life",Catholic Worship & Devotion
7428,Wounds by type or causative agent,Wounds by Type & Cause
1879,YA Christian Historical Fiction,YA Christian Hist. Fiction
51019,"Eisenhower Administrations, 1953–1961","Eisenhower, 1953–1961"
51017,"Franklin D. Roosevelt Administrations, 1933–1945","F. D. Roosevelt, 1933–1945"
50999,"George H. W. Bush Administration, 1989–1993","G. H. W. Bush, 1989–1993"
51010,"Theodore Roosevelt Administrations, 1901–1909","Theodore Roosevelt, 1901–1909"
6207,Other National Education Directories,Other Education Directories
13164,"Academic Tenure, Dismissal & Leave",Academic Employment Terms
13336,Algebraic & Transcendental Numbers,Algebraic & Transcendental Nos.
8191,"Alluvial fans, deltas, terraces",Alluvial Landforms
13638,U.S. Literary History by Period,U.S. Lit. History by Period
13673,Ancient & Early Literary History,Ancient & Early Lit. History
9753,Ancient Greek Literary Relations,Ancient Greek Lit. Relations
13622,Ancient Roman History Reference,Roman History Reference
13548,"Anecdotes, facetiae, satire, etc.",Science Anecdotes & Humor
5721,Applied & Computational Mathematics,Applied & Computational Math
11744,Arbitration & Dispute Resolution,Dispute Resolution
12848,Archaeology by Prehistoric Period,Prehistoric Archaeology by Era
8379,Art Museum Catalogs & Handbooks,Art Museum Guides & Catalogs
12876,Association & Reproduction of Ideas,Idea Association & Recall
7810,"Ballets, masques, pantomimes, etc.",Dance & Pantomime Libretti
10072,Benelux (Low Countries). Belgium,Benelux Bibliography
13488,Benelux Countries. Low Countries,Benelux Local Government
13138,Biblical Exegesis & Hermeneutics,Biblical Interpretation
2630,Body Cleansing & Detoxification,Cleansing & Detoxification
11527,"British Administration, 1802–1947","British Rule, 1802–1947"
13261,Buddhist Antiquities & Archaeology,Buddhist Archaeology
13218,Buddhist Literature & Collections,Buddhist Literature
5856,Business & Professional Practice,Photography Business
1748,"Careers, Occupations, Internships",Careers & Internships
13060,"Ceremonies, Rites, Hymns & Chants","Rites, Hymns & Chants"
7407,Children’s Literature Biographies,Kids’ Literature Biographies
13205,Christian Philosopher Biographies,Christian Philosophers’ Lives
8493,Classical Philology Biographies,Classical Philologists’ Lives
7470,Collections of essays in criticism,Literary Criticism Essays
12775,Communal & Public Land Ownership,Communal & Public Land
5388,Comparative Human–Animal Psychology,Human–Animal Psychology
6207,Other Education Directories,Other National Ed. Directories
7810,Dance & Pantomime Libretti,"Ballet, Masque & Mime Libretti"
8478,Complications of transplantation,Transplant Complications
5264,"Con Artists, Hoaxes & Deceptions",Con Artists & Hoaxes
11762,Conservatism & Liberalism — General,Conservatism & Liberalism
11854,Cooperative Housing & Condominiums,Housing Co-ops & Condominiums
4489,Cosmology (Philosophy of nature),Philosophical Cosmology
12877,"Creativity, Imagination & Invention",Creative Thinking
9767,Criminal & Juvenile Social Work,Criminal Justice Social Work
10054,Death Determination & Certification,Death Certification & Diagnosis
7923,"Design, construction and equipment",Vehicle Design & Equipment
2586,"Diseases of the glands, hair, nails","Hair, Nail & Skin Gland Disease"
10,Documents and other collections,Agricultural Documents
1349,"Drugs, Alcohol, Substance Abuse",Kids’ Drugs & Alcohol Fiction
1518,"Drugs, Alcohol, Substance Abuse",Kids’ Drugs & Alcohol
1700,"Drugs, Alcohol, Substance Abuse",Youth Drugs & Alcohol
1917,"Drugs, Alcohol, Substance Abuse",YA Drugs & Alcohol Fiction
10284,"Early Ottoman Period, 1526–1606","Early Ottoman Rule, 1526–1606"
13388,Eastern Europe. Warsaw Pact Forces,East European & Warsaw Armies
8244,"Eccentric literature, curiosa, etc.",Literary Curiosities
9713,Educational Writing & Communication,Educational Communication
258,Electricity for amateurs. Amateur,Amateur Electrical Engineering
4737,Electronic information resources,Electronic Resources
9016,English Literary Study Collections,English Lit. Study Collections
8976,Ethnography of Western countries,Postwar Western Ethnography
8560,European Architectural Competitions,European Architecture Contests
2789,Eye Refraction & Focus Disorders,Refraction & Focus Disorders
11764,Fascism & Totalitarianism — General,Fascism & Totalitarianism
13120,Food-Animal Veterinary Medicine,Food-Animal Medicine
12697,Francophone Canadian Literature,French Canadian Literature
5328,Freedom of the Press & Censorship,Press Freedom & Censorship
3336,French-speaking Equatorial Africa,Francophone Equatorial Africa
5319,General & Comparative Religious Law,Comparative Religious Law
12843,General & Other Asian Religions,Other Asian Religions
2789,Refraction & Focus Disorders,Eye Refraction & Focus Disorders
13388,East European & Warsaw Armies,Eastern Europe & Warsaw Pact Forces
7195,Genetic engineering applications,Applied Genetic Engineering
7486,Geological time. Age of the earth,Geologic Time & Earth’s Age
10618,German WWI Submarine Operations,German WWI Submarine Warfare
10342,German WWII Submarine Operations,German WWII Submarine Warfare
678,Graphic Arts & Communication Design,Graphic & Communication Design
3220,History of Biography & Biographers,Biography & Biographer History
7133,History. Collections in book form,Metal Engraving History
4540,Hosting & Entertaining Etiquette,Hosting Etiquette
10579,Hungarian WWI Military Operations,Hungarian WWI Campaigns
6255,Hygiene for mothers and children,Mother & Child Hygiene
9527,Incantations. Evocations. Grimoire,Spells & Grimoires
3005,Indigenous Food of the Americas,Indigenous American Food
7183,Industrial Engineering Profession,Industrial Engineering Careers
1573,Inspirational & Personal Growth,Inspiration & Personal Growth
2059,Inspirational & Personal Growth,Inspiration & Personal Growth
774,Instrumental Music for Children,Kids’ Instrumental Music
9392,Instrumental music for children,Kids’ Instrumental Music
7476,Integrated solid waste management,Integrated Waste Management
6659,International Music Bibliographies,Global Music Bibliographies
7539,International Music Directories,Global Music Directories
9636,International telecommunications,International Telecoms
10540,"Interwar & World War II, 1918–1945","Interwar & WWII, 1918–1945"
10674,"Interwar & World War II, 1918–1945","Interwar & WWII, 1918–1945"
13817,Islam in Relation to Special Topics,Islam & Other Topics
10333,Italian WWI Military Operations,Italian WWI Campaigns
10508,Japanese WWI Military Operations,Japanese WWI Campaigns
10750,Japanese WWII Submarine Operations,Japanese WWII Submarine Warfare
13250,Jewish Public Administration Law,Jewish Administrative Law
13282,King James & New King James Bibles,King James & New King James
7695,Languages of Southeastern Europe,Southeast European Languages
12334,Large Industry & Factory System,Large Industry & Factories
4279,Latin & related Italic literatures,Latin & Italic Literatures
12923,Law in Relation to Other Topics,Law & Other Topics
6148,Library Cooperation & Coordination,Library Cooperation
6446,Literary Composition Techniques,Writing Techniques
7321,Literary Translation into English,Translation into English
13282,King James & New King James,KJV & NKJV Bibles
7321,Translation into English,Lit. Translation into English
7476,Integrated Waste Management,Integrated Solid Waste Mgmt.
10470,"Long Nineteenth Century, 1815–1918","Long 19th Century, 1815–1918"
10622,"Long Nineteenth Century, 1815–1918","Long 19th Century, 1815–1918"
6352,Lyceums and lecture courses. Forums,Adult Lectures & Forums
8230,Manipulation or control by others,Psychological Manipulation
791,Manuscript studies and manuscripts,Music Manuscripts
135,Mathematical & Statistical Software,Math & Statistics Software
11075,Mechanical Logic Systems & Machines,Logic Machines & Systems
13601,Mental Health Assessment Interviews,Mental Health Interviews
7165,Minor Iranian Languages & Dialects,Minor Iranian Languages
8237,Modern Higher Education History,Modern Higher Education Hist.
9834,Modern Icelandic Literary History,Modern Icelandic Lit. History
4705,Modern encyclopedias. By language,Encyclopedias by Language
4752,Museums. Collectors and collecting,Museums & Collecting
12963,National & Regional Film Histories,Film History by Region
13283,New International Version Family,NIV Bible Versions
4397,Norwegian Children’s Literature,Norwegian Kids’ Literature
9278,Nuclear Engineering Biographies,Nuclear Engineers’ Lives
2772,Occupational & Industrial Medicine,Occupational Medicine
9729,Operations in organic chemistry,Organic Chemistry Techniques
8040,"Pamphlets, addresses, sermons, etc.",WWI Pamphlets & Speeches
1271,"Paranormal, Occult & Supernatural",Kids’ Supernatural Fiction
1845,"Paranormal, Occult & Supernatural",YA Supernatural Fiction
2804,Pathological anatomy and histology,Anatomical Pathology
4808,Physical and theoretical chemistry,Physical & Theoretical Chem.
2873,Plastic surgery. Reparative surgery,Plastic & Reparative Surgery
3359,Portuguese-speaking West Africa,Lusophone West Africa
10529,"Post-Communist Era, 1989–Present","Post-Communism, 1989–Present"
10586,"Post-Communist Era, 1989–Present","Post-Communism, 1989–Present"
11547,"Post-Communist Era, 1989–Present","Post-Communism, 1989–Present"
10320,"Post-Communist Era, 1990–Present","Post-Communism, 1990–Present"
12851,Prehistoric Archaeology by Region,Regional Prehistoric Archaeology
9772,"Problems, handbooks, examinations",Anesthesiology Study Guides
9262,Program planning and supervising,Recreation Program Management
6729,Protection and cultivation of art,Art Protection & Promotion
5480,"Protection, assistance and relief",Welfare Assistance & Relief
4243,"Provincial, local, colonial, etc.",Regional French Literature
4252,"Provincial, local, colonial, etc.",Regional German Literature
4454,"Provincial, local, colonial, etc.",Regional Portuguese Literature
563,"Public, Commercial & Industrial",Nonresidential Buildings
13068,Race—General & Historical Study,Race History & Studies
12224,Readers for Particular Audiences,Special-Audience Readers
11172,Religious aspects. Spirituality,Spiritual Counseling
10177,Renaissance. 14th-16th centuries,"Renaissance, 14th–16th C."
6193,"Rural Health, Hygiene & Services",Rural Health & Services
11793,Russian & Former Soviet Politics,Russian & Ex-Soviet Politics
7297,Science of language (Linguistics),Linguistics
6769,"Self, Subsidy & Vanity Publishing",Self & Subsidized Publishing
4466,Slavic & Baltic Literary Studies,Slavic & Baltic Lit. Studies
8024,Social Groups in Roman Literature,Social Groups in Roman Lit.
13683,Social Groups in U.S. Literature,Social Groups in U.S. Lit.
11810,Stepparenting & Foster Parenting,Step & Foster Parenting
437,Superconductors & Superconductivity,Superconductivity
8515,Student Correspondence & Pen Pals,Student Correspondence
5731,"Study, Commentary & Interpretation",Bible Study & Interpretation
7522,Swedish Literary Scholars’ Lives,Swedish Lit. Scholars’ Lives
12646,Teachers & Personnel Management,School Personnel Management
9784,Technical examination. Expertising,Art Analysis & Authentication
967,"Techniques, equipment & materials","Photo Methods, Gear & Materials"
9794,Technology. Information technology,Higher Education Technology
11830,Temporary Employment & Second Jobs,Temporary Work & Second Jobs
9413,Temporomandibular Joint Disorders,TMJ Disorders
5356,The armed conflict. War and order,War & International Order
7314,The embryo and fetus. Perinatology,"Embryos, Fetuses & Perinatology"
3862,Themes & Groups in U.S. Literature,U.S. Literary Themes & Groups
488,Transportation & Communications,Transport & Communications
13303,Transportation & Communications Law,Transport & Communications Law
8416,U.S. Architectural Competitions,U.S. Architecture Contests
7845,"Wasteways, spillways, weirs, etc.","Spillways, Weirs & Wasteways"
5461,Will. Volition. Choice. Control,"Will, Choice & Self-Control"
6322,Wireless telegraph. Radiotelegraphy,Radiotelegraphy
5410,Work & Organizational Psychology,Work & Organizational Psych.
10410,"World War II Occupation, 1939–1945","WWII Occupation, 1939–1945"
51060,South African Foreign Relations History,South African Diplomatic Hist.
51052,Vietnamese Foreign Relations History,Vietnamese Diplomatic History
51059,Nicaraguan Foreign Relations History,Nicaraguan Diplomatic History
51068,Panamanian Foreign Relations History,Panamanian Diplomatic History
51069,Australian Foreign Relations History,Australian Diplomatic History
6632,Automatism & Extrasensory Perception,Automatism & ESP
13240,EU Constitutional & Organization Law,EU Constitutional & Org. Law
7023,Molecular genetics. Genetic engineering,Molecular Genetics & Engineering
50850,Afro-American Status & Social Development,Afro-American Social Conditions
50993,"Kennedy Administration, 1961–1963","John F. Kennedy, 1961–1963"
50994,"Johnson Administration, 1963–1969","Lyndon Johnson, 1963–1969"
50995,"Nixon Administration, 1969–1974","Richard Nixon, 1969–1974"
50997,"Carter Administration, 1977–1981","Jimmy Carter, 1977–1981"
50998,"Reagan Administration, 1981–1989","Ronald Reagan, 1981–1989"
51000,"Clinton Administration, 1993–2001","Bill Clinton, 1993–2001"
51012,"Wilson Administrations, 1913–1921","Woodrow Wilson, 1913–1921"
51014,"Harding Administration, 1921–1923","Warren Harding, 1921–1923"
51015,"Coolidge Administration, 1923–1929","Calvin Coolidge, 1923–1929"
51016,"Hoover Administration, 1929–1933","Herbert Hoover, 1929–1933"
51018,"Truman Administrations, 1945–1953","Harry Truman, 1945–1953"
51024,Chinese Foreign Relations History,Chinese Diplomatic History
51025,Japanese Foreign Relations History,Japanese Diplomatic History
51026,Canadian Foreign Relations History,Canadian Diplomatic History
51027,Cuban Foreign Relations History,Cuban Diplomatic History
51028,Iranian Foreign Relations History,Iranian Diplomatic History
51029,German Foreign Relations History,German Diplomatic History
51030,British Foreign Relations History,British Diplomatic History
51031,French Foreign Relations History,French Diplomatic History
51032,Russian Foreign Relations History,Russian Diplomatic History
51044,Israeli Foreign Relations History,Israeli Diplomatic History
51045,Mexican Foreign Relations History,Mexican Diplomatic History
51046,Indian Foreign Relations History,Indian Diplomatic History
51050,Turkish Foreign Relations History,Turkish Diplomatic History
51051,Iraqi Foreign Relations History,Iraqi Diplomatic History
51053,Taiwanese Foreign Relations History,Taiwanese Diplomatic History
51061,Spanish Foreign Relations History,Spanish Diplomatic History
51062,Italian Foreign Relations History,Italian Diplomatic History
51070,Brazilian Foreign Relations History,Brazilian Diplomatic History
51071,Pakistani Foreign Relations History,Pakistani Diplomatic History
51076,Afghan Foreign Relations History,Afghan Diplomatic History
51077,Argentine Foreign Relations History,Argentine Diplomatic History
51078,Egyptian Foreign Relations History,Egyptian Diplomatic History
13510,"Periodicals, Societies & Serials",U.S. Prose Serials & Societies
13564,Periodicals. Societies. Serials,Film Serials & Societies
13590,Periodicals. Societies. Serials,Psychotherapy Serials & Orgs.
6169,"Problems, Exercises & Examinations",Public Health Study & Exams
8411,Collected essays. Lectures. Studies,Greek Lit. Essays & Lectures
6953,Collected essays. Studies. Lectures,Roman Lit. Essays & Lectures
7799,"Collected memoirs, letters, etc.",U.S. Memoir & Letter Anthologies
6852,Physical and chemical properties,Cell Physics & Chemistry
8003,Practice of special chancelleries,Chancellery Document Practices
8514,Universal in scope. By language,World Biographies by Language
7927,Special languages (alphabetically),Individual African Languages
9333,Specific aspects of space vehicles,Spacecraft Topics
2717,Special situations and conditions,Specialized Internal Medicine
12957,"Societies, Institutes & Prelatures",Catholic Bodies & Prelatures
12859,General & Comparative Traditions,Comparative Buddhist Traditions
4457,Literary history,Roman Literary History
4256,Literary history,Greek Literary History
12889,General International Relations,International Relations Basics
2254,"Philosophy, Theory & Social Aspects",Foundations of Education
12959,Documents & Collected Works,Catholic Documents & Writings
11492,"Reference, History & Study",Catholic Studies & Reference
6152,"Reference, History & Study",Public Health Study & Reference
3912,17th and 18th centuries (1640-1770),"17th–18th C., 1640–1770"
3915,"19th century, 1770/1800-1890/1900","19th C., 1770/1800–1890/1900"
7629,"Broadsides, 15th–16th Centuries","Broadsides, 15th–16th C."
11000,Earlier 19th century to 1860/1870,"Early 19th C., to 1860/1870"
3411,"Early 19th Century, 1801/1809–1845","Early 19th C., 1801/1809–1845"
11063,Later 18th and early 19th centuries,Late 18th–Early 19th C.
3670,"Long 19th Century, 1789–1914/1920","Long 19th C., 1789–1914/1920"
3415,"Mid-19th Century, 1845/1848–1861","Mid-19th C., 1845/1848–1861"
9467,Nineteenth century (1776/89-1870),"19th C., 1776/89–1870"
10649,Belgian and operations in Belgium,WWI: Belgium & Belgian Forces
4264,Chinese language and literature,Chinese Language & Literature
4267,Japanese language and literature,Japanese Language & Literature
4913,Human and comparative histology,Human & Comparative Histology
780,Instrumentation and orchestration,Instrumentation & Orchestration
3762,Iranian philology and literature,Iranian Philology & Literature
8583,Medical climatology and meteorology,Medical Climatology & Meteorology
5046,Neurophysiology and neuropsychology,Neurophysiology & Neuropsychology
3811,Semitic philology and literature,Semitic Philology & Literature
9899,Spirochetal and protozoan diseases,Spirochetal & Protozoan Disease
3817,West and North Semitic languages,West & North Semitic Languages
8642,Plumbing of special rooms and areas,Plumbing by Room & Area
10492,Political history and institutions,Medieval Politics & Institutions
10596,Traditional kingdoms and empires,West African Kingdoms & Empires
51082,"George W. Bush Administrations, 2001–2009","George W. Bush, 2001–2009"
51096,Civil War Medical & Hospital Services,Civil War Medicine & Hospitals
13481,Czechoslovakia. Czech Republic. Bohemia,Czech & Czechoslovak Local Govt.
51083,"Obama Administrations, 2009–2017","Barack Obama, 2009–2017"
51084,"Trump Administration, 2017–2021","Donald Trump, 2017–2021"
51085,"Biden Administration, 2021–2025","Joe Biden, 2021–2025"
51102,"Washington Administrations, 1789–1797","George Washington, 1789–1797"
51103,"John Adams Administration, 1797–1801","John Adams, 1797–1801"
51104,"Jefferson Administrations, 1801–1809","Thomas Jefferson, 1801–1809"
51106,"Madison Administrations, 1809–1817","James Madison, 1809–1817"
51107,"Monroe Administrations, 1817–1825","James Monroe, 1817–1825"
51108,"John Quincy Adams Administration, 1825–1829","John Quincy Adams, 1825–1829"
51109,"Jackson Administrations, 1829–1837","Andrew Jackson, 1829–1837"
51110,"Van Buren Administration, 1837–1841","Martin Van Buren, 1837–1841"
51111,"William Henry Harrison Administration, 1841","William Henry Harrison, 1841"
51112,"Tyler Administration, 1841–1845","John Tyler, 1841–1845"
51115,"Taylor Administration, 1849–1850","Zachary Taylor, 1849–1850"
51116,"Fillmore Administration, 1850–1853","Millard Fillmore, 1850–1853"
51117,"Pierce Administration, 1853–1857","Franklin Pierce, 1853–1857"
51118,"Buchanan Administration, 1857–1861","James Buchanan, 1857–1861"
51098,Civil War Memorials & Monuments,Civil War Memorials
51099,Civil War Illustrative Material,Civil War Visual Material
51100,"Confederation Period, 1775–1789","Confederation, 1775–1789"
51101,"Constitutional Period, 1789–1809","Constitutional Era, 1789–1809"
51120,Revolutionary Political History,American Revolution Politics
51122,Revolutionary War Military Operations,Revolutionary War Operations
51123,Revolutionary Diplomatic History,American Revolution Diplomacy
51126,Revolutionary Personal Narratives,Revolutionary War Life Writing
51127,Women in the American Revolution,American Revolution: Women
51131,Revolutionary War Medical Services,Revolutionary War Medicine
51132,Revolutionary Commemoration & Cultural Material,U.S. Revolution: Memory & Culture
5689,"General, Mixed Media & Reference",Mixed Media Crafts & Reference
12441,Migration: General Works & Policy,Migration Policy & Studies
11566,"Republic, 1949–1990: Early, 1949–1961","Early DDR, 1949–1961"
11560,"Republic, 1949–1990: Late, 1971–1990","Late DDR, 1971–1990"
51145,"Andrew Johnson Administration, 1865–1869","Andrew Johnson, 1865–1869"
51146,"Grant Administrations, 1869–1877","Ulysses S. Grant, 1869–1877"
51147,"Hayes Administration, 1877–1881","Rutherford B. Hayes, 1877–1881"
51149,"Arthur Administration, 1881–1885","Chester A. Arthur, 1881–1885"
51150,"Cleveland Administration, 1885–1889","Grover Cleveland, 1885–1889"
51151,"Benjamin Harrison Administration, 1889–1893","Benjamin Harrison, 1889–1893"
51152,"Cleveland Administration, 1893–1897","Grover Cleveland, 1893–1897"
51153,"McKinley Administration, 1897–1901","William McKinley, 1897–1901"
51143,U.S. Civilization & Intellectual Life,U.S. Culture & Intellectual Life
51164,Mennonite & Amish American History,U.S. Mennonite & Amish History
51167,"African American History, 1863–1877","Afro-American Hist., 1863–1877"
51168,"African American History, 1877–1964","Afro-American Hist., 1877–1964"
51169,African American History Since 1964,Afro-American Hist. Since 1964
51170,African American Interracial Relations,Afro-American Race Relations
51172,African American Military History,Afro-American Military History
51174,African American Economic Conditions,Afro-American Econ. Conditions
51175,African American Social Life & Customs,Afro-American Social Life
51185,African American Regional History,Afro-American Regional History
51186,"U.S. Political History, 20th Century","U.S. Political Hist., 20th C."
51187,"U.S. Foreign Relations, 20th Century","U.S. Foreign Relations, 20th C."
51188,"U.S. Military History, 20th Century","U.S. Military Hist., 20th C."
51189,"U.S. Naval History, 20th Century","U.S. Naval History, 20th C."
