concept_id,preferred_label,characters,parents
10394,1956-1987. Independence. Bourguiba administration,49,Maghrib. Barbary States
7406,Destruction of books and libraries. Book burning,48,Freedom of the Press & Censorship
7682,Dining room service. Table service. Wine service,48,"Hospitality industry. Hotels, clubs,"
13332,"Divisibility, Congruences & Diophantine Analysis",48,Number Theory
7126,Elemental spirits. Genii. Elves. Fairies. Gnomes,48,Demonology
7318,Exchange of students and scholars. Foreign study,48,Higher education
10152,"French Revolutionary & Napoleonic Era, 1789–1815",48,"Early Modern, 1519–1815"
9389,"Gastronomy, pleasures of the table, dining, etc.",48,Nutrition. Foods and food supply
4516,"General works, treatises, and advanced textbooks",48,Logic & Reasoning
667,"Greeting Cards, Postcards, Invitations & Jackets",48,Drawing & Illustration
8622,"Ground support systems, operations and equipment",48,Astronautics. Space travel
2388,"History of discoveries, explorations, and travel",48,Geography (General)
3753,Hyperborean languages of Arctic Asia and America,48,Languages & Language Families
7391,"Landscapes, views, mountains, etc. Places in art",48,Special subjects of art
11198,Metaphysics of the school. Scholastic philosophy,48,Metaphysics & Ontology
9449,Neuromuscular manifestations of general diseases,48,Specialties of internal medicine
12976,"Peace Movements, Antiwar Movements & Nonviolence",48,Peace & Conflict Resolution
6478,"Photography in surveying, aerial surveying, etc.",48,Surveying
8854,Physical education facilities. Sports facilities,48,Physical education and training
2739,Practice of medicine. Medical practice economics,48,Medicine (General)
8721,Radioactive techniques in laboratory examination,48,Clinical pathology. Laboratory technique
9707,"Relations to, and treatment of, special subjects",48,Poetry
11872,Social Security in Latin America & the Caribbean,48,"Social Insurance, Social Security & Pensions"
6570,Stratigraphic divisions (General and zoological),48,Paleontology
778,Stringed instruments. Bowed stringed instruments,48,Instrumental techniques
9275,Textile printing. Calico printing. Cotton dyeing,48,"Textile bleaching, dyeing, printing, etc."
8790,Typewriters. Typewriting. Keyboards. Keyboarding,48,Writing
13300,"Agriculture, Forestry & Extractive-Industry Law",47,"Economic, Labor & Trade Regulation"
9625,Apparatus auxiliary to dynamoelectric machinery,47,Dynamoelectric machinery and auxiliaries
6799,Biochemical engineering. Bioprocess engineering,47,Biotechnology
9578,"Blank books for personal records, diaries, etc.",47,Biography. By subject
8522,Broadcasting. Radio and television broadcasting,47,Telecommunication industry. Telegraph
13147,Business Cycles—Social Aspects & Related Topics,47,Business cycles. Economic fluctuations
9485,"Collections of maps, globes, etc. Map libraries",47,Cartography
7664,"College, Intramural & Interscholastic Athletics",47,Physical education and training
9826,"Composition, typesetting, makeup. Style manuals",47,Practical printing
6763,Constitution of matter and antimatter (General),47,Atomic & Molecular Physics
6670,Decorative painting (Commercial and industrial),47,Interior decoration. House decoration
9241,"Earth movements and building. Subsidences, etc.",47,Systems of building construction
13298,"Economic Constitution, Policy & Development Law",47,"Economic, Labor & Trade Regulation"
8402,Effect of physical and chemical agents on cells,47,Cytology
7519,Electronic information resources. Digital media,47,Information in specific formats or media
13290,European Comparative Law—General & Institutions,47,Regional comparative and uniform law (Europe)
6250,Exhibitions. Museums. Collectors and collecting,47,Aeronautics. Aeronautical engineering
8121,Exhibitions. Museums. Collectors and collecting,47,Motor vehicles. Cycles
7135,"Forensic examination of blood, hair, skin, etc.",47,Forensic & Legal Medicine
3335,French West Africa. French Sahara. West Sahara.,47,West Africa
8553,Geographical divisions (General and zoological),47,Paleontology
11180,Influence of Greek philosophy on modern thought,47,Greece
9852,Influence of special factors in the environment,47,Ecology
13314,Intellectual Property & Related Competition Law,47,"IP, Competition & Consumer Law"
8428,Japanese colored wood engravings. Ukiyoe prints,47,Wood engraving
9530,Languages of Central Asia and Chinese Turkestan,47,Extinct Ancient & Medieval Languages
6147,"Libraries & Publishing, Libraries & Bookselling",47,Community & Outreach
6553,Literary landmarks. Homes and haunts of authors,47,Authorship
6614,Literary landmarks. Homes and haunts of authors,47,English essays; English letters; Oratory & Speeches
7409,Literary landmarks. Homes and haunts of authors,47,History of German literature
9110,Literary landmarks. Homes and haunts of authors,47,History and criticism
2735,Medicine and disease in relation to psychology.,47,Medicine (General)
6575,Metal finishing and surface treatment (General),47,Metal manufactures. Metalworking
4755,"Museum studies. Museum methods, technique, etc.",47,Museums. Collectors and collecting
13566,"Museums, archives, exhibitions, festivals, etc.",47,Film
6326,Optoelectronic devices. Photoelectronic devices,47,Electronics
9746,Packaging for protection from mechanical damage,47,Packaging
12948,"Preservation, Conservation & Antiquities Policy",47,Archaeology
9279,Relation between higher and secondary education,47,Higher education
11080,Relation to critical and speculative philosophy,47,Relation to other topics
6736,"Relations to modern literature; Influence, etc.",47,Literary history
431,Remote Sensing & Geographic Information Systems,47,"Civil, Structural & Construction"
13860,"Society, Culture & Australian Capital Territory",47,Australia
7712,Statistics as a profession. Vocational guidance,47,Probabilities. Mathematical statistics
9584,Sustainable buildings. Sustainable construction,47,Architectural engineering. Structural
13114,"Veterinary Medicine—General, History & Practice",47,Veterinary Medicine
8125,Water and civilization. Rivers and civilization,47,Relation to special topics
11144,"Women. Beauties of female character, etc. Charm",47,Applied Ethics & Conduct of Life
721,Administration and instruction of vocal groups,46,Instruction & Study
3,Agricultural chemistry. Agricultural chemicals,46,"Soils, Climate & Agricultural Science"
7004,Alcohol and the family. Children of alcoholics,46,Alcoholism. Intemperance. Temperance reform
9002,"Analysis, tests, recorders, purification, etc.",46,Gas industry
6966,"Austronesian, Papuan, and Australian languages",46,Languages of Oceania
6061,"Automobiles, Automobile Travel, Motor Vehicles",46,Transport & Infrastructure
6227,"Biography of teachers, critics, and historians",46,Literary history and criticism
7522,"Biography of teachers, critics, and historians",46,Literary history and criticism
7562,"Biography of teachers, critics, and historians",46,Literary History & Criticism
8363,"Biography of teachers, critics, and historians",46,History and criticism
9947,"Biography of teachers, critics, and historians",46,History and criticism
492,Cellular telephone services industry. Wireless,46,Telecommunications & Broadcasting
13325,Comparative Constitutional Principles & Rights,46,Constitutional Foundations & Rights
10200,"Democratic Republic (North Vietnam), 1945-1975",46,French Indochina
7028,Departments of public health. Boards of health,46,Medicine and the state
252,Distribution or transmission of electric power,46,Electrical engineering. Electronics. Nuclear
299,Environmental effects of industries and plants,46,Environmental
13297,European Comparative Economic & Regulatory Law,46,Regional comparative and uniform law (Europe)
13292,European Comparative Intellectual-Property Law,46,Regional comparative and uniform law (Europe)
9093,European social life and customs. Civilization,46,Period between World Wars (1919-1939)
3298,Ghosts. Apparitions. Hauntings. Haunted places,46,Occult sciences
322,Highway design. Interchanges and intersections,46,Highway engineering. Roads and pavements
13233,International Disputes & Law of Armed Conflict,46,Law of nations
13232,International Law of Peace & Peace Enforcement,46,Law of nations
13229,"International Law—Theory, History & Publicists",46,Law of nations
9519,Languages of South America and the West Indies,46,Indigenous Languages of the Americas
6142,"Libraries & Teenagers, Young Adults' Libraries",46,Education & User Groups
3300,Magic (White and Black). Shamanism. Hermetics.,46,Occult sciences
3503,Malaysia. Malay Peninsula. Straits Settlements,46,Southeast Asia
9134,Manufacturing engineering. Process engineering,46,Production management. Operations
6234,Mathematical theory of the figure of the earth,46,Geodesy
11041,Mechanism. Mechanical theories of the universe,46,"Teleology, Causation & Purpose"
2896,Misuse of therapeutic drugs. Medication errors,46,Pharmacology & Therapeutics
11034,Moral and ethical aspects. Professional ethics,46,Counseling psychology. Counseling
7310,"Numeration, number concept, numeration systems",46,Elementary mathematics. Arithmetic
13144,Other Analytical Methods for Physical Problems,46,Analytical Methods in Physics
13323,Philosophy & Social Aspects of Science—General,46,Philosophy & Social Aspects
8069,Precious metals. Gold and silver work. Jewelry,46,Metal manufactures. Metalworking
13620,"Production, Productivity & Industrial Location",46,Economic history
8565,Radiation environment procedures and equipment,46,Nuclear engineering. Atomic power
5318,Regional organization and integration (Europe),46,International & Comparative Law
10866,"Relation to aesthetics (Art, literature, etc.)",46,Ethics
2323,"School Administration, Management & Discipline",46,Theory and practice of education
6669,"School, Intramural & Interscholastic Athletics",46,Physical education and training
13188,"Soil Fertility, Nutrition & Crop Relationships",46,Soils. Soil science
6881,"Stewarding, Catering & Kitchen-Control Manuals",46,"Hospitality industry. Hotels, clubs,"
3626,Terrestrial evidence of interplanetary voyages,46,Civilization
7321,Translation of foreign literature into English,46,Relations to other literatures and countries
13115,Veterinary Public Health & Preventive Medicine,46,Veterinary Medicine
2383,"Adventures, shipwrecks, buried treasure, etc.",45,Geography (General)
6898,After-school programs. After-school education,45,Forms of education
9913,"Alcoholism and the state. Regulation, control",45,Alcoholism. Intemperance. Temperance reform
8947,Aleatory music. Electronic music. Mixed media,45,Instrumental music
13051,Apologetics against Opponents of Christianity,45,Apologetics & Interfaith Theology
5956,"Applications, Résumés & Employment Portfolios",45,Careers
8392,Applied acoustooptics. Acoustooptical devices,45,Applied optics. Photonics
8183,Art study in elementary and secondary schools,45,Study & Teaching
199,Buildings: Construction with reference to use,45,Building construction
9495,Choice of subject. Titles. Themes and motives,45,Special subjects
10074,Choice of subject. Titles. Themes and motives,45,Special subjects of art
5329,"Civics, Citizenship & Political Participation",45,Rights & Citizenship
726,Composition. Elements and techniques of music,45,Music theory
9867,Computer-assisted drafting. Computer graphics,45,Mechanical drawing. Engineering graphics
2583,Congenital disorders of the skin. Nevi. Moles,45,Dermatology
665,"Copying, enlarging, and reduction of drawings",45,Drawing & Illustration
5884,Cultivation Methods & Controlled Environments,45,Plant Production & Horticulture
9368,Dormitories. Residence halls. Student housing,45,School Facilities & Architecture
848,Elementary schools. Junior high schools. High,45,School music
11188,Epistemology and ethics. Intellectual virtues,45,Epistemology & Knowledge
4710,Family history covering more than one country,45,Genealogy & Heraldry
11,Farm economics. Farm management. Agricultural,45,Agriculture
13057,"Greek Style, Rhetoric, Etymology & Lexicology",45,Greek
10303,"Historic monuments, landmarks, etc. (General)",45,Central Africa
10634,History of several countries treated together,45,World histories
9809,History. Collections of etchings in book form,45,Etching and aquatint
6687,Hospital patients. Hospital-patient relations,45,Hospitals & Clinics
7621,"Hypodermic, Intradermal & Intramuscular Drugs",45,Drug Administration
447,Industrial research. Research and development,45,"Research, Innovation & Intellectual Property"
7340,Kannada. Kanarese (including Baḍaga dialect),45,Dravidian languages
15,"Land Improvement, Reclamation & Fertilization",45,Agricultural Engineering & Infrastructure
8224,Languages of Asia Minor (Anatolian languages),45,Extinct Ancient & Medieval Languages
5303,Law societies. International bar associations,45,International & Comparative Law
6236,"Manuals of instruction, etc. Courses of study",45,Primary & Elementary Education
13321,Mathematical Economics & Quantitative Methods,45,Methodology
2732,"Medical Physics, Radiology & Nuclear Medicine",45,Medicine (General)
6929,Medical laboratory technology as a profession,45,Clinical pathology. Laboratory technique
6913,Mendicancy. Vagabondism. Tramps. Homelessness,45,"Protection, assistance and relief"
7763,Motor vehicle operation. Automobile operation,45,Motor vehicles. Cycles
11350,"National Awakening & Imperial Rule, 1800–1918",45,Latvia
11386,"National Awakening & Imperial Rule, 1800–1918",45,Estonia
7188,"National Diet, Food Supply & Nutrition Policy",45,Nutrition. Foods and food supply
4272,Non-Aryan Languages of India & Southeast Asia,45,"Languages of Eastern Asia, Africa, Oceania"
6495,Nutrition for Disabled Children & Adolescents,45,Child & Adolescent Nutrition
2571,Oral and dental medicine. Pathology. Diseases,45,Dentistry
7962,Permanent way. Superstructure. Roadway. Track,45,Railway construction
11499,"Principality & Kingdom of Bulgaria, 1878–1944",45,Bulgaria
7300,Properties of matter and antimatter (General),45,Atomic & Molecular Physics
3309,Psychic research. Psychology of the conscious,45,Parapsychology & Occultism
10902,"Psychology of influence, pattern, and example",45,Psychology
13042,"Reasoning, Judgment & Other Thought Processes",45,Thought & Reasoning
5317,Regional comparative and uniform law (Europe),45,International & Comparative Law
7955,"Registration of physicians, pharmacists, etc.",45,Medicine and the state
11385,"Revolution, Soviet Formation & War, 1917–1945",45,Russia
6995,Rhinitis. Acute nasopharyngitis (Common cold),45,Rhinology & Sinonasal Diseases
12040,Russia. Soviet Union. Former Soviet republics,45,Europe
13463,Russia. Soviet Union. Former Soviet republics,45,Europe
13489,Russia. Soviet Union. Former Soviet republics,45,Europe
9021,Self-control. Willpower. Self-help techniques,45,Will. Volition. Choice. Control
8172,"Syllogisms. Enthymeme. Sorites. Dilemma, etc.",45,Logic & Reasoning
440,Technical & Manufacturing Industries & Trades,45,Manufacturing & Industrial Production
4547,Telepathy. Mind reading. Thought transference,45,Mind & Human Nature
4788,Theoretical astronomy and celestial mechanics,45,Astronomy & Space Science
9145,Urban and metropolitan transportation systems,45,Transportation
5962,"Academies, Societies, Universities & Museums",44,"Reference, Libraries & Scholarship"
7290,Accidents and their prevention. Space safety,44,Astronautics. Space travel
8657,Analytic toxicology. Examination for poisons,44,Toxicology. Poisons
11885,Atlantic Islands Government & Administration,44,Government & Administration
6806,Audiovisual education. Audiovisual materials,44,Teaching (Principles and practice)
3705,"Austronesian, Oceanic & Australian Languages",44,Languages & Language Families
7421,"Biography of bartenders, saloonkeepers, etc.",44,"Taverns, barrooms, saloons"
11920,Central American Government & Administration,44,Government & Administration
12913,"Christian Life, Service & Religious Vocation",44,"Worship, Devotion & Religious Life"
4586,Christianity in relation to special subjects,44,"Christianity, Arts & Culture"
5932,"Civil, Structural & Geotechnical Engineering",44,"Civil, Structural & Construction"
3065,Clothing manufacture. Dressmaking. Tailoring,44,Handicrafts. Arts and crafts
9596,Collections in special libraries and museums,44,Illuminating of manuscripts and books
6030,"Computer Science, Electronic Data Processing",44,Technology & Engineering
12202,Construction & Building Materials Industries,44,Industries
13286,Contemporary & Readable English Translations,44,Translations & Versions
9929,Cost effectiveness. Benefits-to-costs ratios,44,Engineering economy
7065,Dermatalgia. Pruritis and related conditions,44,Nerve & Stress Skin Disorders
9963,Design and construction in special materials,44,Structural engineering (General)
5604,"Dictionaries, Encyclopedias & Language Tools",44,Reference & Information
5396,Differential psychology. Individuality. Self,44,"Development, Difference & Evolution"
13613,"Economic History: Study, Teaching & Research",44,Economic history
8781,Educational Research & Regional Laboratories,44,Teaching (Principles and practice)
250,Electrical engineering. Electronics. Nuclear,44,"Electrical, Electronics & Communications"
5558,"Environment, Agriculture & Natural Resources",44,Regulation & Specialized Law
1009,Examination and conservation of works of art,44,"Media, Techniques & Practices"
9471,Experimental Pharmacology & Drug Development,44,Drugs and their actions
3982,"Fairy Tales, Folk Tales, Legends & Mythology",44,Fantasy
4337,"Fairy Tales, Folk Tales, Legends & Mythology",44,Genres & Forms
8815,Geometrical and mathematical crystallography,44,Crystallography
9830,Gravitational waves. Gravitational radiation,44,Atomic & Molecular Physics
9045,Heredity and environment. Nature and nurture,44,Genetics
13334,"Higher Congruences, Residues & Fermat Theory",44,Number Theory
4596,History of specific doctrines and movements.,44,Christian Theology
8368,"History of states and counties, collectively",44,U.S.
9155,Hydrotherapy. Aquatic therapy. Balneotherapy,44,Physical medicine. Physical therapy
8890,Illuminated Works: Histories & Reproductions,44,Illuminating of manuscripts and books
9730,"Imaginary books. Lost books. Forgeries, etc.",44,Special classes of books
10406,Indian libraries. Library service to Indians,44,Indians of North America
10964,Infant psychology. Newborn infant psychology,44,Developmental Psychology
12295,Information Technology & Information Society,44,Technology & Everyday Life
7210,Instruments. Nuclear reactor instrumentation,44,Nuclear engineering. Atomic power
5348,International organizations and associations,44,International Relations
13253,"Islamic Observance, Practice & Legal Schools",44,Islamic law. Sharīʻah. Fiqh
13250,"Jewish Administrative, Health & Cultural Law",44,Jewish law. Halakah
10011,Logarithms. Tables of mathematical functions,44,Tables
8544,Malingering. Feigned diseases. Self injuries,44,Forensic & Legal Medicine
8415,Medical economics. Economics of medical care,44,Medicine and the state
2729,Medical education. Medical schools. Research,44,Medicine (General)
6355,"Medical secretaries, office assistants, etc.",44,Practice of medicine. Medical practice economics
9849,"Menus, bills of fare, kitchen almanacs, etc.",44,Cooking
1419,"Mice, Hamsters, Guinea Pigs, Squirrels, etc.",44,"Mammals, Farm Animals & Pets"
7724,Microscopic analysis of rocks. Thin sections,44,Petrology
12448,Migration in Atlantic & Indian Ocean Islands,44,Colonization & Migration
8360,Miscellaneous aspects of the general subject,44,Aeronautics. Aeronautical engineering
8147,Mutation in evolution. Evolutionary genetics,44,Evolution
13327,National Constitutional Foundations & Rights,44,Constitutional Foundations & Rights
7843,Operational calculus. Laplace transformation,44,Analysis
401,Ore deposits and mining of particular metals,44,Mining & Mineral Extraction
8974,Philosophy. Theory. Relation to other topics,44,"Chivalry, Knighthood & Orders"
6784,Photogravure. Heliogravure. Intaglio process,44,Photomechanical processes
6618,Physical properties in relation to structure,44,Physical and theoretical chemistry
8380,Powder metallurgy processes and manufactures,44,Metal manufactures. Metalworking
402,Practical mining operations. Safety measures,44,Mining & Mineral Extraction
9505,"Quotations, maxims, etc., and birthday books",44,Aspects of the field of music as a whole
3928,Relations to other literatures and countries,44,English & Old English Literatures; English essays; English letters; Oratory & Speeches
7558,Remodeling buildings for other use (General),44,Architectural drawing and design
9675,"Reports of commissions, investigations, etc.",44,"Hypnotism, Animal Magnetism & Biomagnetism"
5915,"Research, Innovation & Intellectual Property",44,General Technology & Engineering
13541,Science as a profession. Vocational guidance,44,Science & Nature
13525,Scientific voyages and expeditions (General),44,Science & Nature
11865,"Social Insurance, Social Security & Pensions",44,"Labor, Work & Working Class"
9200,Special factors in the production of disease,44,Theories of disease. Etiology. Pathogenesis
11178,"Spirit messages, inspirational records, etc.",44,Mediumship. Psychometry. Channeling
5913,"Systems, Industrial Engineering & Management",44,General Technology & Engineering
8352,Textual. Interpretation of detached passages,44,"Criticism, interpretation, etc."
7,Agricultural meteorology. Crops and climate,43,"Soils, Climate & Agricultural Science"
5469,Alcoholism. Intemperance. Temperance reform,43,Social Problems
5719,"Analysis, Calculus & Differential Equations",43,Mathematics
3263,Ancient Mysteries & Controversial Knowledge,43,Occult & Esoteric Traditions
8938,"Associations, conferences, congresses, etc.",43,Higher education
2269,"Behavioral, Emotional & Social Disabilities",43,Special Education
13135,Biblical Criticism & Interpretation—General,43,"Criticism, Exegesis & Hermeneutics"
8200,Chemical compounds - Structure and formulas,43,Physical and theoretical chemistry
13206,Christian Religious Biography & Confessions,43,Christianity by Region & Biography
10285,Chronicles and works written from 1525-1800,43,World histories
4587,Church of Jesus Christ of Latter-day Saints,43,Christian Denominations
10259,"Congress of Vienna and Aftermath, 1815–1830",43,19th Century
6648,Conservation and restoration of photographs,43,Photographic processing. Darkroom technique
12692,"Covenants, Theodicy & Relationship with God",43,Christian Theology
203,Details in building design and construction,43,Building construction
3397,Discovery of America and early explorations,43,Americas
2708,Disease due to physical and chemical agents,43,Internal Medicine
8283,Diseases of the rectum and anus. Proctology,43,Specialties of internal medicine
8943,Dutch literature outside of the Netherlands,43,"Provincial, local, foreign"
9630,Electronic government information resources,43,Government information
5061,Ethnology. Social and cultural anthropology,43,Anthropology Fields
8631,Examination of enzymes. Clinical enzymology,43,Clinical pathology. Laboratory technique
7881,External medication. Transdermal medication,43,Drug Administration
219,Fermentation industries. Beverages. Alcohol,43,Chemical technology
7227,Finance. Income and expenditure. Accounting,43,Higher education
5064,"Folk beliefs, superstitions, etc. (General)",43,Folklore
30,Forest meteorology. Forest microclimatology,43,Forestry & Natural Resource Management
10135,"French Rule & United Netherlands, 1794–1830",43,Belgium
7320,"General special. Examination, testing, etc.",43,Rubber industry
9318,Government policy. Telecommunication policy,43,Telecommunication industry. Telegraph
7246,"Growth Disorders, Hypertrophy & Hyperplasia",43,Manifestations of disease
10045,Growth and development of premature infants,43,Premature infants
3066,Hairdressing. Beauty culture. Barbers' work,43,Handicrafts. Arts and crafts
334,Harbors and coast protective works. Coastal,43,Hydraulics
8806,Hospital and health facility administration,43,Hospitals & Clinics
10133,"Houses of Habsburg and Luxemburg, 1273-1519",43,"Early & Medieval, 481–1519"
760,Improvisation. Accompaniment. Transposition,43,Creation & Performance
6220,"Individual addresses, essays, lectures, etc",43,English essays; English letters; Oratory & Speeches
2816,Infant and neonatal morbidity and mortality,43,Pediatrics
12552,Information Technology & Management Systems,43,General & Strategic Management
9432,Inhalation toxicology. Pulmonary toxicology,43,Specialties of internal medicine
6671,"Internal combustion engines, Spark ignition",43,Miscellaneous motors and engines
6222,International Criminal-Justice Associations,43,Criminal Justice
13231,International Legal Community & Its Members,43,Law of nations
13259,"Islamic Economic, Regulatory & Criminal Law",43,Islamic law. Sharīʻah. Fiqh
13245,"Jewish Law—Sources, History & General Works",43,Jewish law. Halakah
5246,Life skills. Coping skills. Everyday living,43,The Family. Marriage. Women
2843,Medical geography. Climatology. Meteorology,43,Public aspects of medicine
13848,Medieval & Modern Italy — General & Culture,43,Italy
8157,Mongolian People's Republic. Outer Mongolia,43,Asia
9513,Optical instruments and apparatus (General),43,Optics & Light
13083,Orthodox Churches of the Balkans & Caucasus,43,Orthodox
11901,Pacific Islands Government & Administration,43,Government & Administration
8498,Paints and pigments. Zinc oxide. Iron oxide,43,"Paints, pigments, varnishes, etc."
932,Photographic processing. Darkroom technique,43,"Techniques, equipment & materials"
9419,Poetry and other belles lettres about music,43,Aspects of the field of music as a whole
10114,Political collectibles. Political Americana,43,Political history
7190,Postgraduate & Continuing Medical Education,43,Medical education. Medical schools. Research
9313,Practice of optometry. Optometric economics,43,Optometry. Opticians. Eyeglasses
5312,Private international law. Conflict of laws,43,International & Comparative Law
6544,Production capacity. Manufacturing capacity,43,Industrial engineering. Management
10270,Race and Civilization in Historical Thought,43,Civilization and race
13839,Relations with Other Fields & Communication,43,Sociology
8829,"Report of commissions, investigations, etc.",43,Psychic research. Psychology of the conscious
3417,"Revolution to the Civil War, 1775/1783-1861",43,Historical Eras
7614,Self-organizing systems. Conscious automata,43,Cybernetics
11817,Socialism & Communism — Australia & Oceania,43,Political Theory
8676,Soundproof construction. Noise in buildings,43,Systems of building construction
11904,Southeast Asian Government & Administration,43,Government & Administration
7854,Special properties of matter and antimatter,43,Atomic & Molecular Physics
2329,Systems of individual educators and writers,43,Theory and practice of education
13179,"Tariffs, Free Trade & Protectionism—General",43,Tariff. Free trade. Protectionism
2806,Theories of disease. Etiology. Pathogenesis,43,Pathology
8076,Unidentified flying objects. Flying saucers,43,Astronautics. Space travel
11541,"United Principalities of Romania, 1866–1876",43,Romania
555,"Urban Aesthetics, Planning & Beautification",43,Urban & Regional Planning
6466,"Water, electrolyte, and acid-base disorders",43,Specialties of internal medicine
3074,Woodworking. Furniture making. Upholstering,43,Handicrafts. Arts and crafts
13038,"Works by Agnostics, Atheists & Freethinkers",43,"Rationalism, Atheism & Freethought"
7990,Academic departments. Subject organization,42,Higher education
13036,Agnosticism & Special Rationalist Theories,42,"Rationalism, Atheism & Freethought"
10797,Alexandrian and early Christian philosophy,42,Occident
9264,Alternative education. Alternative schools,42,Forms of education
722,Analysis and appreciation of musical works,42,Music theory
7823,Artificial satellites in telecommunication,42,Telecommunication
12814,Atmospheric Electrical & Optical Phenomena,42,Meteorology & Climatology
6029,"Atomic Energy & Power, Nuclear Engineering",42,Technology & Engineering
11138,Automatic writing. Planchette. Ouija board,42,Automatism & Extrasensory Perception
10663,Background & Effects of American Discovery,42,Discovery of America and early explorations
4716,Books for Special Audiences & Institutions,42,"Bibliographies, Catalogs & Indexes"
8056,Calculation of orbits. Orbit determination,42,Theoretical astronomy and celestial mechanics
11033,Child Psychology: Philosophy & Methodology,42,Child psychology
13814,Christian Life for Special Groups & Topics,42,Christian Life & Devotion
8261,Collection of designs from several sources,42,Furniture
7801,"Collections of novels, short stories, etc.",42,English fiction
7959,"Collectors' manuals. ""Old furniture,"" etc.",42,Furniture
5281,Comparative law. International uniform law,42,International & Comparative Law
5612,"Contracts, Sales & Commercial Transactions",42,Business & Commercial Law
5059,"Cultural traits, customs, and institutions",42,Ethnology. Social and cultural anthropology
7058,Disorders or circulation and fluid balance,42,Manifestations of disease
6224,Dressmaking and women's tailoring. Fashion,42,Clothing manufacture. Dressmaking. Tailoring
10930,Eastern Asia. Southeast Asia. The Far East,42,Asia
5092,Economic geography of the oceans (General),42,Economic history
254,Electric apparatus and materials. Electric,42,Electrical engineering. Electronics. Nuclear
8991,Experimental Educational Theory & Practice,42,Teaching (Principles and practice)
1158,"Fairy Tales, Folklore, Legends & Mythology",42,Comics & Graphic Novels
1757,"Fairy Tales, Folklore, Legends & Mythology",42,Comics & Graphic Novels
13223,"Folklore—General, Theory & Folk Literature",42,Folklore
13726,General Dictionaries & Minor Encyclopedias,42,"Dictionaries, Encyclopedias & Language Tools"
5784,"General, Operative & Perioperative Surgery",42,Surgery
9033,Geographical distribution. Natural sources,42,Materia medica
4512,"Hypnotism, Animal Magnetism & Biomagnetism",42,Mind & Human Nature
7271,Illustrated books. Extra illustrated books,42,Special classes of books
9334,Immunological examination. Immunodiagnosis,42,Clinical pathology. Laboratory technique
9880,Individuals. Individual performance groups,42,Bibliography
6206,Influence of Aristotle on Medieval thought,42,Medieval Philosophy
9327,Inhalatory medication. Respiratory therapy,42,Drug Administration
13305,International Intellectual Property & WIPO,42,Copyright & Intellectual Property
13227,International Law Reference & Institutions,42,Law of nations
8856,"Interpretation, phrasing, expression, etc.",42,Singing and vocal technique
12759,Investment Analysis & Portfolio Management,42,Investments & Securities
4262,"Languages of Eastern Asia, Africa, Oceania",42,Asia & Pacific
13709,Latin Literature of the Anglo-Saxon Period,42,Old English (Anglo-Saxon) literature
13015,"Marine Mammals, Shellfish, Whaling & Algae",42,Fisheries
398,"Mine transportation, haulage and hoisting.",42,Mining & Mineral Extraction
13222,Modern Continuations of the Buddhist Canon,42,Sacred Texts & Literature
792,Music as a profession. Vocational guidance,42,"Institutions, Events & Professional Life"
9239,Obstetric operations. Operative obstetrics,42,Obstetrics
7200,Oil hydraulics and oil hydraulic machinery,42,Hydraulic machinery
9972,Old Icelandic & Norwegian Literary History,42,Literary history and criticism
5787,"Oncology, Reconstruction & Transplantation",42,Surgery
2568,Operative dentistry. Restorative dentistry,42,Dentistry
8298,Oxidation. Free radicals. Oxidative stress,42,Theories of disease. Etiology. Pathogenesis
12974,"Peace Promotion, Organizations & Biography",42,Peace & Conflict Resolution
10041,Portraits. Group portraits. Self-portraits,42,Special subjects
262,Production of electricity by direct energy,42,Electrical engineering. Electronics. Nuclear
3159,"Rabbits, Mice, Hamsters, Guinea Pigs, etc.",42,Pets
2848,"Radiology, Radiotherapy & Nuclear Medicine",42,Health & Medicine
10179,"Reformation & Thirty Years’ War, 1521–1648",42,"Habsburg Monarchy, 1521–1792"
6820,"Registers, lists of dead and wounded, etc.",42,World War I
9738,Regulation of medical education. Licensure,42,Medicine and the state
9753,Relations to ancient nations and countries,42,Literary history
8213,"Renaissance & Reformation Italy, 1501–1600",42,"Modern Italy, 1492–Present"
9242,"Research institutes, centers, laboratories",42,Higher education
13243,Social Stratification & Economic Disparity,42,Social Classes & Economic Disparity
11819,Socialism & Communism in Society & Culture,42,Political Theory
10496,"Solidarity & Late Communist Era, 1980–1989",42,"Polish People’s Republic, 1945–1989"
3365,Somalia. Somaliland and adjacent territory,42,East Africa
11924,South American Government & Administration,42,Government & Administration
13822,"Sovereignty, Power & Theories of the State",42,Political Theory & The State
5908,Spiritual Formation & Christian Experience,42,Christian Living
5818,"Strategy, Intelligence & Irregular Warfare",42,"Military History, Wars & Conflicts"
9091,Sustainable practices. Energy conservation,42,Telecommunication
10432,Tribal colleges. Indian community colleges,42,Indian schools
11820,Utopian Socialism & Collective Communities,42,Political Theory
6722,Various literary forms (in prose or verse),42,Literary history
9970,Woman authors. Literary relations of women,42,Literary history
7933,Women authors. Literary relations of women,42,History and criticism
8620,Women authors. Literary relations of women,42,History and criticism
9137,Women authors. Literary relations of women,42,History of German literature
11279,"1810-1830. War of Independence, 1810-1823",41,Venezuela
11286,1910-1946. Mexican Revolution (1910-1920),41,Mexico
5263,"Abductions, Kidnappings & Missing Persons",41,True Crime
1718,"Aeronautics, Astronautics & Space Science",41,Technology
2157,"Aeronautics, Astronautics & Space Science",41,Technology
11556,"Age of Liberty & Gustavian Era, 1718–1818",41,Sweden
5899,Agricultural Engineering & Infrastructure,41,Agriculture
6830,Anti-inflammatory agents. Antiphlogistics,41,Drugs and their actions
442,Applied mathematics. Quantitative methods,41,Applied & Computational Mathematics
6411,Applied mathematics. Quantitative methods,41,Industrial engineering. Management
12949,Archaeological Objects & Special Subjects,41,Archaeology
8504,"Beginnings of the war. Mobilization, etc.",41,World War I
5793,"Breeding, Nutrition, Housing & Management",41,Animal Husbandry
9984,"Bridge Construction, Maintenance & Repair",41,Bridge engineering
7991,"Care of buildings. Janitor services, etc.",41,School Facilities & Architecture
13196,Catholic Church Government & Organization,41,"Governance, Clergy & Administration"
5942,"Cellular, Molecular & Biochemical Biology",41,Life Sciences
6439,Children of immigrants (First generation),41,Education of special classes of persons
12857,"Christ in Narrative, Literature & Liturgy",41,Christology
13813,Christian Life—General & Religious Duties,41,Christian Life & Devotion
13053,Christian Theology in Relation to Judaism,41,Apologetics & Interfaith Theology
9186,Communication of aeronautics informations,41,Aeronautics. Aeronautical engineering
9040,Communications systems. Telecommunication,41,Higher education
13306,Comparative & International Copyright Law,41,Copyright & Intellectual Property
6249,Conditions and laws of chemical reactions,41,Physical and theoretical chemistry
11153,Context effects. Person-context relations,41,Developmental Psychology
13610,Developing Countries: Economic Conditions,41,Economic history
2271,Developmental & Intellectual Disabilities,41,Special Education
10888,Developmental Psychology Theory & Methods,41,Developmental Psychology
9054,Drugs acting on the cardiovascular system,41,Drugs and their actions
13237,EU Intellectual & Industrial Property Law,41,Regional organization and integration (Europe)
2317,"Early Childhood, Preschool & Kindergarten",41,Theory and practice of education
2373,"Eastern Hemisphere. Eurasia, Africa, etc.",41,Atlases
2401,"Eastern Hemisphere. Eurasia, Africa, etc.",41,Maps
5097,Economics as a science. Relation to other,41,Economic Theory
276,Engineering Foundations & Applied Science,41,General Technology & Engineering
284,"Engineering Machinery, Tools & Implements",41,General Engineering Practice
2941,"Entertaining, Holidays & Seasonal Cooking",41,Cooking
6049,"Erotic Literature, Facetiae, Curiosa, Etc",41,"Arts, Media & Recreation"
1033,Examination and conservation of paintings,41,Painting
10835,Existential & Phenomenological Psychology,41,Psychology
6963,Extrauterine pregnancy. Ectopic pregnancy,41,Obstetrics
13224,"Folklore of Private Life, Customs & Dress",41,Folklore
7056,"Food Composition, Analysis & Adulteration",41,Nutrition. Foods and food supply
5716,"Foundations, Logic & Discrete Mathematics",41,Mathematics
11843,Gender Discrimination & Division of Labor,41,Women & Employment
333,General preliminary operations. Dredging.,41,Hydraulics
13058,"Greek Dictionaries, Dialects & Vernacular",41,Greek
205,Heating and ventilation. Air conditioning,41,Building construction
6436,History of Microcosm & Macrocosm Theories,41,Cosmology (Philosophy of nature)
5098,History of economics. History of economic,41,Economic Theory
5702,"History, Heritage & Regional Architecture",41,Architecture
11855,Housing Discrimination & Minority Housing,41,Housing
13086,Human Ecology & Anthropogeography—General,41,Human ecology. Anthropogeography
13320,Information Theory & Economic Cybernetics,41,Methodology
4740,Information services. Information centers,41,Information resources (General); Organization & Information Systems
6141,"Libraries & Schools, Libraries & Colleges",41,Education & User Groups
4751,"Libraries, Archives & Information Science",41,Reference & Information
3808,Libyco-Berber languages. Berber languages,41,Afro-Asiatic languages
7579,"Literary Ideals, Content, Plots & Motives",41,Theory
13061,"Liturgical Objects, Vestments & Functions",41,"Practice, Ritual & Religious Life"
5948,"Machine Design, Construction & Production",41,Mechanical
3351,Mali. Mali Federation. Sudanese Republic.,41,West Africa
9684,Mechanical applications of electric power,41,Applications of electric power
381,Mechanical devices and figures. Automata.,41,Automation & Specialized Machinery
6195,Mental Health & Mental Illness Prevention,41,Personal & Mental Health
3415,"Middle nineteenth century, 1845/1848-1861",41,Historical Eras
9394,Miniature furniture. Children's furniture,41,Furniture
9296,"Miscellaneous speculations. Curiosa, etc.",41,Cosmology (Philosophy of nature)
2738,Missionary medicine. Medical missionaries,41,Medicine (General)
404,Motor vehicles. Aeronautics. Astronautics,41,Transportation
7901,Neurology. Diseases of the nervous system,41,Neuroscience & Neuropsychiatric Fields
10565,"Nineteenth-Century Scandinavia, 1814–1900",41,By period
5714,"Organizations, Conferences & Publications",41,"Legal Profession, Education & Reference"
5792,"Pets, Laboratory, Zoo & Specialty Animals",41,Animal Husbandry
9173,Phototherapy. Radiotherapy. Actinotherapy,41,Physical medicine. Physical therapy
11344,"Polish–Lithuanian Commonwealth, 1569–1795",41,Lithuania
11358,"Polish–Lithuanian Commonwealth, 1569–1795",41,Belarus
9098,Portuguese literature outside of Portugal,41,"Provincial, local, colonial, etc."
9055,Practice of dietetics. Dietetic economics,41,Diet therapy. Dietary cookbooks
95,"Printers, Scanners & External Accessories",41,Hardware
7642,Privately printed books. Limited editions,41,Special classes of books
13776,Publicists & Writers on International Law,41,International Relations
11101,Relation to religion and the supernatural,41,Ethics
10204,"Republic to First Punic War, 509-265 B.C.",41,Roman Kingdom & Republic
10208,"Revolutionary & Napoleonic Era, 1789–1815",41,Switzerland
10232,"Revolutionary & Napoleonic Era, 1792–1815",41,Austria
337,"River, lake, and water-supply engineering",41,Hydraulics
13399,Russia. Soviet Union. Russia (Federation),41,Europe
7583,Sagas with subjects from Southern sources,41,Individual sagas and historical works
10118,"Second Republic & World War II, 1918–1945",41,Poland
10655,South Sea description and travel. Voyages,41,Oceania
986,"Special Subjects, Figures & Religious Art",41,Arts in general
13550,Special aspects of the subject as a whole,41,Science & Nature
8347,Structural analysis as applied to bridges,41,Bridge engineering
7875,Structural analysis. Theory of structures,41,Structural engineering (General)
8449,Student unions. College community centers,41,School life. Student manners and customs
2617,Systemic Disorders & Endocrine Gynecology,41,Gynecology & Obstetrics
2318,Teacher Education & Training Institutions,41,Theory and practice of education
13091,Teaching Profession & Vocational Guidance,41,Teacher Education & Training Institutions
229,"Textile bleaching, dyeing, printing, etc.",41,Chemical technology
13833,Tolerance & Transdenominational Movements,41,Christianity in relation to special subjects
13299,Trade Practices & Consumer-Protection Law,41,"Economic, Labor & Trade Regulation"
7853,Transfer of students. Transfer of credits,41,Higher education
10245,"War of the Austrian Succession, 1740–1748",41,18th Century
