concept_id,label,code,reference_headings,country_span_screen
3343,Guinean,DT543.42..DT543.45,Ethnography | Guinea,"Guinean: ('DT', Decimal('543.5'), Decimal('543.827'))"
3345,Kenyan,DT433.542..DT433.545,Ethnography | Kenya,"Kenyan: ('DT', Decimal('433.552'), Decimal('433.584'))"
3346,Lesotho. Basutoland,DT63..DT63.5,Ancient Egypt. Egyptology | Pyramids,"Lesotho. Basutoland: ('DT', Decimal('2541'), Decimal('2686'))"
3346,Lesotho. Basutoland,DT68..DT68.8,Ancient Egypt. Egyptology | Religious antiquities,"Lesotho. Basutoland: ('DT', Decimal('2541'), Decimal('2686'))"
3346,Lesotho. Basutoland,DT68.2..DT68.3,Cultus,"Lesotho. Basutoland: ('DT', Decimal('2541'), Decimal('2686'))"
3348,Libyan,DT223..DT223.2,Ethnography | Libya,"Libyan: ('DT', Decimal('223.3'), Decimal('236'))"
3371,Tunisia Tunis,DT193..DT193.95,Ethnography,"Tunisia Tunis: ('DT', Decimal('241'), Decimal('269'))"
3378,African American & Black,E184.4..E185.1999,,"U.S.: ('F', Decimal('1'), Decimal('975'))"
3400,Canadian,F5000..F5999,,"Canadian: ('F', Decimal('1001'), Decimal('1145.2'))"
3400,Canadian,FC1..FC4350,,"Canadian: ('F', Decimal('1001'), Decimal('1145.2'))"
3402,U.S.,E178..E179,,"U.S.: ('F', Decimal('1'), Decimal('975'))"
3402,U.S.,E310..E337,1789-1809. Constitutional period | Historical Eras,"U.S.: ('F', Decimal('1'), Decimal('975'))"
3403,"Constitutional Era, 1789–1809",E310..E310.999,,"U.S.: ('F', Decimal('1'), Decimal('975'))"
3403,"Constitutional Era, 1789–1809",E337.5..E337.999,,"U.S.: ('F', Decimal('1'), Decimal('975'))"
3411,"Early 19th C., 1801/1809–1845",E338..E340.999,,"U.S.: ('F', Decimal('1'), Decimal('975'))"
3411,"Early 19th C., 1801/1809–1845",E365..E369.999,,"U.S.: ('F', Decimal('1'), Decimal('975'))"
3411,"Early 19th C., 1801/1809–1845",E384..E384.999,,"U.S.: ('F', Decimal('1'), Decimal('975'))"
3414,"Mexican War, 1846-1848",E401..E415.2,"Historical Eras | Mexican War, 1846-1848","U.S.: ('F', Decimal('1'), Decimal('975'))"
3415,"Mid-19th C., 1845/1848–1861",E415.3..E415.999,,"U.S.: ('F', Decimal('1'), Decimal('975'))"
3415,"Mid-19th C., 1845/1848–1861",E440.5..E440.999,,"U.S.: ('F', Decimal('1'), Decimal('975'))"
3416,Political & Foreign Relations,E183..E183.3,Political history,"U.S.: ('F', Decimal('1'), Decimal('975'))"
3416,Political & Foreign Relations,E183.7..E183.8,Diplomatic history. Foreign and general relations,"U.S.: ('F', Decimal('1'), Decimal('975'))"
3513,Vietnamese,DS556..DS559.93,French Indochina,"Vietnamese: ('DS', Decimal('557'), Decimal('559.9'))"
3546,Croatian,DR1502..DR1645,Croatia | Local History & Places,"Croatian: ('DR', Decimal('1620'), Decimal('1630.5'))"
3549,Serbian,DR1932..DR2125,Local History & Places | Serbia,"Serbian: ('DR', Decimal('2106'), Decimal('2124.5'))"
3586,Azerbaijani,DK695.2..DK695.4,,"Azerbaijani: ('DK', Decimal('699.2'), Decimal('699.39'))"
3587,Belarusian,DK507..DK507.95,Belarus. Byelorussian S.S.R. White Russia | Local history and description,"Belarusian: ('DK', Decimal('507.92'), Decimal('507.939'))"
3587,Belarusian,DK507.52..DK507.54,,"Belarusian: ('DK', Decimal('507.92'), Decimal('507.939'))"
3589,Georgian,DK675.2..DK675.4,,"Georgian: ('DK', Decimal('679.2'), Decimal('679.39'))"
3590,Kazakh,DK901..DK908.849,,"Kazakh: ('DK', Decimal('909.2'), Decimal('909.39'))"
3591,Kyrgyz,DK911..DK918.839,,"Kyrgyz: ('DK', Decimal('919.2'), Decimal('919.39'))"
3594,Moldovan,DK509..DK509.95,,"Moldovan: ('DK', Decimal('509.92'), Decimal('509.939'))"
3594,Moldovan,DK509.52..DK509.54,,"Moldovan: ('DK', Decimal('509.92'), Decimal('509.939'))"
3595,Russian,DK39..DK40,,"Russian: ('DK', Decimal('541'), Decimal('579'))"
3595,Russian,DK510..DK540.9,,"Russian: ('DK', Decimal('541'), Decimal('579'))"
3595,Russian,DK579.1..DK587.9,,"Russian: ('DK', Decimal('541'), Decimal('579'))"
3595,Russian,DK609.1..DK651,,"Russian: ('DK', Decimal('541'), Decimal('579'))"
3596,Tajik,DK921..DK928.849,,"Tajik: ('DK', Decimal('929.2'), Decimal('929.39'))"
3597,Turkmen,DK931..DK938.849,,"Turkmen: ('DK', Decimal('939.2'), Decimal('939.39'))"
3598,Uzbek,DK941..DK948.849,,"Uzbek: ('DK', Decimal('949.2'), Decimal('949.39'))"
3598,Uzbek,DK948.6..DK948.62,,"Uzbek: ('DK', Decimal('949.2'), Decimal('949.39'))"
3603,Ukrainian,DK508.49..DK508.51,,"Ukrainian: ('DK', Decimal('5001'), Decimal('5995'))"
5546,Hawaii,DU620..DU629,Hawaii | Hawaiian Islands. Hawaii,"U.S.: ('F', Decimal('1'), Decimal('975'))"
5546,Hawaii,DU625..DU627.83,Hawaii,"U.S.: ('F', Decimal('1'), Decimal('975'))"
5546,Hawaii,DU627..DU627.4,1778-1900,"U.S.: ('F', Decimal('1'), Decimal('975'))"
10589,Surinamese,F2401..F2431,South America | Suriname. Netherlands or Dutch Guiana,"Dutch: ('DJ', Decimal('1'), Decimal('500'))"
10589,Surinamese,F2419..F2420.2,Antiquities. Indians,"Dutch: ('DJ', Decimal('1'), Decimal('500'))"
10589,Surinamese,F2420.4..F2420.6,Historiography,"Dutch: ('DJ', Decimal('1'), Decimal('500'))"
11231,1975-,F2425.2..F2425.23,1975-,"Dutch: ('DJ', Decimal('1'), Decimal('500'))"
11338,1850-1917,DK908.86..DK908.8614,1850-1917,"Kazakh: ('DK', Decimal('909.2'), Decimal('909.39'))"
11341,"Independence Era, 1991–Present",DK509.772..DK509.774,1991-,"Moldovan: ('DK', Decimal('509.92'), Decimal('509.939'))"
11343,1801-1921,DK677.4..DK677.6,1801-1921,"Georgian: ('DK', Decimal('679.2'), Decimal('679.39'))"
11346,20th century,DK507.729..DK507.73,,"Belarusian: ('DK', Decimal('507.92'), Decimal('507.939'))"
11346,20th century,DK507.7295..DK507.7296,20th century,"Belarusian: ('DK', Decimal('507.92'), Decimal('507.939'))"
11346,20th century,DK507.73..DK507.75,1917-1945,"Belarusian: ('DK', Decimal('507.92'), Decimal('507.939'))"
11346,20th century,DK507.76..DK507.78,1945-1991,"Belarusian: ('DK', Decimal('507.92'), Decimal('507.939'))"
11348,330-1220,DK677.2..DK677.28,330-1220,"Georgian: ('DK', Decimal('679.2'), Decimal('679.39'))"
11352,1220-1801,DK677.3..DK677.35,1220-1801,"Georgian: ('DK', Decimal('679.2'), Decimal('679.39'))"
11355,"Independence Era, 1991–Present",DK507.8..DK507.822,1991-,"Belarusian: ('DK', Decimal('507.92'), Decimal('507.939'))"
11357,"Russian Rule, 1812–1918",DK509.7..DK509.706,1812-1918,"Moldovan: ('DK', Decimal('509.92'), Decimal('509.939'))"
11358,"Commonwealth, 1569–1795",DK507.72..DK507.726,1569-1795,"Belarusian: ('DK', Decimal('507.92'), Decimal('507.939'))"
11359,"Union with Romania, 1918–1940",DK509.71..DK509.73,1918-1940,"Moldovan: ('DK', Decimal('509.92'), Decimal('509.939'))"
11360,1945-1991,DK918.871..DK918.873,1945-1991,"Kyrgyz: ('DK', Decimal('919.2'), Decimal('919.39'))"
11361,"Cossack Hetmanate, 1648–1775",DK508.73..DK508.761,1648-1775,"Ukrainian: ('DK', Decimal('5001'), Decimal('5995'))"
11363,1945-1991,DK928.86..DK928.863,1945-1991,"Tajik: ('DK', Decimal('929.2'), Decimal('929.39'))"
11364,1921-1991,DK677.7..DK677.92,1921-1991,"Georgian: ('DK', Decimal('679.2'), Decimal('679.39'))"
11365,1991-,DK938.865..DK938.867,1991-,"Turkmen: ('DK', Decimal('939.2'), Decimal('939.39'))"
11366,"Late Soviet Era, 1945–1991",DK510.73..DK510.75,1945-1991,"Russian: ('DK', Decimal('541'), Decimal('579'))"
11367,Early to 330,DK677.1..DK677.15,Early to 330,"Georgian: ('DK', Decimal('679.2'), Decimal('679.39'))"
11368,"Soviet Era, 1940–1991",DK509.74..DK509.76,1940-1991,"Moldovan: ('DK', Decimal('509.92'), Decimal('509.939'))"
11369,1991-,DK918.875..DK918.877,1991-,"Kyrgyz: ('DK', Decimal('919.2'), Decimal('919.39'))"
11372,1991-,DK928.865..DK928.867,1991-,"Tajik: ('DK', Decimal('929.2'), Decimal('929.39'))"
11373,1917-1945,DK928.85..DK928.853,1917-1945,"Tajik: ('DK', Decimal('929.2'), Decimal('929.39'))"
11375,1991-,DK948.865..DK948.867,1991-,"Uzbek: ('DK', Decimal('949.2'), Decimal('949.39'))"
11376,1917-1991,DK697.3..DK697.5,1917-1991,"Azerbaijani: ('DK', Decimal('699.2'), Decimal('699.39'))"
11379,1700-1850,DK908.85..DK908.856,1700-1850,"Kazakh: ('DK', Decimal('909.2'), Decimal('909.39'))"
11380,1917-1945,DK918.85..DK918.87,1917-1945,"Kyrgyz: ('DK', Decimal('919.2'), Decimal('919.39'))"
11383,1917-1945,DK908.8618..DK908.863,1917-1945,"Kazakh: ('DK', Decimal('909.2'), Decimal('909.39'))"
11384,1917-1945,DK948.85..DK948.853,1917-1945,"Uzbek: ('DK', Decimal('949.2'), Decimal('949.39'))"
11385,"Revolution & Soviet Era, 1917–1945",DK510.7..DK510.72,1917-1945,"Russian: ('DK', Decimal('541'), Decimal('579'))"
11387,1700-1917,DK918.84..DK918.848,1700-1917,"Kyrgyz: ('DK', Decimal('919.2'), Decimal('919.39'))"
11388,"Imperial Russian Rule, 1775–1917",DK508.77..DK508.782,1775-1917,"Ukrainian: ('DK', Decimal('5001'), Decimal('5995'))"
11389,1991-,DK678..DK678.3,1991-,"Georgian: ('DK', Decimal('679.2'), Decimal('679.39'))"
11390,"Russian Imperial Rule, 1795–1917",DK507.727..DK507.729,1795-1917,"Belarusian: ('DK', Decimal('507.92'), Decimal('507.939'))"
11391,1945-1991,DK948.86..DK948.863,1945-1991,"Uzbek: ('DK', Decimal('949.2'), Decimal('949.39'))"
11392,1991-,DK908.867..DK908.868,,"Kazakh: ('DK', Decimal('909.2'), Decimal('909.39'))"
11395,"Polish Rule, 1569–1648",DK508.68..DK508.695,1569-1648. Period of Polish rule,"Ukrainian: ('DK', Decimal('5001'), Decimal('5995'))"
11396,"Polish–Lithuanian Rule, 1340–1569",DK508.67..DK508.675,1340-1569. Period of Polish-Lithuanian domination,"Ukrainian: ('DK', Decimal('5001'), Decimal('5995'))"
11397,1991-,DK697.6..DK697.8,1991-,"Azerbaijani: ('DK', Decimal('699.2'), Decimal('699.39'))"
11398,1945-1991,DK908.864..DK908.866,1945-1991,"Kazakh: ('DK', Decimal('909.2'), Decimal('909.39'))"
11572,General & Soviet Era,DK1..DK18.9,,"Russian: ('DK', Decimal('541'), Decimal('579'))"
11572,General & Soviet Era,DK36..DK49,,"Russian: ('DK', Decimal('541'), Decimal('579'))"
11572,General & Soviet Era,DK60..DK64,,"Russian: ('DK', Decimal('541'), Decimal('579'))"
11577,Siberia,DK751..DK781,Local history and description | Siberia,"Russian: ('DK', Decimal('541'), Decimal('579'))"
11581,Moscow,DK588..DK609,Moscow | Russia (Federation). Russian S.F.S.R.,"Russian: ('DK', Decimal('541'), Decimal('579'))"
12626,Society & Culture,DK32..DK32.7,Social life and customs. Civilization,"Russian: ('DK', Decimal('541'), Decimal('579'))"
12627,Peoples & Ethnography,DK33..DK35.5,Ethnography,"Russian: ('DK', Decimal('541'), Decimal('579'))"
12628,Military & Naval,DK50..DK59,,"Russian: ('DK', Decimal('541'), Decimal('579'))"
12630,"Early Era, through 1613",DK70..DK112.42,Russia & the Former Soviet Union,"Russian: ('DK', Decimal('541'), Decimal('579'))"
12631,"Romanov Era, 1613–1917",DK112.8..DK264.8,Russia & the Former Soviet Union,"Russian: ('DK', Decimal('541'), Decimal('579'))"
12632,"Revolution & Civil War, 1917–1921",DK265..DK265.95,"Revolution, 1917-1921 | Russia & the Former Soviet Union","Russian: ('DK', Decimal('541'), Decimal('579'))"
12633,"Soviet Era, 1918–1991",DK266..DK292,"Russia & the Former Soviet Union | Soviet regime, 1918-1991","Russian: ('DK', Decimal('541'), Decimal('579'))"
13698,General Reference,E151..E157.999,,"U.S.: ('F', Decimal('1'), Decimal('975'))"
13699,Historical Reference,E171..E174.999,,"U.S.: ('F', Decimal('1'), Decimal('975'))"
13699,Historical Reference,E178..E179.499,,"U.S.: ('F', Decimal('1'), Decimal('975'))"
13701,Jewish Americans,E184.3..E184.37,Jews,"U.S.: ('F', Decimal('1'), Decimal('975'))"
13980,1917–1945,DK938.85..DK938.853,1917-1945,"Turkmen: ('DK', Decimal('939.2'), Decimal('939.39'))"
13981,1945–1991,DK938.86..DK938.863,1945-1991,"Turkmen: ('DK', Decimal('939.2'), Decimal('939.39'))"
13985,Reference,DK670..DK677.09,,"Georgian: ('DK', Decimal('679.2'), Decimal('679.39'))"
13985,Reference,DK678.31..DK678.99,,"Georgian: ('DK', Decimal('679.2'), Decimal('679.39'))"
13987,Reference,DK690..DK697.09,,"Azerbaijani: ('DK', Decimal('699.2'), Decimal('699.39'))"
13987,Reference,DK697.81..DK698.99,,"Azerbaijani: ('DK', Decimal('699.2'), Decimal('699.39'))"
50822,French Guiana,F2441..F2471,French Guiana | South America,"French: ('DC', Decimal('1'), Decimal('947'))"
50851,Afro-American Biography & Genealogy,E185.96..E185.98,African American History,"U.S.: ('F', Decimal('1'), Decimal('975'))"
50990,1961–1969,E838..E851.999,,"U.S.: ('F', Decimal('1'), Decimal('975'))"
50991,1969–1981,E852..E875.999,,"U.S.: ('F', Decimal('1'), Decimal('975'))"
50992,1981–2000,E876..E889.999,,"U.S.: ('F', Decimal('1'), Decimal('975'))"
51005,1961–2000,E839.5..E839.8,Political history,"U.S.: ('F', Decimal('1'), Decimal('975'))"
51006,1961–2000,E840.4..E840.4,"Military, naval and air force history","U.S.: ('F', Decimal('1'), Decimal('975'))"
51007,1961–2000,E840.6..E840.8,,"U.S.: ('F', Decimal('1'), Decimal('975'))"
51008,1901–1913,E751..E765.999,,"U.S.: ('F', Decimal('1'), Decimal('975'))"
51012,"Woodrow Wilson, 1913–1921",E766..E783,"20th Century | Wilson's administrations, 1913-1921","U.S.: ('F', Decimal('1'), Decimal('975'))"
51013,"The Twenties, 1919–1933",E784..E805,20th Century,"U.S.: ('F', Decimal('1'), Decimal('975'))"
51017,"F. D. Roosevelt, 1933–1945",E806..E812,"20th Century | F.D. Roosevelt's administrations, 1933-April 12, 1945","U.S.: ('F', Decimal('1'), Decimal('975'))"
51018,"Harry Truman, 1945–1953",E813..E816,"20th Century | Truman's administrations, April 12, 1945-1953","U.S.: ('F', Decimal('1'), Decimal('975'))"
51019,"Eisenhower, 1953–1961",E835..E837.7,"20th Century | Eisenhower's administrations, 1953-1961","U.S.: ('F', Decimal('1'), Decimal('975'))"
51032,Political & Foreign Relations,DK60..DK62.9,,"Russian: ('DK', Decimal('541'), Decimal('579'))"
51032,Political & Foreign Relations,DK65..DK69.7,,"Russian: ('DK', Decimal('541'), Decimal('579'))"
51082,"George W. Bush, 2001–2009",E902..E904.999,,"U.S.: ('F', Decimal('1'), Decimal('975'))"
51083,"Barack Obama, 2009–2017",E907..E909.999,,"U.S.: ('F', Decimal('1'), Decimal('975'))"
51084,"Donald Trump, 2017–2021",E912..E914.999,,"U.S.: ('F', Decimal('1'), Decimal('975'))"
51085,"Joe Biden, 2021–2025",E916..E918.999,,"U.S.: ('F', Decimal('1'), Decimal('975'))"
51086,Civil War Biography,E464..E467.999,,"U.S.: ('F', Decimal('1'), Decimal('975'))"
51088,Civil War Diplomatic,E469..E469.999,,"U.S.: ('F', Decimal('1'), Decimal('975'))"
51089,Civil War Military Operations,E470..E478.999,,"U.S.: ('F', Decimal('1'), Decimal('975'))"
51090,Civil War Finance & Commerce,E480..E480.999,,"U.S.: ('F', Decimal('1'), Decimal('975'))"
51091,Confederate States of America,E482..E489.999,,"U.S.: ('F', Decimal('1'), Decimal('975'))"
51092,Civil War Armies & Troops,E491..E590.999,,"U.S.: ('F', Decimal('1'), Decimal('975'))"
51093,Civil War Naval,E591..E600.999,,"U.S.: ('F', Decimal('1'), Decimal('975'))"
51094,Civil War Personal Narratives,E601..E610.999,,"U.S.: ('F', Decimal('1'), Decimal('975'))"
51095,Civil War Prisoners & Prisons,E611..E620.999,,"U.S.: ('F', Decimal('1'), Decimal('975'))"
51096,Civil War Medicine & Hospitals,E621..E628.999,,"U.S.: ('F', Decimal('1'), Decimal('975'))"
51097,Civil War Relief & Charities,E629..E634.999,,"U.S.: ('F', Decimal('1'), Decimal('975'))"
51098,Civil War Memorials,E641..E646.499,,"U.S.: ('F', Decimal('1'), Decimal('975'))"
51099,Civil War Visual Material,E647..E655.999,,"U.S.: ('F', Decimal('1'), Decimal('975'))"
51100,"Confederation, 1775–1789",E302.5..E309.999,,"U.S.: ('F', Decimal('1'), Decimal('975'))"
51119,Revolutionary Era Biography,E206..E207.999,,"U.S.: ('F', Decimal('1'), Decimal('975'))"
51120,American Revolution Politics,E210..E216.999,,"U.S.: ('F', Decimal('1'), Decimal('975'))"
51121,Declaration of Independence,E221..E221.999,,"U.S.: ('F', Decimal('1'), Decimal('975'))"
51122,Revolutionary War Operations,E230..E241.999,,"U.S.: ('F', Decimal('1'), Decimal('975'))"
51123,American Revolution Diplomacy,E249..E250.999,,"U.S.: ('F', Decimal('1'), Decimal('975'))"
51124,Revolutionary Armies & Troops,E251..E270.999,,"U.S.: ('F', Decimal('1'), Decimal('975'))"
51125,Revolutionary Naval,E271..E274.999,,"U.S.: ('F', Decimal('1'), Decimal('975'))"
51126,Revolutionary War Life Writing,E275..E275.999,,"U.S.: ('F', Decimal('1'), Decimal('975'))"
51127,American Revolution: Women,E276..E276.999,,"U.S.: ('F', Decimal('1'), Decimal('975'))"
51128,Loyalists,E277..E278.999,,"U.S.: ('F', Decimal('1'), Decimal('975'))"
51129,Revolutionary War Espionage,E279..E280.999,,"U.S.: ('F', Decimal('1'), Decimal('975'))"
51130,Revolutionary War Prisoners,E281..E282.999,,"U.S.: ('F', Decimal('1'), Decimal('975'))"
51131,Revolutionary War Medicine,E283..E284.999,,"U.S.: ('F', Decimal('1'), Decimal('975'))"
51132,U.S. Revolution: Memory & Culture,E285..E298.999,,"U.S.: ('F', Decimal('1'), Decimal('975'))"
51133,U.S. Historiography,E175..E175.799,,"U.S.: ('F', Decimal('1'), Decimal('975'))"
51134,Teaching U.S.,E175.8..E175.899,,"U.S.: ('F', Decimal('1'), Decimal('975'))"
51135,Philosophy of U.S.,E175.9..E175.999,,"U.S.: ('F', Decimal('1'), Decimal('975'))"
51136,U.S. Collective Biography,E176..E176.999,,"U.S.: ('F', Decimal('1'), Decimal('975'))"
51138,U.S. Historical Geography,E179.5..E179.52,,"U.S.: ('F', Decimal('1'), Decimal('975'))"
51139,U.S. Historic Places,E159..E159.999,,"U.S.: ('F', Decimal('1'), Decimal('975'))"
51140,U.S. National & State Parks,E160..E160.999,,"U.S.: ('F', Decimal('1'), Decimal('975'))"
51141,U.S. Social Life & Customs,E161..E161.299,,"U.S.: ('F', Decimal('1'), Decimal('975'))"
51142,U.S. Geography,E161.3..E161.499,,"U.S.: ('F', Decimal('1'), Decimal('975'))"
51143,U.S. Culture & Intellectual Life,E169.1..E169.13,,"U.S.: ('F', Decimal('1'), Decimal('975'))"
51144,"U.S. Biography, 1865–1900",E663..E664.999,,"U.S.: ('F', Decimal('1'), Decimal('975'))"
51145,"Andrew Johnson, 1865–1869",E666..E669.999,,"U.S.: ('F', Decimal('1'), Decimal('975'))"
51146,"Ulysses S. Grant, 1869–1877",E671..E674.999,,"U.S.: ('F', Decimal('1'), Decimal('975'))"
51146,"Ulysses S. Grant, 1869–1877",E676..E679.999,,"U.S.: ('F', Decimal('1'), Decimal('975'))"
51147,"Rutherford B. Hayes, 1877–1881",E681..E684.999,,"U.S.: ('F', Decimal('1'), Decimal('975'))"
51148,"Garfield Administration, 1881",E686..E687.999,,"U.S.: ('F', Decimal('1'), Decimal('975'))"
51149,"Chester A. Arthur, 1881–1885",E691..E694.999,,"U.S.: ('F', Decimal('1'), Decimal('975'))"
51150,"Grover Cleveland, 1885–1889",E696..E699.999,,"U.S.: ('F', Decimal('1'), Decimal('975'))"
51151,"Benjamin Harrison, 1889–1893",E701..E704.999,,"U.S.: ('F', Decimal('1'), Decimal('975'))"
51152,"Grover Cleveland, 1893–1897",E706..E709.999,,"U.S.: ('F', Decimal('1'), Decimal('975'))"
51153,"William McKinley, 1897–1901",E711..E713.999,,"U.S.: ('F', Decimal('1'), Decimal('975'))"
51154,Spanish–American War,E714..E735.999,,"U.S.: ('F', Decimal('1'), Decimal('975'))"
51167,"Afro-American Hist., 1863–1877",E185.2..E185.499,,"U.S.: ('F', Decimal('1'), Decimal('975'))"
51168,"Afro-American Hist., 1877–1964",E185.5..E185.6149,,"U.S.: ('F', Decimal('1'), Decimal('975'))"
51169,Afro-American Hist. Since 1964,E185.615..E185.6199,,"U.S.: ('F', Decimal('1'), Decimal('975'))"
51170,Afro-American Race Relations,E185.62..E185.6249,,"U.S.: ('F', Decimal('1'), Decimal('975'))"
51171,African American Identity,E185.625..E185.6299,,"U.S.: ('F', Decimal('1'), Decimal('975'))"
51172,Afro-American Military,E185.63..E185.6999,,"U.S.: ('F', Decimal('1'), Decimal('975'))"
51173,African American Religion,E185.7..E185.7999,,"U.S.: ('F', Decimal('1'), Decimal('975'))"
51174,Afro-American Econ. Conditions,E185.8..E185.8599,,"U.S.: ('F', Decimal('1'), Decimal('975'))"
51175,Afro-American Social Life,E185.86..E185.8899,,"U.S.: ('F', Decimal('1'), Decimal('975'))"
51176,Other African American Topics,E185.89..E185.8999,,"U.S.: ('F', Decimal('1'), Decimal('975'))"
51185,Afro-American Regional,E185.9..E185.9599,,"U.S.: ('F', Decimal('1'), Decimal('975'))"
51186,"U.S. Political Hist., 20th C.",E743..E743.999,,"U.S.: ('F', Decimal('1'), Decimal('975'))"
51187,"U.S. Foreign Relations, 20th C.",E744..E744.999,,"U.S.: ('F', Decimal('1'), Decimal('975'))"
51188,"U.S. Military Hist., 20th C.",E745..E745.999,,"U.S.: ('F', Decimal('1'), Decimal('975'))"
51189,"U.S. Naval, 20th C.",E746..E746.999,,"U.S.: ('F', Decimal('1'), Decimal('975'))"
51190,"U.S. Biography, 20th Century",E747..E748.999,,"U.S.: ('F', Decimal('1'), Decimal('975'))"
51337,"Colonial America, 1607–1689",E191..E194.999,,"U.S.: ('F', Decimal('1'), Decimal('975'))"
51338,"Colonial America, 1689–1775",E195..E199.2,,"U.S.: ('F', Decimal('1'), Decimal('975'))"
51455,Russia in the 19th Century,DK188..DK243.999,,"Russian: ('DK', Decimal('541'), Decimal('579'))"
51456,"Nicholas II, 1894–1917",DK251..DK264.899,,"Russian: ('DK', Decimal('541'), Decimal('579'))"
51457,"Early Soviet Period, 1918–1924",DK266..DK266.919,,"Russian: ('DK', Decimal('541'), Decimal('579'))"
51458,"Stalin Period, 1925–1953",DK266.92..DK273.999,,"Russian: ('DK', Decimal('541'), Decimal('579'))"
51459,"Soviet Union, 1953–1985",DK274..DK282.999,,"Russian: ('DK', Decimal('541'), Decimal('579'))"
51460,"Perestroika & Breakup, 1985–1991",DK285..DK292.999,,"Russian: ('DK', Decimal('541'), Decimal('579'))"
51461,Post-Soviet Political,DK510.763..DK510.763999,,"Russian: ('DK', Decimal('541'), Decimal('579'))"
51462,Post-Soviet Foreign Relations,DK510.764..DK510.764999,,"Russian: ('DK', Decimal('541'), Decimal('579'))"
51675,Political & Foreign Relations,DR1975..DR1976,Foreign and general relations,"Serbian: ('DR', Decimal('2106'), Decimal('2124.5'))"
51679,"Autonomy & Independence, 1804–1918",DR2006..DR2032.5,,"Serbian: ('DR', Decimal('2106'), Decimal('2124.5'))"
51743,Political & Foreign Relations,DR1545..DR1546,Foreign and general relations,"Croatian: ('DR', Decimal('1620'), Decimal('1630.5'))"
51893,Ethnography,DK507.33..DK507.36,Ethnography,"Belarusian: ('DK', Decimal('507.92'), Decimal('507.939'))"
51894,Historical Biographies,DK507.38..DK507.45,,"Belarusian: ('DK', Decimal('507.92'), Decimal('507.939'))"
51895,Historiography,DK507.46..DK507.48,Historiography,"Belarusian: ('DK', Decimal('507.92'), Decimal('507.939'))"
51896,Military & Naval,DK507.6..DK507.62,Military history,"Belarusian: ('DK', Decimal('507.92'), Decimal('507.939'))"
51897,Political & Foreign Relations,DK507.65..DK507.66,Political history,"Belarusian: ('DK', Decimal('507.92'), Decimal('507.939'))"
51897,Political & Foreign Relations,DK507.67..DK507.69,Foreign and general relations,"Belarusian: ('DK', Decimal('507.92'), Decimal('507.939'))"
51913,Ethnography,DK509.33..DK509.36,Ethnography,"Moldovan: ('DK', Decimal('509.92'), Decimal('509.939'))"
51914,Historical Biographies,DK509.38..DK509.45,,"Moldovan: ('DK', Decimal('509.92'), Decimal('509.939'))"
51915,Historiography,DK509.46..DK509.48,Historiography,"Moldovan: ('DK', Decimal('509.92'), Decimal('509.939'))"
51916,Military & Naval,DK509.6..DK509.62,Military history,"Moldovan: ('DK', Decimal('509.92'), Decimal('509.939'))"
51917,Political & Foreign Relations,DK509.65..DK509.66,Political history,"Moldovan: ('DK', Decimal('509.92'), Decimal('509.939'))"
51917,Political & Foreign Relations,DK509.67..DK509.69,Foreign and general relations,"Moldovan: ('DK', Decimal('509.92'), Decimal('509.939'))"
54185,1963-,DT433.58..DT433.586,1963-,"Kenyan: ('DT', Decimal('433.552'), Decimal('433.584'))"
54197,Political & Foreign Relations,F1776.2..F1776.3,,"Cuban: ('F', Decimal('1788'), Decimal('1788.22'))"
54200,Other,F1790.2..F1854.9,,"Cuban: ('F', Decimal('1788'), Decimal('1788.22'))"
54211,Other,DR1620..DR1645,Local History & Places,"Croatian: ('DR', Decimal('1620'), Decimal('1630.5'))"
54215,Other,DR2075..DR2125,Local History & Places,"Serbian: ('DR', Decimal('2106'), Decimal('2124.5'))"
54315,Other,DT238..DT239,Libya | Local History & Places,"Libyan: ('DT', Decimal('223.3'), Decimal('236'))"
54447,Military & Naval,DK696..DK696.2,Military history,"Azerbaijani: ('DK', Decimal('699.2'), Decimal('699.39'))"
54448,Political & Foreign Relations,DK696.5..DK696.6,Political history,"Azerbaijani: ('DK', Decimal('699.2'), Decimal('699.39'))"
54448,Political & Foreign Relations,DK696.7..DK696.9,Foreign and general relations,"Azerbaijani: ('DK', Decimal('699.2'), Decimal('699.39'))"
54450,Other,DK699..DK699.5,Local History & Places,"Azerbaijani: ('DK', Decimal('699.2'), Decimal('699.39'))"
54453,Other,DK507.9..DK507.95,Local History & Places,"Belarusian: ('DK', Decimal('507.92'), Decimal('507.939'))"
54454,Military & Naval,DK676..DK676.2,Military history,"Georgian: ('DK', Decimal('679.2'), Decimal('679.39'))"
54455,Political & Foreign Relations,DK676.5..DK676.6,Political history,"Georgian: ('DK', Decimal('679.2'), Decimal('679.39'))"
54455,Political & Foreign Relations,DK676.7..DK676.9,Foreign and general relations,"Georgian: ('DK', Decimal('679.2'), Decimal('679.39'))"
54457,Other,DK679..DK679.5,Local History & Places,"Georgian: ('DK', Decimal('679.2'), Decimal('679.39'))"
54458,Military & Naval,DK908.65..DK908.66,Military history,"Kazakh: ('DK', Decimal('909.2'), Decimal('909.39'))"
54459,Political & Foreign Relations,DK908.69..DK908.75,Foreign and general relations,"Kazakh: ('DK', Decimal('909.2'), Decimal('909.39'))"
54461,Other,DK909..DK909.5,Local History & Places,"Kazakh: ('DK', Decimal('909.2'), Decimal('909.39'))"
54462,Political & Foreign Relations,DK918.79..DK918.795,Foreign and general relations,"Kyrgyz: ('DK', Decimal('919.2'), Decimal('919.39'))"
54464,Other,DK919..DK919.5,Local History & Places,"Kyrgyz: ('DK', Decimal('919.2'), Decimal('919.39'))"
54467,Other,DK509.9..DK509.95,Local History & Places,"Moldovan: ('DK', Decimal('509.92'), Decimal('509.939'))"
54469,Other,DK929..DK929.5,Local History & Places,"Tajik: ('DK', Decimal('929.2'), Decimal('929.39'))"
54471,Other,DK939..DK939.5,Local History & Places,"Turkmen: ('DK', Decimal('939.2'), Decimal('939.39'))"
54472,Military & Naval,DK948.7..DK948.72,Military history,"Uzbek: ('DK', Decimal('949.2'), Decimal('949.39'))"
54473,Political & Foreign Relations,DK948.76..DK948.79,Foreign and general relations,"Uzbek: ('DK', Decimal('949.2'), Decimal('949.39'))"
54475,Other,DK949..DK949.5,Local History & Places,"Uzbek: ('DK', Decimal('949.2'), Decimal('949.39'))"
54476,Political & Foreign Relations,DK508.56..DK508.57,Foreign and general relations,"Ukrainian: ('DK', Decimal('5001'), Decimal('5995'))"
54478,Other,DK508.9..DK508.95,Local History & Places,"Ukrainian: ('DK', Decimal('5001'), Decimal('5995'))"
54762,Other,E180..E180.5,"History of states and counties, collectively","U.S.: ('F', Decimal('1'), Decimal('975'))"
54792,1954–1975,DS556.9..DS559.9,,"Vietnamese: ('DS', Decimal('557'), Decimal('559.9'))"
54793,1975- . Reunification. Socialist Republic of Vietnam,DS559.912..DS559.916,1975- . Reunification. Socialist Republic of Vietnam,"Vietnamese: ('DS', Decimal('557'), Decimal('559.9'))"
54795,Other,DS559.92..DS559.93,Local History & Places,"Vietnamese: ('DS', Decimal('557'), Decimal('559.9'))"
54801,Other,DD701..DD905.22,Local History & Places,"German: ('DD', Decimal('1'), Decimal('905'))"
54801,Other,DD901..DD905.22,,"German: ('DD', Decimal('1'), Decimal('905'))"
54827,Other,DJ401..DJ500.22,Local History & Places,"Dutch: ('DJ', Decimal('1'), Decimal('500'))"
54828,Military & Naval,DK50..DK54,,"Russian: ('DK', Decimal('541'), Decimal('579'))"
54828,Military & Naval,DK55..DK59,,"Russian: ('DK', Decimal('541'), Decimal('579'))"
54831,Other,DK501..DK949.5,Local history and description,"Russian: ('DK', Decimal('541'), Decimal('579'))"
