system,code,before,after,expected
lcc,DT63,3346,3481,3481
lcc,DT63.5,3346,3481,3481
lcc,DT68,3346,52296,52296
lcc,DT68.2,3346,52296,52296
lcc,DT2615,3346,3346,3346
lcc,DT193.1,3371,3349,3349
lcc,DT633,54301,54301,54301
lcc,DT634,54301,3347,3347
lcc,DT635,54301,3347,3347
lcc,DT636.2,54302,54302,54302
lcc,DT636.5,54303,54303,54303
lcc,E838,50990,3413,3413
lcc,E839.5,51005,51005,51005
lcc,E840.2,50990,3413,3413
lcc,E840.4,51006,51006,51006
lcc,E840.6,51007,51007,51007
lcc,E841,50990,50990,50990
lcc,E850,50990,50990,50990
lcc,DS556,3513,3513,3513
bisac,HIS036020,,3409,3409
bisac,HIS036030,,3424,3424
bisac,HIS036050,,3408,3408
bisac,HIS036060,,3405,3405
bisac,HIS036070,,3406,3406
bisac,HIS059000,,3515,3515
bisac,HIS027210,3411,3693,3693
bisac,HIS050000,3485,11573,11573
bisac,HIS055000,3633,3551,3551
ddc,965,3357,3321,3321
ddc,953,3633,3634,3634
ddc,948,3517,3609,3609
ddc,942,3566,3566,3566
ddc,962,3635,3635,3635
ddc,943,3552,3552,3552
ddc,946,3614,3614,3614
ddc,947,3522,3522,3522
ddc,972,3385,3385,3385
bisac,HIS006040,3400,54911,54911
lcc,F1042,54625,54911,54911
bisac,HIS006050,3400,54912,54912
lcc,F1088,54625,54912,54912
bisac,HIS006060,3400,54913,54913
lcc,F1142,54625,54913,54913
bisac,HIS006070,3400,54914,54914
lcc,F1058,54625,54914,54914
bisac,HIS006080,3400,54915,54915
lcc,F1072,54625,54915,54915
bisac,HIS006090,3400,54916,54916
lcc,F1052,54625,54916,54916
