lcc	131	4441333535	3532	10149
lcc	82	4441333332	51438	10149
lcc	71	4441333536	3532	10149
lcc	65	4441333630	3532	10149
lcc	36	4441333335	51438	10149
lcc	31	4441333538	3532	10149
lcc	29	44413333332e4236	51438	10149
lcc	24	44413333342e4d38	51430	10149
lcc	23	4441333330	51437	10149
lcc	22	4441333437	51439	10149
lcc	18	44413333332e4132	51438	10149
lcc	17	44413333302e38	51437	10149
lcc	17	44413333342e4339	51438	10149
lcc	17	4441333435	51439	10149
lcc	15	4441333334	51438	10149
lcc	13	4441333530	3532	10149
lcc	10	4441333339	51438	10149
lcc	8	44413333332e5033	51438	10149
lcc	8	44413333342e5738	51438	10149
lcc	7	44413333332e4136	51438	10149
lcc	6	44413333332e4837	51438	10149
lcc	5	4441333332202e5735352032303039	51438	10149
lcc	5	44413335382e4131	3532	10149
lcc	5	44413335382e4538	3532	10149
lcc	4	4441333332202e5234352031393935	51438	10149
lcc	4	4441333333	51438	10149
lcc	4	44413333342e4d382042343731332032303039	51430	10149
lcc	4	4441333337	51438	10149
lcc	4	4441333338	51438	10149
lcc	4	4441333435202e5335352032303037	51439	10149
lcc	4	44413334352e31	51439	10149
lcc	4	4441333535202e4b34372032303039	3532	10149
lcc	4	4441333535202e5036382032303130	3532	10149
lcc	4	4441333535202e573333352032303033	3532	10149
lcc	4	4441333535202e5733342031393938	3532	10149
lcc	4	4441333536202e4837352031393930	3532	10149
lcc	4	44413335382e4c35	3532	10149
lcc	4	44413335382e5732	3532	10149
lcc	3	4441333330202e483336372031393933	51437	10149
lcc	3	44413333302e382e5235	51437	10149
lcc	3	4441333332202e4233372031393931	51438	10149
lcc	3	44413333332e4132204c35362031393935	51438	10149
lcc	3	44413333332e4136204636392032303131	51438	10149
lcc	3	44413333332e4236205734352032303130	51438	10149
lcc	3	44413333332e433534	51438	10149
lcc	3	44413333332e5033205036372032303130	51438	10149
lcc	3	44413333342e4339204d33332032303138	51438	10149
lcc	3	44413333342e4d38204136342031393938	51430	10149
lcc	3	44413333342e4d38204636382031393833	51430	10149
lcc	3	4441333338202e4635342032303132	51438	10149
lcc	3	4441333430	51439	10149
lcc	3	4441333435202e4134352032303032	51439	10149
lcc	3	4441333435202e4c3633332031393934	51439	10149
lcc	3	44413334352e312e4439	51439	10149
lcc	3	44413334352e312e4e36204c3633342031393936	51439	10149
lcc	3	4441333437202e5734382032303039	51439	10149
lcc	3	4441333535202e4138342031393834	3532	10149
lcc	3	4441333536202e4436392031393936	3532	10149
lcc	3	4441333536202e4d3934352032303034	3532	10149
lcc	3	4441333536202e5235342032303130	3532	10149
lcc	3	44413335382e4239	3532	10149
lcc	3	44413335382e4239204136362032303038	3532	10149
lcc	3	44413335382e42392041372031393938	3532	10149
lcc	3	44413335382e4538204832382031393939	3532	10149
lcc	3	44413335382e5334	3532	10149
lcc	3	44413335382e533420503537	3532	10149
lcc	3	44413335382e5335205337342032303030	3532	10149
lcc	3	44413335382e5732204838382032303036	3532	10149
lcc	3	44413335382e5737205734372031393938	3532	10149
lcc	3	4441333630202e46333433	3532	10149
lcc	2	444120333437204537342031393738	51439	10149
lcc	2	444120333535202e5033382032303037	3532	10149
lcc	2	444120333535204c3435382031393935	3532	10149
lcc	2	4441333330202e4234382032303030	51437	10149
lcc	2	4441333330202e433438203139373262	51437	10149
lcc	2	4441333330202e43362031393732	51437	10149
lcc	2	4441333330202e4338362032303037	51437	10149
lcc	2	4441333330202e5034362032303132	51437	10149
lcc	2	4441333330202e5734362032303039	51437	10149
lcc	2	4441333330202e5735322031393835	51437	10149
lcc	2	4441333330202e573533	51437	10149
lcc	2	44413333302e382e453434205734352032303133	51437	10149
lcc	2	44413333302e382e5235204a36362031393932	51437	10149
lcc	2	44413333302e382e523520533535	51437	10149
lcc	2	44413333302e382e533535204234362031393837	51437	10149
lcc	2	44413333302e382e5733205737362032303033	51437	10149
lcc	2	44413333302e382e573337204137382031393934	51437	10149
lcc	2	4441333331	51438	10149
lcc	2	4441333331202e4535342031393638	51438	10149
lcc	2	4441333331202e533535	51438	10149
lcc	2	4441333332202e453439372031393737	51438	10149
lcc	2	4441333332202e463536	51438	10149
lcc	2	4441333332202e473735782031393738	51438	10149
lcc	2	4441333332202e4737362031393737	51438	10149
lcc	2	4441333332202e483436332032303132	51438	10149
lcc	2	4441333332202e4838382032303035	51438	10149
lcc	2	4441333332202e4939342032303037	51438	10149
lcc	2	4441333332202e4c36342031393934	51438	10149
lcc	2	4441333332202e4d3337	51438	10149
lcc	2	4441333332202e4d3338352032303133	51438	10149
lcc	2	4441333332202e4e34392031393935	51438	10149
lcc	2	4441333332202e4f34342032303037	51438	10149
lcc	2	4441333332202e4f34352032303034	51438	10149
lcc	2	4441333332202e5234372032303039	51438	10149
lcc	2	4441333332202e5234382031393933	51438	10149
lcc	2	4441333332202e523533203139383562	51438	10149
lcc	2	4441333332202e5338342031393938	51438	10149
lcc	2	4441333332202e5434392031393933	51438	10149
lcc	2	4441333332202e5734352032303031	51438	10149
lcc	2	4441333332204737332031393738	51438	10149
lcc	2	44413333322e4e34392031393935	51438	10149
lcc	2	44413333322e56332032303233	51438	10149
lcc	2	44413333322e5736342032303135	51438	10149
lcc	2	44413333332e4132204c36332031393936	51438	10149
lcc	2	44413333332e4132205734352031393931	51438	10149
lcc	2	44413333332e413220573435203139393162	51438	10149
lcc	2	44413333332e4136205236342031393730	51438	10149
lcc	2	44413333332e4136205437342032303130	51438	10149
lcc	2	44413333332e4236204234352032303130	51438	10149
lcc	2	44413333332e42362046382031393733	51438	10149
lcc	2	44413333332e4236204938342031393836	51438	10149
lcc	2	44413333332e4236205733372031393839	51438	10149
lcc	2	44413333332e4236205734352032303039	51438	10149
lcc	2	44413333332e4236493834352032303034	51438	10149
lcc	2	44413333332e433434	51438	10149
lcc	2	44413333332e433534205332332031393935	51438	10149
lcc	2	44413333332e5033204a33352032303038	51438	10149
lcc	2	44413333332e5033204a33362031393939	51438	10149
lcc	2	44413333332e5033204d33372031393733	51438	10149
lcc	2	44413333332e5033204d33372031393734	51438	10149
lcc	2	44413333332e5033205336362031393934	51438	10149
lcc	2	44413333332e533439	51438	10149
lcc	2	44413333332e533439204737362031393939	51438	10149
lcc	2	44413333342e4131	51438	10149
lcc	2	44413333342e4131205235322031393833	51438	10149
lcc	2	44413333342e4131205235332031393832	51438	10149
lcc	2	44413333342e4131205735352032303031	51438	10149
lcc	2	44413333342e4131205735352032303032	51438	10149
lcc	2	44413333342e423635204636392032303037	51438	10149
lcc	2	44413333342e4339204234322031393738	51438	10149
lcc	2	44413333342e43392044352031393732	51438	10149
lcc	2	44413333342e4339204838382032303037	51438	10149
lcc	2	44413333342e4339204c36332032303133	51438	10149
lcc	2	44413333342e4534204c34	51438	10149
lcc	2	44413333342e47332041342031393730	51438	10149
lcc	2	44413333342e4d38202e4236372031393934	51430	10149
lcc	2	44413333342e4d38202e4734372031393938	51430	10149
lcc	2	44413333342e4d38202e5734362031393935	51430	10149
lcc	2	44413333342e4d3820413234	51430	10149
lcc	2	44413333342e4d382041342032303030	51430	10149
lcc	2	44413333342e4d38204331392032303131	51430	10149
lcc	2	44413333342e4d38204334352031393736	51430	10149
lcc	2	44413333342e4d3820453520766f6c2e203636203136333061	51430	10149
lcc	2	44413333342e4d38204738	51430	10149
lcc	2	44413333342e4d38204834372032303037	51430	10149
lcc	2	44413333342e4d38204c36362031393734	51430	10149
lcc	2	44413333342e4d38204d3237352031393834	51430	10149
lcc	2	44413333342e4d3820523338	51430	10149
lcc	2	44413333342e4d3820523338203139363862	51430	10149
lcc	2	44413333342e4d38205233382031393738	51430	10149
lcc	2	44413333342e4d38205237323220313938307a	51430	10149
lcc	2	44413333342e4d38205332352031393730	51430	10149
lcc	2	44413333342e4d38205734342031393935	51430	10149
lcc	2	44413333342e4e3637204834332031393935	51438	10149
lcc	2	44413333342e533834204738362031393838	51438	10149
lcc	2	44413333342e5738204333372031393733	51438	10149
lcc	2	44413333342e573820483337	51438	10149
lcc	2	44413333342e5738205432	51438	10149
lcc	2	44413333342e57384836372032303139	51438	10149
lcc	2	44413333342e57385235332032303230	51438	10149
lcc	2	44413333344d3820533432	51430	10149
lcc	2	44413333352e4c35	51438	10149
lcc	2	44413333352e4c35204c3537	51438	10149
lcc	2	44413333352e4c35204c3537322031393833	51438	10149
lcc	2	4441333337202e4337	51438	10149
lcc	2	4441333338202e5332352032303038	51438	10149
lcc	2	4441333339202e4238342031393939	51438	10149
lcc	2	4441333339202e4238372031393936	51438	10149
lcc	2	4441333339202e423837332032303039	51438	10149
lcc	2	4441333339202e44372031393731	51438	10149
lcc	2	4441333339202e4c35372032303039	51438	10149
lcc	2	4441333430202e4c3537392032303034	51439	10149
lcc	2	4441333430202e4c353739342031393932	51439	10149
lcc	2	44413334302e5736362032303037	51439	10149
lcc	2	4441333435202e423736	51439	10149
lcc	2	4441333435202e4238203139373562	51439	10149
lcc	2	4441333435202e4333372031393934	51439	10149
lcc	2	4441333435202e433637	51439	10149
lcc	2	4441333435202e4a3539	51439	10149
lcc	2	4441333435202e4c33362031393737	51439	10149
lcc	2	4441333435202e4d32332032303031	51439	10149
lcc	2	4441333435202e5736392032303031	51439	10149
lcc	2	44413334352e312e4439204d3337	51439	10149
lcc	2	44413334352e312e44394939342032303039	51439	10149
lcc	2	44413334352e312e4e36204c36332031393936	51439	10149
lcc	2	44413334352e4c34342032303036	51439	10149
lcc	2	4441333437202e453734	51439	10149
lcc	2	4441333437202e4537342031393933	51439	10149
lcc	2	4441333437202e4c3537392031393839	51439	10149
lcc	2	4441333437202e4d32362031393933	51439	10149
lcc	2	4441333437202e4d32372032303131	51439	10149
lcc	2	4441333437202e4d3335362032303039	51439	10149
lcc	2	4441333437202e5036352032303038	51439	10149
lcc	2	4441333437202e5036352032303039	51439	10149
lcc	2	4441333437202e5234372032303031	51439	10149
lcc	2	4441333437202e5235	51439	10149
lcc	2	4441333437202e523632	51439	10149
lcc	2	4441333437202e5435372032303133	51439	10149
lcc	2	44413334372e31	51439	10149
lcc	2	44413334372e312e443438205433392032303036	51439	10149
lcc	2	4441333530202e4132352032303033	3532	10149
lcc	2	4441333530202e41342032303033	3532	10149
lcc	2	4441333530202e4138342031393838	3532	10149
lcc	2	4441333530202e4332322031393730	3532	10149
lcc	2	4441333530202e4b3536	3532	10149
lcc	2	4441333530202e50362031393830	3532	10149
lcc	2	4441333530202e5636352032303130	3532	10149
lcc	2	4441333530204e38363320766f6c2e2034362c206574632e	3532	10149
lcc	2	4441333535202e41332031393939	3532	10149
lcc	2	4441333535202e4233372031393838	3532	10149
lcc	2	4441333535202e4233372031393937	3532	10149
lcc	2	4441333535202e4236322031393730	3532	10149
lcc	2	4441333535202e4236372032303130	3532	10149
lcc	2	4441333535202e4237362031393835	3532	10149
lcc	2	4441333535202e433637362032303037	3532	10149
lcc	2	4441333535202e4336382031393934	3532	10149
lcc	2	4441333535202e4338332032303039	3532	10149
lcc	2	4441333535202e443637322032303033	3532	10149
lcc	2	4441333535202e4438362032303034	3532	10149
lcc	2	4441333535202e4533332032303038	3532	10149
lcc	2	4441333535202e453536362032303134	3532	10149
lcc	2	4441333535202e4535372032303033	3532	10149
lcc	2	4441333535202e4535392032303032	3532	10149
lcc	2	4441333535202e4637392031393933	3532	10149
lcc	2	4441333535202e4737332031393834	3532	10149
lcc	2	4441333535202e473734	3532	10149
lcc	2	4441333535202e473734372032303032	3532	10149
lcc	2	4441333535202e4737352031393930	3532	10149
lcc	2	4441333535202e4832362032303033	3532	10149
lcc	2	4441333535202e483237	3532	10149
lcc	2	4441333535202e4833352031393939	3532	10149
lcc	2	4441333535202e4833382032303032	3532	10149
lcc	2	4441333535202e4834332032303037	3532	10149
lcc	2	4441333535202e4835362032303135	3532	10149
lcc	2	4441333535202e4835382032303131	3532	10149
lcc	2	4441333535202e483835	3532	10149
lcc	2	4441333535202e4a342032303030	3532	10149
lcc	2	4441333535202e4b37332032303039	3532	10149
lcc	2	4441333535202e4c33362032303037	3532	10149
lcc	2	4441333535202e4c3435382031393934	3532	10149
lcc	2	4441333535202e4c3435392032303032	3532	10149
lcc	2	4441333535202e4c3436	3532	10149
lcc	2	4441333535202e4d3236	3532	10149
lcc	2	4441333535202e4d32382031393936	3532	10149
lcc	2	4441333535202e4d3332382031393931	3532	10149
lcc	2	4441333535202e4d36362032303036	3532	10149
lcc	2	4441333535202e5232332031393934	3532	10149
lcc	2	4441333535202e5234392032303033	3532	10149
lcc	2	4441333535202e5236352032303039	3532	10149
lcc	2	4441333535202e5236372032303033	3532	10149
lcc	2	4441333535202e5333362032303131	3532	10149
lcc	2	4441333535202e5334392032303036	3532	10149
lcc	2	4441333535202e5434382031393938	3532	10149
lcc	2	4441333535202e5733352032303035	3532	10149
lcc	2	4441333535202e5733362032303038	3532	10149
lcc	2	4441333535202e573438322031393731	3532	10149
lcc	2	4441333535202e573439362032303132	3532	10149
lcc	2	4441333535204236322031393730	3532	10149
lcc	2	44413335352e48333520313939396562	3532	10149
lcc	2	44413335352e4835372032303137	3532	10149
lcc	2	44413335352e4836332032303037	3532	10149
lcc	2	44413335352e4c33362032303037	3532	10149
lcc	2	44413335352e4c3435382031393934	3532	10149
lcc	2	44413335352e4c3435382032303133	3532	10149
lcc	2	44413335352e5034352031393930	3532	10149
lcc	2	44413335352e5337332032303031	3532	10149
lcc	2	44413335352e5434382031393938	3532	10149
lcc	2	44413335352e5936362032303230	3532	10149
lcc	2	4441333536202e4136372031393838	3532	10149
lcc	2	4441333536202e4236372031393931	3532	10149
lcc	2	4441333536202e423637352032303031	3532	10149
lcc	2	4441333536202e4237342031393936	3532	10149
lcc	2	4441333536202e43332031393637	3532	10149
lcc	2	4441333536202e4335362031393939	3532	10149
lcc	2	4441333536202e4335382031393832	3532	10149
lcc	2	4441333536202e4533392032303032	3532	10149
lcc	2	4441333536202e4735382032303037	3532	10149
lcc	2	4441333536202e4833332031393935	3532	10149
lcc	2	4441333536202e4833392031393932	3532	10149
lcc	2	4441333536202e4c353737203135393561	3532	10149
lcc	2	4441333536202e4d332031393734	3532	10149
lcc	2	4441333536202e4f38322031393935	3532	10149
lcc	2	4441333536202e4f38332031393839	3532	10149
lcc	2	4441333536202e5033372031393936	3532	10149
lcc	2	4441333536202e5035362031393931	3532	10149
lcc	2	4441333536202e5135362031393833	3532	10149
lcc	2	4441333536202e5234322031393834	3532	10149
lcc	2	4441333536202e5236352032303033	3532	10149
lcc	2	4441333536202e5334332032303038	3532	10149
lcc	2	4441333536202e5335342031393933	3532	10149
lcc	2	4441333536202e533833	3532	10149
lcc	2	4441333536202e5734372031393834	3532	10149
lcc	2	4441333536202e5938362031393936	3532	10149
lcc	2	4441333536204c353737203135393561	3532	10149
lcc	2	44413335362e4133372032303231	3532	10149
lcc	2	44413335362e4234392032303233	3532	10149
lcc	2	44413335362e443637382032303030	3532	10149
lcc	2	44413335362e4436382031393936	3532	10149
lcc	2	44413335362e4a36362032303139	3532	10149
lcc	2	44413335362e5033372031393936	3532	10149
lcc	2	4441333537	3532	10149
lcc	2	44413335382e4131204237352032303030	3532	10149
lcc	2	44413335382e4131204e33382031393835	3532	10149
lcc	2	44413335382e4131205235392031393833	3532	10149
lcc	2	44413335382e4131205335362032303037	3532	10149
lcc	2	44413335382e4233204638342031393831	3532	10149
lcc	2	44413335382e4233204638342031393934	3532	10149
lcc	2	44413335382e42392041342032303137	3532	10149
lcc	2	44413335382e42392047372031393938	3532	10149
lcc	2	44413335382e42392053352031393731	3532	10149
lcc	2	44413335382e4538204733352032303132	3532	10149
lcc	2	44413335382e45382048332031393733	3532	10149
lcc	2	44413335382e4836332041332031393938	3532	10149
lcc	2	44413335382e4c35202e43313520766f6c2e2036	3532	10149
lcc	2	44413335382e4c3520573534	3532	10149
lcc	2	44413335382e4e3537204533	3532	10149
lcc	2	44413335382e4e3635204737203135363961	3532	10149
lcc	2	44413335382e52	3532	10149
lcc	2	44413335382e53322043342031393731	3532	10149
lcc	2	44413335382e5332204833352031393839	3532	10149
lcc	2	44413335382e5334204c36382032303036	3532	10149
lcc	2	44413335382e533534204833392031393834	3532	10149
lcc	2	44413335382e5732204833392032303037	3532	10149
lcc	2	4441333630202e4136342032303034	3532	10149
lcc	2	4441333630202e4535342031393931	3532	10149
lcc	2	4441333630202e4635352031393838	3532	10149
lcc	2	4441333630202e4736342031393838	3532	10149
lcc	2	4441333630202e4833342032303035	3532	10149
lcc	2	4441333630202e4838382032303133	3532	10149
lcc	2	4441333630202e4b36362032303035	3532	10149
lcc	2	4441333630202e4b36372032303039	3532	10149
lcc	2	4441333630202e4d32362031393838	3532	10149
lcc	2	4441333630202e4d3237362031393838	3532	10149
lcc	2	4441333630202e4d3238382032303039	3532	10149
lcc	2	4441333630202e5233372031393933	3532	10149
lcc	2	4441333630202e5338322031393837	3532	10149
lcc	2	4441333630202e5434352031393838	3532	10149
lcc	2	4441333630202e573234	3532	10149
lcc	2	4441333630202e5734332031393934	3532	10149
lcc	1	444120333332	51438	10149
lcc	1	444120333334202e4d382041342032303030	51430	10149
lcc	1	444120333530202e4132352032303030	3532	10149
lcc	1	444120333536205235392031393735	3532	10149
lcc	1	44412733333227483135	51438	10149
lcc	1	444127333630274d3331382731393835	3532	10149
lcc	1	4441333330202e4134332031393830	51437	10149
lcc	1	4441333330202e4135342032303131	51437	10149
lcc	1	4441333330202e413734382032303135	51437	10149
lcc	1	4441333330202e4231322031393731	51437	10149
lcc	1	4441333330202e4231322031393936	51437	10149
lcc	1	4441333330202e4231322031393938	51437	10149
lcc	1	4441333330202e4231322032303037	51437	10149
lcc	1	4441333330202e4231322032303132	51437	10149
lcc	1	4441333330202e423132372031393930	51437	10149
lcc	1	4441333330202e4237332032303034	51437	10149
lcc	1	4441333330202e423739332032303030	51437	10149
lcc	1	4441333330202e4333372032303139	51437	10149
lcc	1	4441333330202e433438	51437	10149
lcc	1	4441333330202e4334382031393939	51437	10149
lcc	1	4441333330202e4731342031393639	51437	10149
lcc	1	4441333330202e4731342031393730	51437	10149
lcc	1	4441333330202e4737332031393839	51437	10149
lcc	1	4441333330202e4738362032303136	51437	10149
lcc	1	4441333330202e4838362031393938	51437	10149
lcc	1	4441333330202e4c36	51437	10149
lcc	1	4441333330202e4d32	51437	10149
lcc	1	4441333330202e5034362032303131	51437	10149
lcc	1	4441333330202e5034362032303133	51437	10149
lcc	1	4441333330202e5234342031393835	51437	10149
lcc	1	4441333330202e5234342031393937	51437	10149
lcc	1	4441333330202e54342031393731	51437	10149
lcc	1	44413333302e205735322031393835	51437	10149
lcc	1	44413333302e382e413738204137382032303039	51437	10149
lcc	1	44413333302e382e42354a362032303235	51437	10149
lcc	1	44413333302e382e453434	51437	10149
lcc	1	44413333302e382e453434204f34342032303039	51437	10149
lcc	1	44413333302e382e45343420573435203230313362	51437	10149
lcc	1	44413333302e382e453434205734352032303134	51437	10149
lcc	1	44413333302e382e4534345734352032303134	51437	10149
lcc	1	44413333302e382e5235204635372032303231	51437	10149
lcc	1	44413333302e382e5235204e36372032303130	51437	10149
lcc	1	44413333302e382e5235204e36372032303131	51437	10149
lcc	1	44413333302e382e5235205433352032303230	51437	10149
lcc	1	44413333302e382e52352054333520323032306562	51437	10149
lcc	1	44413333302e382e52354e36372032303131	51437	10149
lcc	1	44413333302e382e52355433352032303230	51437	10149
lcc	1	44413333302e382e53353542342032303234	51437	10149
lcc	1	44413333302e382e5335354234362031393837	51437	10149
lcc	1	44413333302e382e5733205737362032303034	51437	10149
lcc	1	44413333302e382e573337	51437	10149
lcc	1	44413333302e382e573337205737362032303033	51437	10149
lcc	1	44413333302e382e573637204537372032303034	51437	10149
lcc	1	44413333302e382e5736374537372032303034	51437	10149
lcc	1	44413333302e4134332031393830	51437	10149
lcc	1	44413333302e4135342032303131	51437	10149
lcc	1	44413333302e4231322031393936	51437	10149
lcc	1	44413333302e4334382031393939	51437	10149
lcc	1	44413333302e4737332031393835	51437	10149
lcc	1	44413333302e4d362032303234	51437	10149
lcc	1	44413333302e5034362032303132	51437	10149
lcc	1	44413333302e5734362032303039	51437	10149
lcc	1	4441333331202e47352031393730	51438	10149
lcc	1	4441333331202e4737362031393732	51438	10149
lcc	1	4441333331202e483733203230303362	51438	10149
lcc	1	4441333331202e4c34372032303031	51438	10149
lcc	1	4441333331202e4d36372031393833	51438	10149
lcc	1	4441333331202e4d36372031393834	51438	10149
lcc	1	4441333331204135203135323861	51438	10149
lcc	1	44413333312047352031383534	51438	10149
lcc	1	44413333312047352031393730	51438	10149
lcc	1	4441333332202e4136372032303132	51438	10149
lcc	1	4441333332202e41363734352032303136	51438	10149
lcc	1	4441333332202e4232352031393735	51438	10149
lcc	1	4441333332202e4234352032303035	51438	10149
lcc	1	4441333332202e4234372032303035	51438	10149
lcc	1	4441333332202e4235332031393933	51438	10149
lcc	1	4441333332202e423538	51438	10149
lcc	1	4441333332202e42362031393733	51438	10149
lcc	1	4441333332202e42362031393930	51438	10149
lcc	1	4441333332202e4237332032303134	51438	10149
lcc	1	4441333332202e4238362031393737	51438	10149
lcc	1	4441333332202e423836203139373762	51438	10149
lcc	1	4441333332202e423838	51438	10149
lcc	1	4441333332202e4333372032303034	51438	10149
lcc	1	4441333332202e43353420323031326562	51438	10149
lcc	1	4441333332202e433639352031393939	51438	10149
lcc	1	4441333332202e4439392031393838	51438	10149
lcc	1	4441333332202e4534372032303133	51438	10149
lcc	1	4441333332202e45343936	51438	10149
lcc	1	4441333332202e453439362031393732	51438	10149
lcc	1	4441333332202e45343937203139373762	51438	10149
lcc	1	4441333332202e45352031393734	51438	10149
lcc	1	4441333332202e453520323031306562	51438	10149
lcc	1	4441333332202e453734	51438	10149
lcc	1	4441333332202e4537342031393937	51438	10149
lcc	1	4441333332202e4537352031393832	51438	10149
lcc	1	4441333332202e4635362031393737	51438	10149
lcc	1	4441333332202e4636372032303035	51438	10149
lcc	1	4441333332202e473234	51438	10149
lcc	1	4441333332202e4735332032303037	51438	10149
lcc	1	4441333332202e4737372031393938	51438	10149
lcc	1	4441333332202e4738362032303138	51438	10149
lcc	1	4441333332202e4738392032303134	51438	10149
lcc	1	4441333332202e48322032303032	51438	10149
lcc	1	4441333332202e4832372032303039	51438	10149
lcc	1	4441333332202e4834362031393931	51438	10149
lcc	1	4441333332202e4834362032303039	51438	10149
lcc	1	4441333332202e4834363320323031326562	51438	10149
lcc	1	4441333332202e483436352032303132	51438	10149
lcc	1	4441333332202e483436352032303133	51438	10149
lcc	1	4441333332202e483436352032303136	51438	10149
lcc	1	4441333332202e4834372031393933	51438	10149
lcc	1	4441333332202e4834382032303039	51438	10149
lcc	1	4441333332202e4836332032303138	51438	10149
lcc	1	4441333332202e483838203230303562	51438	10149
lcc	1	4441333332202e4838382032303131	51438	10149
lcc	1	4441333332202e4838382032303139	51438	10149
lcc	1	4441333332202e483838362032303132	51438	10149
lcc	1	4441333332202e493538342031393938	51438	10149
lcc	1	4441333332202e4a3333332031393935	51438	10149
lcc	1	4441333332202e4a36342032303137	51438	10149
lcc	1	4441333332202e4a36362032303039	51438	10149
lcc	1	4441333332202e4a36362032303130	51438	10149
lcc	1	4441333332202e4b37362031393932	51438	10149
lcc	1	4441333332202e4c32372032303138	51438	10149
lcc	1	4441333332202e4c332031393932	51438	10149
lcc	1	4441333332202e4c34352032303134	51438	10149
lcc	1	4441333332202e4c35332032303136	51438	10149
lcc	1	4441333332202e4c35352031393930	51438	10149
lcc	1	4441333332202e4c3632382032303039	51438	10149
lcc	1	4441333332202e4c36332032303037	51438	10149
lcc	1	4441333332202e4c36332032303039	51438	10149
lcc	1	4441333332202e4c36332032303131	51438	10149
lcc	1	4441333332202e4d35332032303232	51438	10149
lcc	1	4441333332202e4d35352031393836	51438	10149
lcc	1	4441333332202e4d3537342031393934	51438	10149
lcc	1	4441333332202e4d3539322031393834	51438	10149
lcc	1	4441333332202e4e343920313939356562	51438	10149
lcc	1	4441333332202e4e35382032303035	51438	10149
lcc	1	4441333332202e503234	51438	10149
lcc	1	4441333332202e5032342031393833	51438	10149
lcc	1	4441333332202e503334	51438	10149
lcc	1	4441333332202e503533	51438	10149
lcc	1	4441333332202e503533203139373062	51438	10149
lcc	1	4441333332202e503738	51438	10149
lcc	1	4441333332202e5037382031393035	51438	10149
lcc	1	4441333332202e5037382031393730	51438	10149
lcc	1	4441333332202e5037392032303038	51438	10149
lcc	1	4441333332202e5037392032303039	51438	10149
lcc	1	4441333332202e5233352032303031	51438	10149
lcc	1	4441333332202e5233362031393931	51438	10149
lcc	1	4441333332202e523438203139393362	51438	10149
lcc	1	4441333332202e5234382032303036	51438	10149
lcc	1	4441333332202e5234382032303039	51438	10149
lcc	1	4441333332202e52352032303132	51438	10149
lcc	1	4441333332202e5235332031393835	51438	10149
lcc	1	4441333332202e5235332031393836	51438	10149
lcc	1	4441333332202e5236372032303036	51438	10149
lcc	1	4441333332202e533235	51438	10149
lcc	1	4441333332202e533235203139363862	51438	10149
lcc	1	4441333332202e5332352032303132	51438	10149
lcc	1	4441333332202e5333392032303039	51438	10149
lcc	1	4441333332202e5334382032303033	51438	10149
lcc	1	4441333332202e53343820323030336562	51438	10149
lcc	1	4441333332202e53362031393832	51438	10149
lcc	1	4441333332202e5336332031393731	51438	10149
lcc	1	4441333332202e533633203139373162	51438	10149
lcc	1	4441333332202e5336382031393733	51438	10149
lcc	1	4441333332202e53372031393836	51438	10149
lcc	1	4441333332202e5337322032303038	51438	10149
lcc	1	4441333332202e5337322032303039	51438	10149
lcc	1	4441333332202e533733	51438	10149
lcc	1	4441333332202e5337332031393835	51438	10149
lcc	1	4441333332202e5337332032303032	51438	10149
lcc	1	4441333332202e53373530	51438	10149
lcc	1	4441333332202e5433352032303137	51438	10149
lcc	1	4441333332202e543438	51438	10149
lcc	1	4441333332202e54382031393737	51438	10149
lcc	1	4441333332202e5438352031393838	51438	10149
lcc	1	4441333332202e5438382032303038	51438	10149
lcc	1	4441333332202e57332031393733	51438	10149
lcc	1	4441333332202e573435203230303162	51438	10149
lcc	1	4441333332202e57343520323030316562	51438	10149
lcc	1	4441333332202e5734352032303032	51438	10149
lcc	1	4441333332202e573533203139373162	51438	10149
lcc	1	4441333332202e5735332031393733	51438	10149
lcc	1	4441333332202e5735352031393731	51438	10149
lcc	1	4441333332202e5736342032303038	51438	10149
lcc	1	4441333332202e5736342032303039	51438	10149
lcc	1	4441333332202e5736342032303135	51438	10149
lcc	1	4441333332202e5736372032303031	51438	10149
lcc	1	4441333332205334382032303033	51438	10149
lcc	1	44413333322e43352032303234	51438	10149
lcc	1	44413333322e4435392032303136	51438	10149
lcc	1	44413333322e4534372032303133	51438	10149
lcc	1	44413333322e453439362032303038	51438	10149
lcc	1	44413333322e453439372031393737	51438	10149
lcc	1	44413333322e4537342031393937	51438	10149
lcc	1	44413333322e4636372032303035	51438	10149
lcc	1	44413333322e4832202e4e34313320742e203430	51438	10149
lcc	1	44413333322e4834372031393932	51438	10149
lcc	1	44413333322e4838382032303035	51438	10149
lcc	1	44413333322e483838362032303132	51438	10149
lcc	1	44413333322e4939342032303037	51438	10149
lcc	1	44413333322e4c32372032303138	51438	10149
lcc	1	44413333322e4c34342032303230	51438	10149
lcc	1	44413333322e4d332032303234	51438	10149
lcc	1	44413333322e4d35352031393836	51438	10149
lcc	1	44413333322e5035343920323031346562	51438	10149
lcc	1	44413333322e5037392032303038	51438	10149
lcc	1	44413333322e5234352031393935	51438	10149
lcc	1	44413333322e5234382031393933	51438	10149
lcc	1	44413333322e5235332031393835	51438	10149
lcc	1	44413333322e533633203139373162	51438	10149
lcc	1	44413333322e5434392031393933	51438	10149
lcc	1	44413333322e5736342032303038	51438	10149
lcc	1	44413333322e5736372032303031	51438	10149
lcc	1	444133333247382032303230	51438	10149
lcc	1	44413333325334382032303032	51438	10149
lcc	1	44413333325334382032303033	51438	10149
lcc	1	4441333333205033204737	51438	10149
lcc	1	44413333332e4132202e4d33332032303031	51438	10149
lcc	1	44413333332e4132204637332031393932	51438	10149
lcc	1	44413333332e413220463733203139393262	51438	10149
lcc	1	44413333332e4132204637332031393933	51438	10149
lcc	1	44413333332e4132204637332031393934	51438	10149
lcc	1	44413333332e4132204637332031393939	51438	10149
lcc	1	44413333332e4132204c36332031393937	51438	10149
lcc	1	44413333332e4132204c36332032303039	51438	10149
lcc	1	44413333332e4132204c3633352032303039	51438	10149
lcc	1	44413333332e4132204c3633352032303134	51438	10149
lcc	1	44413333332e4132204d36372032303136	51438	10149
lcc	1	44413333332e4132205235322031393731	51438	10149
lcc	1	44413333332e4132205337332032303033	51438	10149
lcc	1	44413333332e413220533733203230303362	51438	10149
lcc	1	44413333332e4132205337332032303034	51438	10149
lcc	1	44413333332e413220533733203230303462	51438	10149
lcc	1	44413333332e413220573432352031393932	51438	10149
lcc	1	44413333332e41324137342032303230	51438	10149
lcc	1	44413333332e41324c35362031393935	51438	10149
lcc	1	44413333332e41324c36332031393936	51438	10149
lcc	1	44413333332e413253352032303234	51438	10149
lcc	1	44413333332e4132533733203230303362	51438	10149
lcc	1	44413333332e41325734352031393931	51438	10149
lcc	1	44413333332e41325734352031393932	51438	10149
lcc	1	44413333332e4136202e4132206e6f2e20323936	51438	10149
lcc	1	44413333332e4136204439	51438	10149
lcc	1	44413333332e4136204532372032303231	51438	10149
lcc	1	44413333332e4136204636392032303132	51438	10149
lcc	1	44413333332e4136204c35332032303136	51438	10149
lcc	1	44413333332e4136204d332031393633	51438	10149
lcc	1	44413333332e4136204d332031393930	51438	10149
lcc	1	44413333332e4136204f34332031393933	51438	10149
lcc	1	44413333332e4136205437342032303131	51438	10149
lcc	1	44413333332e4136205534332032303034	51438	10149
lcc	1	44413333332e4136205735352032303133	51438	10149
lcc	1	44413333332e4136205735352032303134	51438	10149
lcc	1	44413333332e41364532372032303231	51438	10149
lcc	1	44413333332e4236204236372032303133	51438	10149
lcc	1	44413333332e4236204236372032303134	51438	10149
lcc	1	44413333332e4236204237382031393732	51438	10149
lcc	1	44413333332e423620423738203139373262	51438	10149
lcc	1	44413333332e4236204334	51438	10149
lcc	1	44413333332e4236204334203139373462	51438	10149
lcc	1	44413333332e4236204334332032303137	51438	10149
lcc	1	44413333332e4236204434362032303037	51438	10149
lcc	1	44413333332e4236204537352031393834	51438	10149
lcc	1	44413333332e4236204537352031393938	51438	10149
lcc	1	44413333332e42362046382032303130	51438	10149
lcc	1	44413333332e4236204638332032303135	51438	10149
lcc	1	44413333332e423620493834352032303034	51438	10149
lcc	1	44413333332e423620493834352032303035	51438	10149
lcc	1	44413333332e4236204c3632362032303131	51438	10149
lcc	1	44413333332e4236204c36332031393739	51438	10149
lcc	1	44413333332e4236204c36332032303132	51438	10149
lcc	1	44413333332e4236204d38352031393936	51438	10149
lcc	1	44413333332e4236204d3835203139393667	51438	10149
lcc	1	44413333332e4236204d38352031393938	51438	10149
lcc	1	44413333332e4236204e3636392032303131	51438	10149
lcc	1	44413333332e4236204e36372032303038	51438	10149
lcc	1	44413333332e4236204e36372032303039	51438	10149
lcc	1	44413333332e4236204e3637352032303131	51438	10149
lcc	1	44413333332e4236204e3637372032303133	51438	10149
lcc	1	44413333332e4236205336352032303133	51438	10149
lcc	1	44413333332e4236205336352032303134	51438	10149
lcc	1	44413333332e4236205634372031393835	51438	10149
lcc	1	44413333332e42362056343731332031393839	51438	10149
lcc	1	44413333332e4236205735332031393931	51438	10149
lcc	1	44413333332e4236205735352032303039	51438	10149
lcc	1	44413333332e4236205735352032303131	51438	10149
lcc	1	44413333332e42362e42362032303234	51438	10149
lcc	1	44413333332e423641352032303234	51438	10149
lcc	1	44413333332e42364234352032303130	51438	10149
lcc	1	44413333332e42364234352032303131	51438	10149
lcc	1	44413333332e42364236372032303133	51438	10149
lcc	1	44413333332e42364237382031393732	51438	10149
lcc	1	44413333332e4236423738203139373262	51438	10149
lcc	1	44413333332e42364334	51438	10149
lcc	1	44413333332e42364537352031393938	51438	10149
lcc	1	44413333332e42364938342031393836	51438	10149
lcc	1	44413333332e4236493834352032303035	51438	10149
lcc	1	44413333332e42364c36342032303138	51438	10149
lcc	1	44413333332e423650332032303234	51438	10149
lcc	1	44413333332e42365733372031393931	51438	10149
lcc	1	44413333332e433534204334372032303132	51438	10149
lcc	1	44413333332e433534204e36372032303039	51438	10149
lcc	1	44413333332e433534204e36372032303130	51438	10149
lcc	1	44413333332e433534205733372032303030	51438	10149
lcc	1	44413333332e4335345733372032303130	51438	10149
lcc	1	44413333332e4837204434362032303035	51438	10149
lcc	1	44413333332e4837204434362032303037	51438	10149
lcc	1	44413333332e4837204833362032303036	51438	10149
lcc	1	44413333332e4837205238362032303137	51438	10149
lcc	1	44413333332e4837205238372032303136	51438	10149
lcc	1	44413333332e4837205238372032303137	51438	10149
lcc	1	44413333332e48372053362032303039	51438	10149
lcc	1	44413333332e48372053362032303130	51438	10149
lcc	1	44413333332e483720573536352032303136	51438	10149
lcc	1	44413333332e48374434362032303035	51438	10149
lcc	1	44413333332e48375238372032303136	51438	10149
lcc	1	44413333332e50332041322032303131	51438	10149
lcc	1	44413333332e5033204a33352032303039	51438	10149
lcc	1	44413333332e5033204b34352031393933	51438	10149
lcc	1	44413333332e5033204e36372032303130	51438	10149
lcc	1	44413333332e5033205036372032303131	51438	10149
lcc	1	44413333332e5033205735352032303138	51438	10149
lcc	1	44413333332e5033205735382032303039	51438	10149
lcc	1	44413333332e503341322032303131	51438	10149
lcc	1	44413333332e503341322032303134	51438	10149
lcc	1	44413333332e50334d33372031393733	51438	10149
lcc	1	44413333332e50335036372032303130	51438	10149
lcc	1	44413333332e503357362032303234	51438	10149
lcc	1	44413333332e533439204c36332032303135	51438	10149
lcc	1	44413333332e533439204c3633342032303135	51438	10149
lcc	1	44413333332e533439204e36372032303039	51438	10149
lcc	1	44413333332e5334394e3637372032303237	51438	10149
lcc	1	4441333334202e5738	51438	10149
lcc	1	444133333420433944352031393637	51438	10149
lcc	1	44413333342e4131204236372032303138	51438	10149
lcc	1	44413333342e4131204d33332032303138	51438	10149
lcc	1	44413333342e4131204d333320323031386562	51438	10149
lcc	1	44413333342e4131205235322031393832	51438	10149
lcc	1	44413333342e4131205735352032303033	51438	10149
lcc	1	44413333342e41312e5235322031393833	51438	10149
lcc	1	44413333342e41314236372032303139	51438	10149
lcc	1	44413333342e41315735352032303032	51438	10149
lcc	1	44413333342e41315735352032303033	51438	10149
lcc	1	44413333342e433920423432203139373862	51438	10149
lcc	1	44413333342e4339204236372032303134	51438	10149
lcc	1	44413333342e433920423637203230313462	51438	10149
lcc	1	44413333342e4339204336322032303134	51438	10149
lcc	1	44413333342e4339204336332032303039	51438	10149
lcc	1	44413333342e4339204435	51438	10149
lcc	1	44413333342e433920453437	51438	10149
lcc	1	44413333342e4339204539342032303135	51438	10149
lcc	1	44413333342e4339204838382032303038	51438	10149
lcc	1	44413333342e4339204838382032303039	51438	10149
lcc	1	44413333342e4339204d32332032303138	51438	10149
lcc	1	44413333342e4339204d35	51438	10149
lcc	1	44413333342e4339205333362032303038	51438	10149
lcc	1	44413333342e4339205333362032303131	51438	10149
lcc	1	44413333342e43392e4234322031393738	51438	10149
lcc	1	44413333342e43394236372032303134	51438	10149
lcc	1	44413333342e43394336332032303039	51438	10149
lcc	1	44413333342e43394838382032303039	51438	10149
lcc	1	44413333342e43394d3233352032303138	51438	10149
lcc	1	44413333342e43394d3233352032303139	51438	10149
lcc	1	44413333342e4534204c342031393639	51438	10149
lcc	1	44413333342e45342e4c34	51438	10149
lcc	1	44413333342e4733204d382031393730	51438	10149
lcc	1	44413333342e4733205234342031393930	51438	10149
lcc	1	44413333342e47335234342031393930	51438	10149
lcc	1	44413333342e4d333820483837	51438	10149
lcc	1	44413333342e4d38202e4236372031393931	51430	10149
lcc	1	44413333342e4d382041322031393731	51430	10149
lcc	1	44413333342e4d38204132352032303033	51430	10149
lcc	1	44413333342e4d382041342032303031	51430	10149
lcc	1	44413333342e4d3820413634203139393862	51430	10149
lcc	1	44413333342e4d38204136342031393939	51430	10149
lcc	1	44413333342e4d38204137352032303133	51430	10149
lcc	1	44413333342e4d3820423437	51430	10149
lcc	1	44413333342e4d38204234372031393939	51430	10149
lcc	1	44413333342e4d38204234382032303133	51430	10149
lcc	1	44413333342e4d38204336382031393933	51430	10149
lcc	1	44413333342e4d38204336382032303132	51430	10149
lcc	1	44413333342e4d38204338362032303035	51430	10149
lcc	1	44413333342e4d38204338362032303036	51430	10149
lcc	1	44413333342e4d38204433372032303130	51430	10149
lcc	1	44413333342e4d3820453835	51430	10149
lcc	1	44413333342e4d38204633	51430	10149
lcc	1	44413333342e4d38204635362032303038	51430	10149
lcc	1	44413333342e4d38204635362032303039	51430	10149
lcc	1	44413333342e4d38204636382031393832	51430	10149
lcc	1	44413333342e4d3820463638622031393832	51430	10149
lcc	1	44413333342e4d38204732372032303138	51430	10149
lcc	1	44413333342e4d38204732392032303032	51430	10149
lcc	1	44413333342e4d3820473738	51430	10149
lcc	1	44413333342e4d38204738362032303038	51430	10149
lcc	1	44413333342e4d38204738372031393830	51430	10149
lcc	1	44413333342e4d3820473837203139383062	51430	10149
lcc	1	44413333342e4d38204738382032303030	51430	10149
lcc	1	44413333342e4d38204738392032303030	51430	10149
lcc	1	44413333342e4d38204738392032303137	51430	10149
lcc	1	44413333342e4d3820483434782031393834	51430	10149
lcc	1	44413333342e4d38204838	51430	10149
lcc	1	44413333342e4d38204b34362031393833	51430	10149
lcc	1	44413333342e4d38204d3138	51430	10149
lcc	1	44413333342e4d38204d3237322031393932	51430	10149
lcc	1	44413333342e4d38204d3237352031393835	51430	10149
lcc	1	44413333342e4d38204d3237352031393939	51430	10149
lcc	1	44413333342e4d38204d3337	51430	10149
lcc	1	44413333342e4d38204d38352032303133	51430	10149
lcc	1	44413333342e4d38204d38362032303038	51430	10149
lcc	1	44413333342e4d38204d39332031393936	51430	10149
lcc	1	44413333342e4d38204d39332031393937	51430	10149
lcc	1	44413333342e4d38204e3533	51430	10149
lcc	1	44413333342e4d38204e3637782031393833	51430	10149
lcc	1	44413333342e4d38205234392031393834	51430	10149
lcc	1	44413333342e4d38205237332031393633	51430	10149
lcc	1	44413333342e4d38205238362031393738	51430	10149
lcc	1	44413333342e4d38205333	51430	10149
lcc	1	44413333342e4d382053332031393333	51430	10149
lcc	1	44413333342e4d382053332031393730	51430	10149
lcc	1	44413333342e4d38205334372031393832	51430	10149
lcc	1	44413333342e4d38205335362031393930	51430	10149
lcc	1	44413333342e4d382053373433203139363661	51430	10149
lcc	1	44413333342e4d3820533734332031393834	51430	10149
lcc	1	44413333342e4d38205434352031393934	51430	10149
lcc	1	44413333342e4d3820543435352032303034	51430	10149
lcc	1	44413333342e4d3820543437	51430	10149
lcc	1	44413333342e4d38205435362032303130	51430	10149
lcc	1	44413333342e4d38205437	51430	10149
lcc	1	44413333342e4d38205731382032303134	51430	10149
lcc	1	44413333342e4d38205736	51430	10149
lcc	1	44413333342e4d38205736362032303038	51430	10149
lcc	1	44413333342e4d382e42343820323031336562	51430	10149
lcc	1	44413333342e4d3835205336392032303130	51430	10149
lcc	1	44413333342e4d3835205437352032303030	51430	10149
lcc	1	44413333342e4d3837205336392032303130	51430	10149
lcc	1	44413333342e4d384132352032303033	51430	10149
lcc	1	44413333342e4d3841342032303030	51430	10149
lcc	1	44413333342e4d3841342032303031	51430	10149
lcc	1	44413333342e4d384234382032303133	51430	10149
lcc	1	44413333342e4d384331392032303131	51430	10149
lcc	1	44413333342e4d384338362032303035	51430	10149
lcc	1	44413333342e4d384738392032303030	51430	10149
lcc	1	44413333342e4d384d39332031393937	51430	10149
lcc	1	44413333342e4d3853373433	51430	10149
lcc	1	44413333342e4d38543435352032303034	51430	10149
lcc	1	44413333342e502f	51438	10149
lcc	1	44413333342e522f	51438	10149
lcc	1	44413333342e523636	51438	10149
lcc	1	44413333342e523837205735352031393831	51438	10149
lcc	1	44413333342e533638204735332032303031	51438	10149
lcc	1	44413333342e5338344738362031393838	51438	10149
lcc	1	44413333342e533934204738362032303136	51438	10149
lcc	1	44413333342e5738204332392031393931	51438	10149
lcc	1	44413333342e5738204333372031393035	51438	10149
lcc	1	44413333342e5738204339	51438	10149
lcc	1	44413333342e57382043392031383838	51438	10149
lcc	1	44413333342e5738204635342032303039	51438	10149
lcc	1	44413333342e5738204738392031393930	51438	10149
lcc	1	44413333342e57382047392031393930	51438	10149
lcc	1	44413333342e5738204836372032303139	51438	10149
lcc	1	44413333342e5738204c332031393731	51438	10149
lcc	1	44413333342e5738204d33382032303134	51438	10149
lcc	1	44413333342e5738204d3338382032303134	51438	10149
lcc	1	44413333342e57382050362031393738	51438	10149
lcc	1	44413333342e57382052353320323032306562	51438	10149
lcc	1	44413333342e57382054322031393730	51438	10149
lcc	1	44413333342e5738205636342032303133	51438	10149
lcc	1	44413333342e573820573534	51438	10149
lcc	1	44413333342e5738205735342031393736	51438	10149
lcc	1	44413333342e573852362032303235	51438	10149
lcc	1	4441333335202e4738392032303133	51438	10149
lcc	1	44413333352e423337204234352032303131	51438	10149
lcc	1	44413333352e423536204e36372032303131	51438	10149
lcc	1	44413333352e423536204e36372032303133	51438	10149
lcc	1	44413333352e4235364e36372032303131	51438	10149
lcc	1	44413333352e423635204636392032303037	51438	10149
lcc	1	44413333352e4236352046363920323030376562	51438	10149
lcc	1	44413333352e423635204636392032303038	51438	10149
lcc	1	44413333352e42363620573533352032303131	51438	10149
lcc	1	44413333352e423636205735342032303131	51438	10149
lcc	1	44413333352e423636205735352032303039	51438	10149
lcc	1	44413333352e423636205735352032303130	51438	10149
lcc	1	44413333352e4635374d38372032303033	51438	10149
lcc	1	44413333352e4b353620573338352032303135	51438	10149
lcc	1	44413333352e4b3544382032303233	51438	10149
lcc	1	44413333352e4c3436205235362032303137	51438	10149
lcc	1	44413333352e4c352e4c3537322031393833	51438	10149
lcc	1	44413333352e4d3337202e4c36332032303132	51438	10149
lcc	1	44413333352e4d3337204437332032303133	51438	10149
lcc	1	44413333352e4d3337205034372032303132	51438	10149
lcc	1	44413333352e4d3337205733382032303136	51438	10149
lcc	1	44413333352e4d33374d332032303235	51438	10149
lcc	1	44413333352e50353636372032303033	51438	10149
lcc	1	44413333352e523533204d38372032303031	51438	10149
lcc	1	44413333352e523533204d38372032303033	51438	10149
lcc	1	44413333352e5236204738392032303039	51438	10149
lcc	1	44413333352e52364738392032303039	51438	10149
lcc	1	44413333352e533235204835342032303136	51438	10149
lcc	1	44413333352e533235205035342032303033	51438	10149
lcc	1	44413333352e53374d33392032303032	51438	10149
lcc	1	4441333337202e4234372031393836	51438	10149
lcc	1	4441333337202e4337332031393931	51438	10149
lcc	1	4441333337202e483535203139383862	51438	10149
lcc	1	4441333337202e4835352032303032	51438	10149
lcc	1	4441333337202e4c342032303131	51438	10149
lcc	1	4441333337202e4c34332032303131	51438	10149
lcc	1	4441333337202e4c38	51438	10149
lcc	1	4441333337202e533236	51438	10149
lcc	1	4441333337204c342032303131	51438	10149
lcc	1	44413333372e4234372031393836	51438	10149
lcc	1	44413333372e4337332031393931	51438	10149
lcc	1	44413333372e483535203230303263	51438	10149
lcc	1	4441333338202e4336332032303036	51438	10149
lcc	1	4441333338202e4336332032303133	51438	10149
lcc	1	4441333338202e4435382031393838	51438	10149
lcc	1	4441333338202e4635342032303133	51438	10149
lcc	1	4441333338202e4636342032303132	51438	10149
lcc	1	4441333338202e463934	51438	10149
lcc	1	4441333338202e4639342031393730	51438	10149
lcc	1	44413333382047373133203135333161	51438	10149
lcc	1	44413333382e4336332032303035	51438	10149
lcc	1	44413333382e4336332032303133	51438	10149
lcc	1	44413333382e4635342032303132	51438	10149
lcc	1	4441333339202e4134332031393737	51438	10149
lcc	1	4441333339202e4238372031393935	51438	10149
lcc	1	4441333339202e4437	51438	10149
lcc	1	4441333339202e4833372031393831	51438	10149
lcc	1	4441333339202e4836392032303031	51438	10149
lcc	1	4441333339202e4838382032303139	51438	10149
lcc	1	4441333339202e4d33332032303134	51438	10149
lcc	1	4441333339202e4d33362032303032	51438	10149
lcc	1	4441333339202e4d36362032303032	51438	10149
lcc	1	4441333339202e4d36362032303033	51438	10149
lcc	1	4441333339202e5036382032303131	51438	10149
lcc	1	44413333392e423837332032303139	51438	10149
lcc	1	44413333392e44372031393731	51438	10149
lcc	1	44413333392e4836392032303031	51438	10149
lcc	1	44413333392e4836392032303033	51438	10149
lcc	1	44413333392e4d33362032303032	51438	10149
lcc	1	44413333392e4d36362032303032	51438	10149
lcc	1	44413333392e5036382032303131	51438	10149
lcc	1	4441333430202e4535332031393739	51439	10149
lcc	1	4441333430202e483433	51439	10149
lcc	1	4441333430202e4834332031393930	51439	10149
lcc	1	4441333430202e5736362032303037	51439	10149
lcc	1	44413334302e4c3537392032303034	51439	10149
lcc	1	44413334302e4c353739342031393932	51439	10149
lcc	1	4441333435202e41332032303035	51439	10149
lcc	1	4441333435202e4134342032303134	51439	10149
lcc	1	4441333435202e41343520323030326562	51439	10149
lcc	1	4441333435202e42342031393832	51439	10149
lcc	1	4441333435202e42342032303035	51439	10149
lcc	1	4441333435202e4238	51439	10149
lcc	1	4441333435202e433433203135343961	51439	10149
lcc	1	4441333435202e4336382031393936	51439	10149
lcc	1	4441333435202e4533392032303035	51439	10149
lcc	1	4441333435202e4833382031393933	51439	10149
lcc	1	4441333435202e48333820313939336562	51439	10149
lcc	1	4441333435202e4a36	51439	10149
lcc	1	4441333435202e4a362031393731	51439	10149
lcc	1	4441333435202e4c34	51439	10149
lcc	1	4441333435202e4c34342032303037	51439	10149
lcc	1	4441333435202e4c343420323030376562	51439	10149
lcc	1	4441333435202e4c36332031393934	51439	10149
lcc	1	4441333435202e4c36332031393939	51439	10149
lcc	1	4441333435202e4c36332032303032	51439	10149
lcc	1	4441333435202e4d32332031393939	51439	10149
lcc	1	4441333435202e4d32332032303032	51439	10149
lcc	1	4441333435202e4e3531332032303139	51439	10149
lcc	1	4441333435202e503737	51439	10149
lcc	1	4441333435202e5037372031393030	51439	10149
lcc	1	4441333435202e533535203230303762	51439	10149
lcc	1	4441333435202e53372031393837	51439	10149
lcc	1	44413334352e312e43352053392031393734	51439	10149
lcc	1	44413334352e312e4439204333372032303132	51439	10149
lcc	1	44413334352e312e4439204336362032303034	51439	10149
lcc	1	44413334352e312e4439204436332032303034	51439	10149
lcc	1	44413334352e312e4439204939342032303039	51439	10149
lcc	1	44413334352e312e4439204939342032303131	51439	10149
lcc	1	44413334352e312e4439204c38342031393836	51439	10149
lcc	1	44413334352e312e4439204d3437	51439	10149
lcc	1	44413334352e312e4439204d34372031393938	51439	10149
lcc	1	44413334352e312e4439205035352032303033	51439	10149
lcc	1	44413334352e312e4439205035352032303034	51439	10149
lcc	1	44413334352e312e4439205035372031393836	51439	10149
lcc	1	44413334352e312e4439205432382032303136	51439	10149
lcc	1	44413334352e312e44394939342032303131	51439	10149
lcc	1	44413334352e312e44394c38342031393836	51439	10149
lcc	1	44413334352e312e4e36204234332031393734	51439	10149
lcc	1	44413334352e312e4e364c36332031393936	51439	10149
lcc	1	44413334352e312e533834	51439	10149
lcc	1	44413334352e312e533834205433392032303135	51439	10149
lcc	1	44413334352e312e5735352053363520782c2031393838	51439	10149
lcc	1	44413334352e4134352032303032	51439	10149
lcc	1	44413334352e43352032303038	51439	10149
lcc	1	44413334352e4c34342032303037	51439	10149
lcc	1	44413334352e4c36332031393939	51439	10149
lcc	1	44413334352e4d32332032303031	51439	10149
lcc	1	44413334352e4d32332032303032	51439	10149
lcc	1	44413334352e5335352032303037	51439	10149
lcc	1	44413334352e5335352032303039	51439	10149
lcc	1	4441333437202e4235372032303136	51439	10149
lcc	1	4441333437202e4238332032303038	51439	10149
lcc	1	4441333437202e4333372032303138	51439	10149
lcc	1	4441333437202e44333431332031393935	51439	10149
lcc	1	4441333437202e4438362032303132	51439	10149
lcc	1	4441333437202e4533392032303131	51439	10149
lcc	1	4441333437202e4533392032303136	51439	10149
lcc	1	4441333437202e453434203135353561	51439	10149
lcc	1	4441333437202e4537342031393738	51439	10149
lcc	1	4441333437202e4537342031393938	51439	10149
lcc	1	4441333437202e4634372032303132	51439	10149
lcc	1	4441333437202e4635372032303132	51439	10149
lcc	1	4441333437202e46373620323030396562	51439	10149
lcc	1	4441333437202e48332031393730	51439	10149
lcc	1	4441333437202e4c3537392031393932	51439	10149
lcc	1	4441333437202e4c3537392032303131	51439	10149
lcc	1	4441333437202e4c353739342032303036	51439	10149
lcc	1	4441333437202e4c35382031393739	51439	10149
lcc	1	4441333437202e4c35382031393931	51439	10149
lcc	1	4441333437202e4c35382032303134	51439	10149
lcc	1	4441333437202e4c362031393932	51439	10149
lcc	1	4441333437202e4c36332032303133	51439	10149
lcc	1	4441333437202e4d32382032303131	51439	10149
lcc	1	4441333437202e4d33372032303131	51439	10149
lcc	1	4441333437202e5033362032303136	51439	10149
lcc	1	4441333437202e5036313220766f6c2e20313336	51439	10149
lcc	1	4441333437202e5036352032303037	51439	10149
lcc	1	4441333437202e50372031393532	51439	10149
lcc	1	4441333437202e50372031393730	51439	10149
lcc	1	4441333437202e50372032303033	51439	10149
lcc	1	4441333437202e5234362032303038	51439	10149
lcc	1	4441333437202e5236382032303137	51439	10149
lcc	1	4441333437202e5332382031393735	51439	10149
lcc	1	4441333437202e5333352032303230	51439	10149
lcc	1	4441333437202e5335372032303035	51439	10149
lcc	1	4441333437202e5433392032303133	51439	10149
lcc	1	4441333437202e5435372031393833	51439	10149
lcc	1	4441333437202e5435372031393931	51439	10149
lcc	1	4441333437202e573334	51439	10149
lcc	1	4441333437202e573334203139373262	51439	10149
lcc	1	4441333437202e5734352032303039	51439	10149
lcc	1	4441333437202e5734362032303039	51439	10149
lcc	1	4441333437202e573438203230303962	51439	10149
lcc	1	4441333437202e5734382032303136	51439	10149
lcc	1	4441333437202e5734392032303130	51439	10149
lcc	1	44413334372e312e42333220543537	51439	10149
lcc	1	44413334372e312e423332205435372031393736	51439	10149
lcc	1	44413334372e312e4d3337204d3337	51439	10149
lcc	1	44413334372e312e4d33374d3337	51439	10149
lcc	1	44413334372e4533392032303131	51439	10149
lcc	1	44413334372e4533392032303133	51439	10149
lcc	1	44413334372e4537342031393938	51439	10149
lcc	1	44413334372e4637362032303039	51439	10149
lcc	1	44413334372e4c3537392031393839	51439	10149
lcc	1	44413334372e4c35382031393739	51439	10149
lcc	1	44413334372e4c35382031393931	51439	10149
lcc	1	44413334372e4c353820313939316562	51439	10149
lcc	1	44413334372e4d32362031393933	51439	10149
lcc	1	44413334372e4d32382032303131	51439	10149
lcc	1	44413334372e4d3335362032303039	51439	10149
lcc	1	44413334372e5036352032303038	51439	10149
lcc	1	44413334372e50372032303033	51439	10149
lcc	1	44413334372e5234362032303038	51439	10149
lcc	1	44413334372e5234372032303031	51439	10149
lcc	1	44413334372e5435372031393931	51439	10149
lcc	1	44413334372e5435372032303133	51439	10149
lcc	1	44413334372e54353720323031346562	51439	10149
lcc	1	44413334372e5435372032303137	51439	10149
lcc	1	44413334372e573334203139373262	51439	10149
lcc	1	44413334372e5734382032303136	51439	10149
lcc	1	4441333530202e4132352032303030	3532	10149
lcc	1	4441333530202e4132352032303039	3532	10149
lcc	1	4441333530202e413235203230303962	3532	10149
lcc	1	4441333530202e41342032303137	3532	10149
lcc	1	4441333530202e41352031393636	3532	10149
lcc	1	4441333530202e423734203230303378	3532	10149
lcc	1	4441333530202e433139352031393730	3532	10149
lcc	1	4441333530202e43372031393733	3532	10149
lcc	1	4441333530202e4337342031393730	3532	10149
lcc	1	4441333530202e453434	3532	10149
lcc	1	4441333530202e453434332032303038	3532	10149
lcc	1	4441333530202e453434332032303039	3532	10149
lcc	1	4441333530202e453434362032303134	3532	10149
lcc	1	4441333530202e453434362032303137	3532	10149
lcc	1	4441333530202e4534352032303137	3532	10149
lcc	1	4441333530202e4534362032303130	3532	10149
lcc	1	4441333530202e4534362032303131	3532	10149
lcc	1	4441333530202e4534382032303133	3532	10149
lcc	1	4441333530202e45382031393736	3532	10149
lcc	1	4441333530202e48332031393735	3532	10149
lcc	1	4441333530202e4836352032303035	3532	10149
lcc	1	4441333530202e483837	3532	10149
lcc	1	4441333530202e4a36342032303134	3532	10149
lcc	1	4441333530202e4d33332031393736	3532	10149
lcc	1	4441333530202e4d33332031393737	3532	10149
lcc	1	4441333530202e5036	3532	10149
lcc	1	4441333530202e5037362032303033	3532	10149
lcc	1	4441333530202e5039372031393732	3532	10149
lcc	1	4441333530202e5134342032303034	3532	10149
lcc	1	4441333530202e5335362032303036	3532	10149
lcc	1	4441333530202e53372031393638	3532	10149
lcc	1	4441333530202e5435352031393931	3532	10149
lcc	1	4441333530202e5735392032303133	3532	10149
lcc	1	44413335302e4132352032303030	3532	10149
lcc	1	44413335302e4132352032303033	3532	10149
lcc	1	44413335302e4132352032303034	3532	10149
lcc	1	44413335302e4132352032303038	3532	10149
lcc	1	44413335302e4132352032303039	3532	10149
lcc	1	44413335302e41323532303034	3532	10149
lcc	1	44413335302e4138342031393838	3532	10149
lcc	1	44413335302e453434332032303038	3532	10149
lcc	1	44413335302e5636352032303130	3532	10149
lcc	1	44413335302e5735392032303133	3532	10149
lcc	1	44413335322031363033202e4334362031393733	3532	10149
lcc	1	4441333535202e4131382031393638	3532	10149
lcc	1	4441333535202e413139352032303039	3532	10149
lcc	1	4441333535202e413230372032303035	3532	10149
lcc	1	4441333535202e413230372032303038	3532	10149
lcc	1	4441333535202e4137332031393934	3532	10149
lcc	1	4441333535202e4139342032303030	3532	10149
lcc	1	4441333535202e413934312032303030	3532	10149
lcc	1	4441333535202e4233362032303034	3532	10149
lcc	1	4441333535202e423431372031393732	3532	10149
lcc	1	4441333535202e4234342032303130	3532	10149
lcc	1	4441333535202e423435372032303037	3532	10149
lcc	1	4441333535202e4235382032303039	3532	10149
lcc	1	4441333535202e423633	3532	10149
lcc	1	4441333535202e4236352031393539	3532	10149
lcc	1	4441333535202e4236352031393934	3532	10149
lcc	1	4441333535202e4236362032303133	3532	10149
lcc	1	4441333535202e4236372032303039	3532	10149
lcc	1	4441333535202e423637203230303962	3532	10149
lcc	1	4441333535202e4236382031393939	3532	10149
lcc	1	4441333535202e4236392032303136	3532	10149
lcc	1	4441333535202e423639352032303035	3532	10149
lcc	1	4441333535202e423733	3532	10149
lcc	1	4441333535202e4237332031393832	3532	10149
lcc	1	4441333535202e4333352032303039	3532	10149
lcc	1	4441333535202e4333372032303138	3532	10149
lcc	1	4441333535202e4334372032303134	3532	10149
lcc	1	4441333535202e4334372032303135	3532	10149
lcc	1	4441333535202e4336352032303131	3532	10149
lcc	1	4441333535202e433638332032303033	3532	10149
lcc	1	4441333535202e4339342032303035	3532	10149
lcc	1	4441333535202e4434352031393932	3532	10149
lcc	1	4441333535202e4435372031393938	3532	10149
lcc	1	4441333535202e4436332032303034	3532	10149
lcc	1	4441333535202e443636392032303135	3532	10149
lcc	1	4441333535202e4436372032303033	3532	10149
lcc	1	4441333535202e443637203230303362	3532	10149
lcc	1	4441333535202e4436372032303135	3532	10149
lcc	1	4441333535202e4438362032303033	3532	10149
lcc	1	4441333535202e4533352032303035	3532	10149
lcc	1	4441333535202e453434342031393831	3532	10149
lcc	1	4441333535202e4534352032303036	3532	10149
lcc	1	4441333535202e453435392032303231	3532	10149
lcc	1	4441333535202e453632342032303130	3532	10149
lcc	1	4441333535202e453632342032303131	3532	10149
lcc	1	4441333535202e4536323420323031316562	3532	10149
lcc	1	4441333535202e453632342032303134	3532	10149
lcc	1	4441333535202e4537342031393833	3532	10149
lcc	1	4441333535202e4537342031393937	3532	10149
lcc	1	4441333535202e4537342032303033	3532	10149
lcc	1	4441333535202e4633352032303037	3532	10149
lcc	1	4441333535202e46372031393839	3532	10149
lcc	1	4441333535202e46373920313939366562	3532	10149
lcc	1	4441333535202e473335332032303132	3532	10149
lcc	1	4441333535202e4733382032303134	3532	10149
lcc	1	4441333535202e4736362032303036	3532	10149
lcc	1	4441333535202e473734352031393937	3532	10149
lcc	1	4441333535202e4737352032303037	3532	10149
lcc	1	4441333535202e4737362032303037	3532	10149
lcc	1	4441333535202e4737392031393834	3532	10149
lcc	1	4441333535202e4738372032303136	3532	10149
lcc	1	4441333535202e4831372031393838	3532	10149
lcc	1	4441333535202e4831372031393938	3532	10149
lcc	1	4441333535202e4831372032303030	3532	10149
lcc	1	4441333535202e4831372032303031	3532	10149
lcc	1	4441333535202e4831372032303134	3532	10149
lcc	1	4441333535202e48332031393734	3532	10149
lcc	1	4441333535202e48333520313939396562	3532	10149
lcc	1	4441333535202e48333520323031336562	3532	10149
lcc	1	4441333535202e4833353420323031336562	3532	10149
lcc	1	4441333535202e4835332031393930	3532	10149
lcc	1	4441333535202e483533203139393062	3532	10149
lcc	1	4441333535202e4835332031393932	3532	10149
lcc	1	4441333535202e4835352032303035	3532	10149
lcc	1	4441333535202e4835352032303134	3532	10149
lcc	1	4441333535202e483535352032303134	3532	10149
lcc	1	4441333535202e483535372032303037	3532	10149
lcc	1	4441333535202e483535372032303038	3532	10149
lcc	1	4441333535202e4835362032303038	3532	10149
lcc	1	4441333535202e4835372032303138	3532	10149
lcc	1	4441333535202e4836332032303037	3532	10149
lcc	1	4441333535202e4836352031393731	3532	10149
lcc	1	4441333535202e48372031393937	3532	10149
lcc	1	4441333535202e4838352031393830	3532	10149
lcc	1	4441333535202e4838362032303033	3532	10149
lcc	1	4441333535202e4839352031393731	3532	10149
lcc	1	4441333535202e4a34203139373278	3532	10149
lcc	1	4441333535202e4a36	3532	10149
lcc	1	4441333535202e4a36203139373462	3532	10149
lcc	1	4441333535202e4a36352031393933	3532	10149
lcc	1	4441333535202e4a363620323031306562	3532	10149
lcc	1	4441333535202e4a36362032303131	3532	10149
lcc	1	4441333535202e4a36362032303137	3532	10149
lcc	1	4441333535202e4b33352032303132	3532	10149
lcc	1	4441333535202e4b34362031393735	3532	10149
lcc	1	4441333535202e4b34362031393737	3532	10149
lcc	1	4441333535202e4b35392032303034	3532	10149
lcc	1	4441333535202e4c3332352032303033	3532	10149
lcc	1	4441333535202e4c33332031393935	3532	10149
lcc	1	4441333535202e4c3333332032303036	3532	10149
lcc	1	4441333535202e4c33352032303133	3532	10149
lcc	1	4441333535202e4c333620323030376562	3532	10149
lcc	1	4441333535202e4c3435	3532	10149
lcc	1	4441333535202e4c3435382032303133	3532	10149
lcc	1	4441333535202e4c3435392032303031	3532	10149
lcc	1	4441333535202e4c35372032303033	3532	10149
lcc	1	4441333535202e4c35372032303036	3532	10149
lcc	1	4441333535202e4c3537352032303033	3532	10149
lcc	1	4441333535202e4c3538	3532	10149
lcc	1	4441333535202e4c3632322032303033	3532	10149
lcc	1	4441333535202e4c36362032303130	3532	10149
lcc	1	4441333535202e4c3637	3532	10149
lcc	1	4441333535202e4c38342031393733	3532	10149
lcc	1	4441333535202e4c38342031393734	3532	10149
lcc	1	4441333535202e4c39362032303032	3532	10149
lcc	1	4441333535202e4c39362032303033	3532	10149
lcc	1	4441333535202e4c393620323030336562	3532	10149
lcc	1	4441333535202e4d32342031393933	3532	10149
lcc	1	4441333535202e4d32352031393732	3532	10149
lcc	1	4441333535202e4d32352031393932	3532	10149
lcc	1	4441333535202e4d3237	3532	10149
lcc	1	4441333535202e4d333135352032303033	3532	10149
lcc	1	4441333535202e4d3332332032303134	3532	10149
lcc	1	4441333535202e4d34332032303035	3532	10149
lcc	1	4441333535202e4d36372032303132	3532	10149
lcc	1	4441333535202e4d3638372032303132	3532	10149
lcc	1	4441333535202e4d3638372032303133	3532	10149
lcc	1	4441333535202e4d363837352032303135	3532	10149
lcc	1	4441333535202e4d37342032303037	3532	10149
lcc	1	4441333535202e4e3437782031393832	3532	10149
lcc	1	4441333535202e4e36372032303136	3532	10149
lcc	1	4441333535202e5033352031393838	3532	10149
lcc	1	4441333535202e5033382032303037	3532	10149
lcc	1	4441333535202e5034352031393930	3532	10149
lcc	1	4441333535202e50343520313939306562	3532	10149
lcc	1	4441333535202e5034382031393833	3532	10149
lcc	1	4441333535202e5035332032303034	3532	10149
lcc	1	4441333535202e503536362031393731	3532	10149
lcc	1	4441333535202e50353636362032303034	3532	10149
lcc	1	4441333535202e50353636372031393834	3532	10149
lcc	1	4441333535202e503536372031393830	3532	10149
lcc	1	4441333535202e503536382031393737	3532	10149
lcc	1	4441333535202e50353638203139373762	3532	10149
lcc	1	4441333535202e503536392032303033	3532	10149
lcc	1	4441333535202e503537	3532	10149
lcc	1	4441333535202e503537203139373162	3532	10149
lcc	1	4441333535202e5035372031393939	3532	10149
lcc	1	4441333535202e5035372032303131	3532	10149
lcc	1	4441333535202e5037332032303132	3532	10149
lcc	1	4441333535202e5037352032303031	3532	10149
lcc	1	4441333535202e5134332032303131	3532	10149
lcc	1	4441333535202e5134342032303034	3532	10149
lcc	1	4441333535202e5234332031393838	3532	10149
lcc	1	4441333535202e5234342031393835	3532	10149
lcc	1	4441333535202e5234352031393935	3532	10149
lcc	1	4441333535202e5234372032303037	3532	10149
lcc	1	4441333535202e5234392032303039	3532	10149
lcc	1	4441333535202e523532362032303132	3532	10149
lcc	1	4441333535202e5235332031393838	3532	10149
lcc	1	4441333535202e5235332031393839	3532	10149
lcc	1	4441333535202e5236352032303130	3532	10149
lcc	1	4441333535202e5236372031393732	3532	10149
lcc	1	4441333535202e5236392032303136	3532	10149
lcc	1	4441333535202e5237382031393931	3532	10149
lcc	1	4441333535202e5332332031393930	3532	10149
lcc	1	4441333535202e5332352032303130	3532	10149
lcc	1	4441333535202e5333372032303035	3532	10149
lcc	1	4441333535202e5334372032303035	3532	10149
lcc	1	4441333535202e5335352032303131	3532	10149
lcc	1	4441333535202e533539	3532	10149
lcc	1	4441333535202e5336332031393931	3532	10149
lcc	1	4441333535202e5336352031393931	3532	10149
lcc	1	4441333535202e5336362031393931	3532	10149
lcc	1	4441333535202e5336372031393931	3532	10149
lcc	1	4441333535202e5336372031393932	3532	10149
lcc	1	4441333535202e5336372032303033	3532	10149
lcc	1	4441333535202e5337332031393930	3532	10149
lcc	1	4441333535202e5337342032303030	3532	10149
lcc	1	4441333535202e5338203139383178	3532	10149
lcc	1	4441333535202e53382031393936	3532	10149
lcc	1	4441333535202e53382032303132	3532	10149
lcc	1	4441333535202e5338342032303132	3532	10149
lcc	1	4441333535202e533835	3532	10149
lcc	1	4441333535202e533835203139373162	3532	10149
lcc	1	4441333535202e54343820313939386562	3532	10149
lcc	1	4441333535202e5438372031393837	3532	10149
lcc	1	4441333535202e563338342032303134	3532	10149
lcc	1	4441333535202e5635352032303134	3532	10149
lcc	1	4441333535202e573333352032303034	3532	10149
lcc	1	4441333535202e57333420313939386278	3532	10149
lcc	1	4441333535202e5733352032303036	3532	10149
lcc	1	4441333535202e573335322032303135	3532	10149
lcc	1	4441333535202e573335352031393938	3532	10149
lcc	1	4441333535202e573335352031393939	3532	10149
lcc	1	4441333535202e573335352032303039	3532	10149
lcc	1	4441333535202e5733362031393938	3532	10149
lcc	1	4441333535202e573339	3532	10149
lcc	1	4441333535202e5734332031393835	3532	10149
lcc	1	4441333535202e5734352032303133	3532	10149
lcc	1	4441333535202e57343831362031393734	3532	10149
lcc	1	4441333535202e57343833203139373262	3532	10149
lcc	1	4441333535202e573438332031393932	3532	10149
lcc	1	4441333535202e57343833352031393935	3532	10149
lcc	1	4441333535202e57343833352031393938	3532	10149
lcc	1	4441333535202e573439362032303131	3532	10149
lcc	1	4441333535202e5735352032303131	3532	10149
lcc	1	4441333535202e5735352032303138	3532	10149
lcc	1	4441333535202e5936382032303132	3532	10149
lcc	1	4441333535202e5a33352031393831	3532	10149
lcc	1	444133353520453520766f6c2e20333630	3532	10149
lcc	1	4441333535204c3936362032303131	3532	10149
lcc	1	44413335352053382031393831	3532	10149
lcc	1	44413335352e413230372032303035	3532	10149
lcc	1	44413335352e4139342032303030	3532	10149
lcc	1	44413335352e4233372031393838	3532	10149
lcc	1	44413335352e42342032303235	3532	10149
lcc	1	44413335352e4235382032303038	3532	10149
lcc	1	44413335352e4236352031393934	3532	10149
lcc	1	44413335352e4236372032303130	3532	10149
lcc	1	44413335352e4236382031393939	3532	10149
lcc	1	44413335352e4236392032303136	3532	10149
lcc	1	44413335352e4236392032303137	3532	10149
lcc	1	44413335352e4237352032303033	3532	10149
lcc	1	44413335352e4334372032303134	3532	10149
lcc	1	44413335352e43343720323031346562	3532	10149
lcc	1	44413335352e4336382031393934	3532	10149
lcc	1	44413335352e4339342032303035	3532	10149
lcc	1	44413335352e4435372031393938	3532	10149
lcc	1	44413335352e4533332032303038	3532	10149
lcc	1	44413335352e453536362032303137	3532	10149
lcc	1	44413335352e4535372032303033	3532	10149
lcc	1	44413335352e4537342031393937	3532	10149
lcc	1	44413335352e4635342032303137	3532	10149
lcc	1	44413335352e4637392031393933	3532	10149
lcc	1	44413335352e473734372032303031	3532	10149
lcc	1	44413335352e4737362032303037	3532	10149
lcc	1	44413335352e4738372032303136	3532	10149
lcc	1	44413335352e4831372031393938	3532	10149
lcc	1	44413335352e4831372032303030	3532	10149
lcc	1	44413335352e4831372032303031	3532	10149
lcc	1	44413335352e4831372032303134	3532	10149
lcc	1	44413335352e4831372032303135	3532	10149
lcc	1	44413335352e4833352031393939	3532	10149
lcc	1	44413335352e48333520323030346562	3532	10149
lcc	1	44413335352e48333520323031336562	3532	10149
lcc	1	44413335352e4833373720313933336562	3532	10149
lcc	1	44413335352e4833382032303032	3532	10149
lcc	1	44413335352e4835332031393930	3532	10149
lcc	1	44413335352e4835352032303035	3532	10149
lcc	1	44413335352e483535372032303037	3532	10149
lcc	1	44413335352e4835362032303037	3532	10149
lcc	1	44413335352e4835362032303135	3532	10149
lcc	1	44413335352e4835382032303131	3532	10149
lcc	1	44413335352e4838362032303033	3532	10149
lcc	1	44413335352e4a342032303030	3532	10149
lcc	1	44413335352e4a36352031393933	3532	10149
lcc	1	44413335352e4b33352032303132	3532	10149
lcc	1	44413335352e4b37332032303039	3532	10149
lcc	1	44413335352e4c39362032303033	3532	10149
lcc	1	44413335352e4c3936362032303131	3532	10149
lcc	1	44413335352e4d32352031393932	3532	10149
lcc	1	44413335352e4d32352031393934	3532	10149
lcc	1	44413335352e4d3332332032303134	3532	10149
lcc	1	44413335352e4d3332382031393931	3532	10149
lcc	1	44413335352e4d362032303133	3532	10149
lcc	1	44413335352e4d36362032303036	3532	10149
lcc	1	44413335352e5033352031393838	3532	10149
lcc	1	44413335352e5033382032303037	3532	10149
lcc	1	44413335352e5035372031393939	3532	10149
lcc	1	44413335352e5037332032303132	3532	10149
lcc	1	44413335352e51342032303234	3532	10149
lcc	1	44413335352e5232332031393934	3532	10149
lcc	1	44413335352e5234372032303037	3532	10149
lcc	1	44413335352e5234392032303033	3532	10149
lcc	1	44413335352e523532362032303132	3532	10149
lcc	1	44413335352e5235332031393838	3532	10149
lcc	1	44413335352e5236372031393732	3532	10149
lcc	1	44413335352e5236392032303136	3532	10149
lcc	1	44413335352e5334372032303035	3532	10149
lcc	1	44413335352e5335352032303131	3532	10149
lcc	1	44413335352e533539	3532	10149
lcc	1	44413335352e5336332031393931	3532	10149
lcc	1	44413335352e5336372032303033	3532	10149
lcc	1	44413335352e5337332031393930	3532	10149
lcc	1	44413335352e53382031393936	3532	10149
lcc	1	44413335352e54332032303234	3532	10149
lcc	1	44413335352e54332032303235	3532	10149
lcc	1	44413335352e5733352032303035	3532	10149
lcc	1	44413335352e573335322032303135	3532	10149
lcc	1	44413335352e57343831342032303138	3532	10149
lcc	1	44413335352e57343833352031393935	3532	10149
lcc	1	44413335352e57343833352031393938	3532	10149
lcc	1	44413335352e573439362032303132	3532	10149
lcc	1	44413335352e5735392031393732	3532	10149
lcc	1	444133353545373531342031393835	3532	10149
lcc	1	4441333536202e4134342032303132	3532	10149
lcc	1	4441333536202e4134352032303132	3532	10149
lcc	1	4441333536202e4136372032303133	3532	10149
lcc	1	4441333536202e4136392032303034	3532	10149
lcc	1	4441333536202e4235362032303038	3532	10149
lcc	1	4441333536202e42372031393639	3532	10149
lcc	1	4441333536202e4335382031393637	3532	10149
lcc	1	4441333536202e4335392032303037	3532	10149
lcc	1	4441333536202e4336362032303037	3532	10149
lcc	1	4441333536202e443637382032303030	3532	10149
lcc	1	4441333536202e4436373820323030306562	3532	10149
lcc	1	4441333536202e4436382031393936	3532	10149
lcc	1	4441333536202e44363820313939366562	3532	10149
lcc	1	4441333536202e4436382032303134	3532	10149
lcc	1	4441333536202e443638352032303134	3532	10149
lcc	1	4441333536202e443639203139393662	3532	10149
lcc	1	4441333536202e443639203139393667	3532	10149
lcc	1	4441333536202e44382031393730	3532	10149
lcc	1	4441333536202e4534352032303033	3532	10149
lcc	1	4441333536202e4636372032303131	3532	10149
lcc	1	4441333536202e4636382031393732	3532	10149
lcc	1	4441333536202e463638203139373262	3532	10149
lcc	1	4441333536202e4734342032303133	3532	10149
lcc	1	4441333536202e4735342031393837	3532	10149
lcc	1	4441333536202e4736332032303037	3532	10149
lcc	1	4441333536202e47363731332032303138	3532	10149
lcc	1	4441333536202e483333203139393567	3532	10149
lcc	1	4441333536202e48333436	3532	10149
lcc	1	4441333536202e4833372031393932	3532	10149
lcc	1	4441333536202e4833392032303030	3532	10149
lcc	1	4441333536202e4834332032303139	3532	10149
lcc	1	4441333536202e483533206e69646520323130	3532	10149
lcc	1	4441333536202e483632203136333161	3532	10149
lcc	1	4441333536202e4836322031393832	3532	10149
lcc	1	4441333536202e4836382032303030	3532	10149
lcc	1	4441333536202e4936332032303139	3532	10149
lcc	1	4441333536202e4a36362032303230	3532	10149
lcc	1	4441333536202e4b33382032303231	3532	10149
lcc	1	4441333536202e4b34372032303037	3532	10149
lcc	1	4441333536202e4b36382031393831	3532	10149
lcc	1	4441333536202e4c33352032303136	3532	10149
lcc	1	4441333536202e4c34	3532	10149
lcc	1	4441333536202e4c34342032303035	3532	10149
lcc	1	4441333536202e4d32382032303136	3532	10149
lcc	1	4441333536202e4d33352032303035	3532	10149
lcc	1	4441333536202e4e3432	3532	10149
lcc	1	4441333536202e4e36312032303134	3532	10149
lcc	1	4441333536202e4f34382032303134	3532	10149
lcc	1	4441333536202e503435	3532	10149
lcc	1	4441333536202e5036332031393839	3532	10149
lcc	1	4441333536202e5038352032303037	3532	10149
lcc	1	4441333536202e5234322031393930	3532	10149
lcc	1	4441333536202e523537372032303132	3532	10149
lcc	1	4441333536202e5235382032303037	3532	10149
lcc	1	4441333536202e5236322031393735	3532	10149
lcc	1	4441333536202e523632203139373562	3532	10149
lcc	1	4441333536202e5236322032303131	3532	10149
lcc	1	4441333536202e5236322032303132	3532	10149
lcc	1	4441333536202e5236352031393732	3532	10149
lcc	1	4441333536202e5236352031393738	3532	10149
lcc	1	4441333536202e5335352032303130	3532	10149
lcc	1	4441333536202e5337372032303031	3532	10149
lcc	1	4441333536202e533737203230303162	3532	10149
lcc	1	4441333536202e5338332031393836	3532	10149
lcc	1	4441333536202e5338342031393837	3532	10149
lcc	1	4441333536202e5633352032303032	3532	10149
lcc	1	4441333536202e5635382032303033	3532	10149
lcc	1	4441333536202e5733372031393933	3532	10149
lcc	1	4441333536202e5733372032303032	3532	10149
lcc	1	4441333536202e5733372032303038	3532	10149
lcc	1	4441333536202e573436203135393861	3532	10149
lcc	1	4441333536202e5734382032303134	3532	10149
lcc	1	4441333536202e5734382032303135	3532	10149
lcc	1	4441333536202e5734392032303133	3532	10149
lcc	1	4441333536202e57352031393738	3532	10149
lcc	1	4441333536202e5735203139373862	3532	10149
lcc	1	4441333536202e57363720323032316562	3532	10149
lcc	1	4441333536202e5737342031393730	3532	10149
lcc	1	4441333536202e59383620313939366562	3532	10149
lcc	1	4441333536204134342032303132	3532	10149
lcc	1	4441333536204534382032303036	3532	10149
lcc	1	444133353620453520766f6c2e20323534	3532	10149
lcc	1	444133353620533831393739	3532	10149
lcc	1	44413335362e4136372031393838	3532	10149
lcc	1	44413335362e4136392032303034	3532	10149
lcc	1	44413335362e4232205734362031393733	3532	10149
lcc	1	44413335362e423637352032303031	3532	10149
lcc	1	44413335362e4237342031393936	3532	10149
lcc	1	44413335362e4335362031393939	3532	10149
lcc	1	44413335362e4336352031393934	3532	10149
lcc	1	44413335362e4337312045342032303033	3532	10149
lcc	1	44413335362e443637382032303136	3532	10149
lcc	1	44413335362e4436392031393936	3532	10149
lcc	1	44413335362e443639203139393662	3532	10149
lcc	1	44413335362e4833332031393935	3532	10149
lcc	1	44413335362e4833392031393932	3532	10149
lcc	1	44413335362e4837352031393930	3532	10149
lcc	1	44413335362e4936332032303139	3532	10149
lcc	1	44413335362e4c34342032303034	3532	10149
lcc	1	44413335362e4c34342032303139	3532	10149
lcc	1	44413335362e4d32382032303136	3532	10149
lcc	1	44413335362e4f38322031393935	3532	10149
lcc	1	44413335362e4f38332031393839	3532	10149
lcc	1	44413335362e5035362031393931	3532	10149
lcc	1	44413335362e5038352032303037	3532	10149
lcc	1	44413335362e523537372032303132	3532	10149
lcc	1	44413335362e5235382032303037	3532	10149
lcc	1	44413335362e5335342031393933	3532	10149
lcc	1	44413335362e533737203230303162	3532	10149
lcc	1	44413335362e5733372032303032	3532	10149
lcc	1	44413335362e5734372031393834	3532	10149
lcc	1	44413335362e5734382032303134	3532	10149
lcc	1	44413335362e57352031393738	3532	10149
lcc	1	44413335362e5736372032303231	3532	10149
lcc	1	44413335362e59362032303136	3532	10149
lcc	1	44413335362e5938362031393936	3532	10149
lcc	1	44413335362e5938362032303033	3532	10149
lcc	1	4441333537202e4534352032303033	3532	10149
lcc	1	4441333537202e4534352032303136	3532	10149
lcc	1	4441333537202e4835	3532	10149
lcc	1	4441333537202e5332372032303035	3532	10149
lcc	1	4441333537202e5733342031393939	3532	10149
lcc	1	4441333537202e57333420313939396562	3532	10149
lcc	1	4441333537202e5733342032303032	3532	10149
lcc	1	4441333537202e5737352031393839	3532	10149
lcc	1	44413335372e4131352032303139	3532	10149
lcc	1	44413335372e4436372032303033	3532	10149
lcc	1	44413335372e5733342031393939	3532	10149
lcc	1	44413335372e5733342032303032	3532	10149
lcc	1	4441333538202e4435332032303132	3532	10149
lcc	1	4441333538202e5334205333	3532	10149
lcc	1	44413335382e4131204e33382032303032	3532	10149
lcc	1	44413335382e41312052362031393730	3532	10149
lcc	1	44413335382e4131205335352032303130	3532	10149
lcc	1	44413335382e41314237352032303030	3532	10149
lcc	1	44413335382e4137204635372031393735	3532	10149
lcc	1	44413335382e4137204c362031393731	3532	10149
lcc	1	44413335382e422f	3532	10149
lcc	1	44413335382e423237204233332032303134	3532	10149
lcc	1	44413335382e4232374233332032303134	3532	10149
lcc	1	44413335382e4233	3532	10149
lcc	1	44413335382e4233204438	3532	10149
lcc	1	44413335382e4233204438203139373562	3532	10149
lcc	1	44413335382e4233204438342031393736	3532	10149
lcc	1	44413335382e4233204438342031393737	3532	10149
lcc	1	44413335382e4233204536372031393737	3532	10149
lcc	1	44413335382e4233204a33372031393938	3532	10149
lcc	1	44413335382e4233204a33372031393939	3532	10149
lcc	1	44413335382e42332057352031393733	3532	10149
lcc	1	44413335382e42332057352031393738	3532	10149
lcc	1	44413335382e42334a33372031393939	3532	10149
lcc	1	44413335382e4239202e4136362032303038	3532	10149
lcc	1	44413335382e4239204136362032303131	3532	10149
lcc	1	44413335382e4239204835332031393930	3532	10149
lcc	1	44413335382e42392048372031393731	3532	10149
lcc	1	44413335382e4239204a36362032303135	3532	10149
lcc	1	44413335382e4239204d33342032303132	3532	10149
lcc	1	44413335382e42392e4136362032303038	3532	10149
lcc	1	44413335382e42394136362032303131	3532	10149
lcc	1	44413335382e423947372031393938	3532	10149
lcc	1	44413335382e432f	3532	10149
lcc	1	44413335382e433337205333372031393834	3532	10149
lcc	1	44413335382e433834204338342032303133	3532	10149
lcc	1	44413335382e4433355735352032303234	3532	10149
lcc	1	44413335382e443433204433382032303131	3532	10149
lcc	1	44413335382e44373635204d34332032303133	3532	10149
lcc	1	44413335382e443736354d34332032303133	3532	10149
lcc	1	44413335382e4537204834342032303138	3532	10149
lcc	1	44413335382e4538204435332032303132	3532	10149
lcc	1	44413335382e4538204435333520323031326562	3532	10149
lcc	1	44413335382e4538204435342032303132	3532	10149
lcc	1	44413335382e4538204537372032303133	3532	10149
lcc	1	44413335382e4538204538382032303133	3532	10149
lcc	1	44413335382e4538204832382032303035	3532	10149
lcc	1	44413335382e4538204c33203139373162	3532	10149
lcc	1	44413335382e4538204c332032303031	3532	10149
lcc	1	44413335382e45384c332032303031	3532	10149
lcc	1	44413335382e4636352041342032303139	3532	10149
lcc	1	44413335382e472f	3532	10149
lcc	1	44413335382e4737	3532	10149
lcc	1	44413335382e482f	3532	10149
lcc	1	44413335382e483237205336382032303131	3532	10149
lcc	1	44413335382e4832375336382032303131	3532	10149
lcc	1	44413335382e483320563536	3532	10149
lcc	1	44413335382e4835205336332031393737	3532	10149
lcc	1	44413335382e483520533633203139373762	3532	10149
lcc	1	44413335382e48363341332031393938	3532	10149
lcc	1	44413335382e4b35204433372031393934	3532	10149
lcc	1	44413335382e4c34205335362032303134	3532	10149
lcc	1	44413335382e4c345335362032303134	3532	10149
lcc	1	44413335382e4c35204133332032303032	3532	10149
lcc	1	44413335382e4c35204436362031393932	3532	10149
lcc	1	44413335382e4c35204833392031393837	3532	10149
lcc	1	44413335382e4c35204836382031393936	3532	10149
lcc	1	44413335382e4c35204c35342031393835	3532	10149
lcc	1	44413335382e4c35204f35372031393838	3532	10149
lcc	1	44413335382e4c35205735342031393937	3532	10149
lcc	1	44413335382e4c3533205433352032303138	3532	10149
lcc	1	44413335382e4c354133332032303031	3532	10149
lcc	1	44413335382e4c36204737342032303033	3532	10149
lcc	1	44413335382e4c36205335342032303033	3532	10149
lcc	1	44413335382e4d332041334d	3532	10149
lcc	1	44413335382e4d34205036352031393933	3532	10149
lcc	1	44413335382e4d34205036352031393935	3532	10149
lcc	1	44413335382e4d345036352031393933	3532	10149
lcc	1	44413335382e4d345036352031393935	3532	10149
lcc	1	44413335382e4d3720413333	3532	10149
lcc	1	44413335382e4d37413333	3532	10149
lcc	1	44413335382e4e3620533536	3532	10149
lcc	1	44413335382e4f38204e34352032303033	3532	10149
lcc	1	44413335382e4f38205034332032303035	3532	10149
lcc	1	44413335382e4f384e34352032303033	3532	10149
lcc	1	44413335382e4f385034332032303034	3532	10149
lcc	1	44413335382e503435204833352032303135	3532	10149
lcc	1	44413335382e503637205235332032303035	3532	10149
lcc	1	44413335382e5036375235332032303035	3532	10149
lcc	1	44413335382e503638205337342031393932	3532	10149
lcc	1	44413335382e523533204637342031393833	3532	10149
lcc	1	44413335382e523533205633372032303037	3532	10149
lcc	1	44413335382e523837204c33362032303134	3532	10149
lcc	1	44413335382e523837204c33362032303135	3532	10149
lcc	1	44413335382e523837204c33362032303136	3532	10149
lcc	1	44413335382e523837204c33382032303134	3532	10149
lcc	1	44413335382e5238374c33362032303135	3532	10149
lcc	1	44413335382e52393837204c33362032303134	3532	10149
lcc	1	44413335382e532f	3532	10149
lcc	1	44413335382e533220483339782031393839	3532	10149
lcc	1	44413335382e533320423734	3532	10149
lcc	1	44413335382e5334204438372031393737	3532	10149
lcc	1	44413335382e5334204438372031393738	3532	10149
lcc	1	44413335382e5334204438372031393939	3532	10149
lcc	1	44413335382e5334204838332032303031	3532	10149
lcc	1	44413335382e5334204838332032303138	3532	10149
lcc	1	44413335382e5334204c36382032303035	3532	10149
lcc	1	44413335382e5334204c36382032303037	3532	10149
lcc	1	44413335382e53344838332032303139	3532	10149
lcc	1	44413335382e53344c36382032303036	3532	10149
lcc	1	44413335382e5335	3532	10149
lcc	1	44413335382e53352041342031393730	3532	10149
lcc	1	44413335382e53352041342032303132	3532	10149
lcc	1	44413335382e5335204237	3532	10149
lcc	1	44413335382e533520483638	3532	10149
lcc	1	44413335382e5335204c372031393734	3532	10149
lcc	1	44413335382e5335204f382031393732	3532	10149
lcc	1	44413335382e5335205338	3532	10149
lcc	1	44413335382e53352057352031393738	3532	10149
lcc	1	44413335382e533534	3532	10149
lcc	1	44413335382e5335342041342032303035	3532	10149
lcc	1	44413335382e53353441342032303035	3532	10149
lcc	1	44413335382e53362053392031393734	3532	10149
lcc	1	44413335382e533638202e543339362032303138	3532	10149
lcc	1	44413335382e533638205433392032303033	3532	10149
lcc	1	44413335382e553537204336382031393832	3532	10149
lcc	1	44413335382e5732204238332032303035	3532	10149
lcc	1	44413335382e5732204336362032303131	3532	10149
lcc	1	44413335382e5732204336362032303133	3532	10149
lcc	1	44413335382e573220433636372032303131	3532	10149
lcc	1	44413335382e5732204833392032303034	3532	10149
lcc	1	44413335382e5732204838382032303037	3532	10149
lcc	1	44413335382e5732205234322031393738	3532	10149
lcc	1	44413335382e57324238332032303035	3532	10149
lcc	1	44413335382e57324838382032303037	3532	10149
lcc	1	44413335382e573435202e5239313320766f6c2e203132	3532	10149
lcc	1	44413335384735204737	3532	10149
lcc	1	4441333630202e4134342032303034	3532	10149
lcc	1	4441333630202e4134382031393934	3532	10149
lcc	1	4441333630202e4135372031393838	3532	10149
lcc	1	4441333630202e413735	3532	10149
lcc	1	4441333630202e413739203230303278	3532	10149
lcc	1	4441333630202e4233352032303035	3532	10149
lcc	1	4441333630202e4233372031393838	3532	10149
lcc	1	4441333630202e423933203135383861	3532	10149
lcc	1	4441333630202e433435203135383861	3532	10149
lcc	1	4441333630202e4336352031393837	3532	10149
lcc	1	4441333630202e433636203135383961	3532	10149
lcc	1	4441333630202e4336362032303230	3532	10149
lcc	1	4441333630202e43393635	3532	10149
lcc	1	4441333630202e4436382032303039	3532	10149
lcc	1	4441333630202e453534203139393162	3532	10149
lcc	1	4441333630202e453837203135393661	3532	10149
lcc	1	4441333630202e463334	3532	10149
lcc	1	4441333630202e4634332031393838	3532	10149
lcc	1	4441333630202e4635362031393935	3532	10149
lcc	1	4441333630202e4636322031393838	3532	10149
lcc	1	4441333630202e47332031393637	3532	10149
lcc	1	4441333630202e4735382032303030	3532	10149
lcc	1	4441333630202e473632372032303232	3532	10149
lcc	1	4441333630202e4736332032303133	3532	10149
lcc	1	4441333630202e4736362031393838	3532	10149
lcc	1	4441333630202e473638203139373262	3532	10149
lcc	1	4441333630202e4736382031393837	3532	10149
lcc	1	4441333630202e4833342032303033	3532	10149
lcc	1	4441333630202e4833342032303036	3532	10149
lcc	1	4441333630202e4833362031393837	3532	10149
lcc	1	4441333630202e483337	3532	10149
lcc	1	4441333630202e4833382031393838	3532	10149
lcc	1	4441333630202e483338782031393838	3532	10149
lcc	1	4441333630202e483638	3532	10149
lcc	1	4441333630202e4836382031393832	3532	10149
lcc	1	4441333630202e483638332031393831	3532	10149
lcc	1	4441333630202e4838382032303134	3532	10149
lcc	1	4441333630202e4935382031393839	3532	10149
lcc	1	4441333630202e4b34362031393838	3532	10149
lcc	1	4441333630202e4b3535	3532	10149
lcc	1	4441333630202e4b35362031393838	3532	10149
lcc	1	4441333630202e4b3536782031393838	3532	10149
lcc	1	4441333630202e4c32362031393937	3532	10149
lcc	1	4441333630202e4c33372031393731	3532	10149
lcc	1	4441333630202e4d3232352032303035	3532	10149
lcc	1	4441333630202e4d32332031393837	3532	10149
lcc	1	4441333630202e4d32342032303037	3532	10149
lcc	1	4441333630202e4d3236352032303038	3532	10149
lcc	1	4441333630202e4d32372031393735	3532	10149
lcc	1	4441333630202e4d3237203139373562	3532	10149
lcc	1	4441333630202e4d3237342031393838	3532	10149
lcc	1	4441333630202e4d3237342031393939	3532	10149
lcc	1	4441333630202e4d32382031393638	3532	10149
lcc	1	4441333630202e4d33	3532	10149
lcc	1	4441333630202e4d332031393730	3532	10149
lcc	1	4441333630202e4d332031393834	3532	10149
lcc	1	4441333630202e4d332031393837	3532	10149
lcc	1	4441333630202e4d332032303030	3532	10149
lcc	1	4441333630202e4d332032303035	3532	10149
lcc	1	4441333630202e4d3337392031393838	3532	10149
lcc	1	4441333630202e4d33382032303039	3532	10149
lcc	1	4441333630202e4d35352031393938	3532	10149
lcc	1	4441333630202e4f33342032303031	3532	10149
lcc	1	4441333630202e5032352031393838	3532	10149
lcc	1	4441333630202e5033332031393838	3532	10149
lcc	1	4441333630202e523632782031393838	3532	10149
lcc	1	4441333630202e5236332031393838	3532	10149
lcc	1	4441333630202e5236342031393838	3532	10149
lcc	1	4441333630202e523639782031393838	3532	10149
lcc	1	4441333630202e5332352032303032	3532	10149
lcc	1	4441333630202e5332362032303132	3532	10149
lcc	1	4441333630202e5333362032303033	3532	10149
lcc	1	4441333630202e5336332031393838	3532	10149
lcc	1	4441333630202e533733782031393831	3532	10149
lcc	1	4441333630202e5338322031383934	3532	10149
lcc	1	4441333630202e53383331332031393732	3532	10149
lcc	1	4441333630202e53383331332031393733	3532	10149
lcc	1	4441333630202e5338362031393838	3532	10149
lcc	1	4441333630202e5338372031393930	3532	10149
lcc	1	4441333630202e5532332031393838	3532	10149
lcc	1	4441333630202e553233782031393838	3532	10149
lcc	1	4441333630202e5733372031393934	3532	10149
lcc	1	4441333630202e5734352031393838	3532	10149
lcc	1	4441333630202e5734352032303034	3532	10149
lcc	1	4441333630202e5735352032303030	3532	10149
lcc	1	4441333630202e5936382032303132	3532	10149
lcc	1	4441333630204c342031393630	3532	10149
lcc	1	44413336302e4535342031393931	3532	10149
lcc	1	44413336302e4634332031393838	3532	10149
lcc	1	44413336302e4735382032303030	3532	10149
lcc	1	44413336302e4838382032303133	3532	10149
lcc	1	44413336302e4d3232352032303035	3532	10149
lcc	1	44413336302e4d32342032303037	3532	10149
lcc	1	44413336302e4d32372031393735	3532	10149
lcc	1	44413336302e4d3237342031393939	3532	10149
lcc	1	44413336302e4d332031393834	3532	10149
lcc	1	44413336302e4d332031393837	3532	10149
lcc	1	44413336302e53383331332031393733	3532	10149
lcc	1	44413336302e5733372031393934	3532	10149
lcc	1	44413336302e5734352031393838	3532	10149
