code,hits,destination_id
RC500,29,unified:95a73359-78ee-5370-bf25-3bbafb4c2dea
RC500.5,62,unified:95a73359-78ee-5370-bf25-3bbafb4c2dea
RC500.5.A14,1,unified:95a73359-78ee-5370-bf25-3bbafb4c2dea
RC500.5.F74,1,unified:95a73359-78ee-5370-bf25-3bbafb4c2dea
RC500.5.S54,2,unified:95a73359-78ee-5370-bf25-3bbafb4c2dea
RC500.5.S556,1,unified:95a73359-78ee-5370-bf25-3bbafb4c2dea
RC500.I59,1,unified:95a73359-78ee-5370-bf25-3bbafb4c2dea
RC500.S47,1,unified:95a73359-78ee-5370-bf25-3bbafb4c2dea
RC501,26,unified:95a73359-78ee-5370-bf25-3bbafb4c2dea
RC501.2,34,unified:95a73359-78ee-5370-bf25-3bbafb4c2dea
RC501.2.A76,1,unified:95a73359-78ee-5370-bf25-3bbafb4c2dea
RC501.2.B74,1,unified:95a73359-78ee-5370-bf25-3bbafb4c2dea
RC501.2.B76,2,unified:95a73359-78ee-5370-bf25-3bbafb4c2dea
RC501.2.C66,2,unified:95a73359-78ee-5370-bf25-3bbafb4c2dea
RC501.2.C67,2,unified:95a73359-78ee-5370-bf25-3bbafb4c2dea
RC501.2.E85,2,unified:95a73359-78ee-5370-bf25-3bbafb4c2dea
RC501.2.K56,1,unified:95a73359-78ee-5370-bf25-3bbafb4c2dea
RC501.2.K58,7,unified:95a73359-78ee-5370-bf25-3bbafb4c2dea
RC501.2.M38,1,unified:95a73359-78ee-5370-bf25-3bbafb4c2dea
RC501.2.S88,1,unified:95a73359-78ee-5370-bf25-3bbafb4c2dea
RC501.2.W56,2,unified:95a73359-78ee-5370-bf25-3bbafb4c2dea
RC501.4,33,unified:95a73359-78ee-5370-bf25-3bbafb4c2dea
RC501.4.H56,2,unified:95a73359-78ee-5370-bf25-3bbafb4c2dea
RC501.4.N49,1,unified:95a73359-78ee-5370-bf25-3bbafb4c2dea
RC501.4.P79,1,unified:95a73359-78ee-5370-bf25-3bbafb4c2dea
RC501.4.S26,1,unified:95a73359-78ee-5370-bf25-3bbafb4c2dea
RC501.4.S65,1,unified:95a73359-78ee-5370-bf25-3bbafb4c2dea
RC501.4.S84,1,unified:95a73359-78ee-5370-bf25-3bbafb4c2dea
RC501.C45,1,unified:95a73359-78ee-5370-bf25-3bbafb4c2dea
RC501.P79,2,unified:95a73359-78ee-5370-bf25-3bbafb4c2dea
RC501.P794,2,unified:95a73359-78ee-5370-bf25-3bbafb4c2dea
RC502,65,unified:95a73359-78ee-5370-bf25-3bbafb4c2dea
RC502.B475,2,unified:95a73359-78ee-5370-bf25-3bbafb4c2dea
RC502.C53,1,unified:95a73359-78ee-5370-bf25-3bbafb4c2dea
RC502.F47,2,unified:95a73359-78ee-5370-bf25-3bbafb4c2dea
RC502.F73,1,unified:95a73359-78ee-5370-bf25-3bbafb4c2dea
RC502.J33,1,unified:95a73359-78ee-5370-bf25-3bbafb4c2dea
RC502.M39,1,unified:95a73359-78ee-5370-bf25-3bbafb4c2dea
RC502.M67,1,unified:95a73359-78ee-5370-bf25-3bbafb4c2dea
RC502.P73,1,unified:95a73359-78ee-5370-bf25-3bbafb4c2dea
RC502.P744,1,unified:95a73359-78ee-5370-bf25-3bbafb4c2dea
RC502.S27,1,unified:95a73359-78ee-5370-bf25-3bbafb4c2dea
RC502.S56,2,unified:95a73359-78ee-5370-bf25-3bbafb4c2dea
RC502.S86,1,unified:95a73359-78ee-5370-bf25-3bbafb4c2dea
RC503,74,unified:95a73359-78ee-5370-bf25-3bbafb4c2dea
RC503.A38,3,unified:95a73359-78ee-5370-bf25-3bbafb4c2dea
RC503.A75,2,unified:95a73359-78ee-5370-bf25-3bbafb4c2dea
RC503.B75,2,unified:95a73359-78ee-5370-bf25-3bbafb4c2dea
RC503.B83,2,unified:95a73359-78ee-5370-bf25-3bbafb4c2dea
RC503.F713,1,unified:95a73359-78ee-5370-bf25-3bbafb4c2dea
RC503.G43,1,unified:95a73359-78ee-5370-bf25-3bbafb4c2dea
RC503.G63,1,unified:95a73359-78ee-5370-bf25-3bbafb4c2dea
RC503.L33,1,unified:95a73359-78ee-5370-bf25-3bbafb4c2dea
RC503.P37,1,unified:95a73359-78ee-5370-bf25-3bbafb4c2dea
RC503.V66,1,unified:95a73359-78ee-5370-bf25-3bbafb4c2dea
RC504,619,unified:95a73359-78ee-5370-bf25-3bbafb4c2dea
RC504.A445,1,unified:95a73359-78ee-5370-bf25-3bbafb4c2dea
RC504.A48,1,unified:95a73359-78ee-5370-bf25-3bbafb4c2dea
RC504.A484,2,unified:95a73359-78ee-5370-bf25-3bbafb4c2dea
RC504.A56,1,unified:95a73359-78ee-5370-bf25-3bbafb4c2dea
RC504.A95,2,unified:95a73359-78ee-5370-bf25-3bbafb4c2dea
RC504.B244,2,unified:95a73359-78ee-5370-bf25-3bbafb4c2dea
RC504.B295,4,unified:95a73359-78ee-5370-bf25-3bbafb4c2dea
RC504.B325,2,unified:95a73359-78ee-5370-bf25-3bbafb4c2dea
RC504.B33,1,unified:95a73359-78ee-5370-bf25-3bbafb4c2dea
RC504.B35,1,unified:95a73359-78ee-5370-bf25-3bbafb4c2dea
RC504.B59,3,unified:95a73359-78ee-5370-bf25-3bbafb4c2dea
RC504.B65,2,unified:95a73359-78ee-5370-bf25-3bbafb4c2dea
RC504.B73,1,unified:95a73359-78ee-5370-bf25-3bbafb4c2dea
RC504.B733,2,unified:95a73359-78ee-5370-bf25-3bbafb4c2dea
RC504.B74,2,unified:95a73359-78ee-5370-bf25-3bbafb4c2dea
RC504.B87,3,unified:95a73359-78ee-5370-bf25-3bbafb4c2dea
RC504.C48,2,unified:95a73359-78ee-5370-bf25-3bbafb4c2dea
RC504.C495,3,unified:95a73359-78ee-5370-bf25-3bbafb4c2dea
RC504.C57,1,unified:95a73359-78ee-5370-bf25-3bbafb4c2dea
RC504.C58,2,unified:95a73359-78ee-5370-bf25-3bbafb4c2dea
RC504.D38813,1,unified:95a73359-78ee-5370-bf25-3bbafb4c2dea
RC504.D42,1,unified:95a73359-78ee-5370-bf25-3bbafb4c2dea
RC504.D43,1,unified:95a73359-78ee-5370-bf25-3bbafb4c2dea
RC504.D6513,1,unified:95a73359-78ee-5370-bf25-3bbafb4c2dea
RC504.E9,1,unified:95a73359-78ee-5370-bf25-3bbafb4c2dea
RC504.F32,1,unified:95a73359-78ee-5370-bf25-3bbafb4c2dea
RC504.F36,2,unified:95a73359-78ee-5370-bf25-3bbafb4c2dea
RC504.F3713,1,unified:95a73359-78ee-5370-bf25-3bbafb4c2dea
RC504.F413,1,unified:95a73359-78ee-5370-bf25-3bbafb4c2dea
RC504.F4713,1,unified:95a73359-78ee-5370-bf25-3bbafb4c2dea
RC504.F52713,2,unified:95a73359-78ee-5370-bf25-3bbafb4c2dea
RC504.F56,1,unified:95a73359-78ee-5370-bf25-3bbafb4c2dea
RC504.F63,1,unified:95a73359-78ee-5370-bf25-3bbafb4c2dea
RC504.F658,1,unified:95a73359-78ee-5370-bf25-3bbafb4c2dea
RC504.F66,1,unified:95a73359-78ee-5370-bf25-3bbafb4c2dea
RC504.G273,1,unified:95a73359-78ee-5370-bf25-3bbafb4c2dea
RC504.G275,1,unified:95a73359-78ee-5370-bf25-3bbafb4c2dea
RC504.G38,1,unified:95a73359-78ee-5370-bf25-3bbafb4c2dea
RC504.G384,1,unified:95a73359-78ee-5370-bf25-3bbafb4c2dea
RC504.G3842,1,unified:95a73359-78ee-5370-bf25-3bbafb4c2dea
RC504.G55,1,unified:95a73359-78ee-5370-bf25-3bbafb4c2dea
RC504.G64,1,unified:95a73359-78ee-5370-bf25-3bbafb4c2dea
RC504.G676,1,unified:95a73359-78ee-5370-bf25-3bbafb4c2dea
RC504.G6913,2,unified:95a73359-78ee-5370-bf25-3bbafb4c2dea
RC504.G74,1,unified:95a73359-78ee-5370-bf25-3bbafb4c2dea
RC504.H29,1,unified:95a73359-78ee-5370-bf25-3bbafb4c2dea
RC504.H557,2,unified:95a73359-78ee-5370-bf25-3bbafb4c2dea
RC504.H56,1,unified:95a73359-78ee-5370-bf25-3bbafb4c2dea
RC504.H63,2,unified:95a73359-78ee-5370-bf25-3bbafb4c2dea
RC504.H66,1,unified:95a73359-78ee-5370-bf25-3bbafb4c2dea
RC504.I495,2,unified:95a73359-78ee-5370-bf25-3bbafb4c2dea
RC504.I56,2,unified:95a73359-78ee-5370-bf25-3bbafb4c2dea
RC504.I74,1,unified:95a73359-78ee-5370-bf25-3bbafb4c2dea
RC504.J34,1,unified:95a73359-78ee-5370-bf25-3bbafb4c2dea
RC504.J67,2,unified:95a73359-78ee-5370-bf25-3bbafb4c2dea
RC504.K38,2,unified:95a73359-78ee-5370-bf25-3bbafb4c2dea
RC504.K476,1,unified:95a73359-78ee-5370-bf25-3bbafb4c2dea
RC504.K55,1,unified:95a73359-78ee-5370-bf25-3bbafb4c2dea
RC504.K6613,1,unified:95a73359-78ee-5370-bf25-3bbafb4c2dea
RC504.K87,1,unified:95a73359-78ee-5370-bf25-3bbafb4c2dea
RC504.L35513,1,unified:95a73359-78ee-5370-bf25-3bbafb4c2dea
RC504.L448,2,unified:95a73359-78ee-5370-bf25-3bbafb4c2dea
RC504.L45,4,unified:95a73359-78ee-5370-bf25-3bbafb4c2dea
RC504.L475,1,unified:95a73359-78ee-5370-bf25-3bbafb4c2dea
RC504.L48,2,unified:95a73359-78ee-5370-bf25-3bbafb4c2dea
RC504.L483,2,unified:95a73359-78ee-5370-bf25-3bbafb4c2dea
RC504.L525,2,unified:95a73359-78ee-5370-bf25-3bbafb4c2dea
RC504.L53,3,unified:95a73359-78ee-5370-bf25-3bbafb4c2dea
RC504.L835,1,unified:95a73359-78ee-5370-bf25-3bbafb4c2dea
RC504.M254,1,unified:95a73359-78ee-5370-bf25-3bbafb4c2dea
RC504.M33,1,unified:95a73359-78ee-5370-bf25-3bbafb4c2dea
RC504.M395,1,unified:95a73359-78ee-5370-bf25-3bbafb4c2dea
RC504.M4,1,unified:95a73359-78ee-5370-bf25-3bbafb4c2dea
RC504.M59,1,unified:95a73359-78ee-5370-bf25-3bbafb4c2dea
RC504.M675,1,unified:95a73359-78ee-5370-bf25-3bbafb4c2dea
RC504.O33,2,unified:95a73359-78ee-5370-bf25-3bbafb4c2dea
RC504.O34,1,unified:95a73359-78ee-5370-bf25-3bbafb4c2dea
RC504.O98,1,unified:95a73359-78ee-5370-bf25-3bbafb4c2dea
RC504.P37,1,unified:95a73359-78ee-5370-bf25-3bbafb4c2dea
RC504.P38,2,unified:95a73359-78ee-5370-bf25-3bbafb4c2dea
RC504.P47,1,unified:95a73359-78ee-5370-bf25-3bbafb4c2dea
RC504.P558,1,unified:95a73359-78ee-5370-bf25-3bbafb4c2dea
RC504.P68,2,unified:95a73359-78ee-5370-bf25-3bbafb4c2dea
RC504.P7,3,unified:95a73359-78ee-5370-bf25-3bbafb4c2dea
RC504.P749,2,unified:95a73359-78ee-5370-bf25-3bbafb4c2dea
RC504.P753,3,unified:95a73359-78ee-5370-bf25-3bbafb4c2dea
RC504.P754,2,unified:95a73359-78ee-5370-bf25-3bbafb4c2dea
RC504.P755,2,unified:95a73359-78ee-5370-bf25-3bbafb4c2dea
RC504.P756,1,unified:95a73359-78ee-5370-bf25-3bbafb4c2dea
RC504.P757,2,unified:95a73359-78ee-5370-bf25-3bbafb4c2dea
RC504.P7593,2,unified:95a73359-78ee-5370-bf25-3bbafb4c2dea
RC504.P79,1,unified:95a73359-78ee-5370-bf25-3bbafb4c2dea
RC504.P794,1,unified:95a73359-78ee-5370-bf25-3bbafb4c2dea
RC504.P7964,1,unified:95a73359-78ee-5370-bf25-3bbafb4c2dea
RC504.P82,1,unified:95a73359-78ee-5370-bf25-3bbafb4c2dea
RC504.R33,2,unified:95a73359-78ee-5370-bf25-3bbafb4c2dea
RC504.R362,2,unified:95a73359-78ee-5370-bf25-3bbafb4c2dea
RC504.R4513,1,unified:95a73359-78ee-5370-bf25-3bbafb4c2dea
RC504.R455,2,unified:95a73359-78ee-5370-bf25-3bbafb4c2dea
RC504.R46,1,unified:95a73359-78ee-5370-bf25-3bbafb4c2dea
RC504.R47,1,unified:95a73359-78ee-5370-bf25-3bbafb4c2dea
RC504.R585,1,unified:95a73359-78ee-5370-bf25-3bbafb4c2dea
RC504.R59,2,unified:95a73359-78ee-5370-bf25-3bbafb4c2dea
RC504.R594,2,unified:95a73359-78ee-5370-bf25-3bbafb4c2dea
RC504.R648,1,unified:95a73359-78ee-5370-bf25-3bbafb4c2dea
RC504.S294,1,unified:95a73359-78ee-5370-bf25-3bbafb4c2dea
RC504.S346,1,unified:95a73359-78ee-5370-bf25-3bbafb4c2dea
RC504.S47,2,unified:95a73359-78ee-5370-bf25-3bbafb4c2dea
RC504.S7,2,unified:95a73359-78ee-5370-bf25-3bbafb4c2dea
RC504.S73,2,unified:95a73359-78ee-5370-bf25-3bbafb4c2dea
RC504.S76,1,unified:95a73359-78ee-5370-bf25-3bbafb4c2dea
RC504.S79,2,unified:95a73359-78ee-5370-bf25-3bbafb4c2dea
RC504.S93,1,unified:95a73359-78ee-5370-bf25-3bbafb4c2dea
RC504.T43,1,unified:95a73359-78ee-5370-bf25-3bbafb4c2dea
RC504.T433,1,unified:95a73359-78ee-5370-bf25-3bbafb4c2dea
RC504.T44,1,unified:95a73359-78ee-5370-bf25-3bbafb4c2dea
RC504.T4613,1,unified:95a73359-78ee-5370-bf25-3bbafb4c2dea
RC504.T474,1,unified:95a73359-78ee-5370-bf25-3bbafb4c2dea
RC504.T86,1,unified:95a73359-78ee-5370-bf25-3bbafb4c2dea
RC504.W29,1,unified:95a73359-78ee-5370-bf25-3bbafb4c2dea
RC504.W295,2,unified:95a73359-78ee-5370-bf25-3bbafb4c2dea
RC504.W45,1,unified:95a73359-78ee-5370-bf25-3bbafb4c2dea
RC504.W48,1,unified:95a73359-78ee-5370-bf25-3bbafb4c2dea
RC504.W487,1,unified:95a73359-78ee-5370-bf25-3bbafb4c2dea
RC506,1092,unified:95a73359-78ee-5370-bf25-3bbafb4c2dea
RC506.A175,1,unified:95a73359-78ee-5370-bf25-3bbafb4c2dea
RC506.A1813,2,unified:95a73359-78ee-5370-bf25-3bbafb4c2dea
RC506.A23,1,unified:95a73359-78ee-5370-bf25-3bbafb4c2dea
RC506.A29,1,unified:95a73359-78ee-5370-bf25-3bbafb4c2dea
RC506.A3213,1,unified:95a73359-78ee-5370-bf25-3bbafb4c2dea
RC506.A38,1,unified:95a73359-78ee-5370-bf25-3bbafb4c2dea
RC506.A48,2,unified:95a73359-78ee-5370-bf25-3bbafb4c2dea
RC506.A65,3,unified:95a73359-78ee-5370-bf25-3bbafb4c2dea
RC506.B37,2,unified:95a73359-78ee-5370-bf25-3bbafb4c2dea
RC506.B38,1,unified:95a73359-78ee-5370-bf25-3bbafb4c2dea
RC506.B5,4,unified:95a73359-78ee-5370-bf25-3bbafb4c2dea
RC506.B58,2,unified:95a73359-78ee-5370-bf25-3bbafb4c2dea
RC506.B63,1,unified:95a73359-78ee-5370-bf25-3bbafb4c2dea
RC506.B64,1,unified:95a73359-78ee-5370-bf25-3bbafb4c2dea
RC506.B65,1,unified:95a73359-78ee-5370-bf25-3bbafb4c2dea
RC506.B653,1,unified:95a73359-78ee-5370-bf25-3bbafb4c2dea
RC506.B696,2,unified:95a73359-78ee-5370-bf25-3bbafb4c2dea
RC506.B836,1,unified:95a73359-78ee-5370-bf25-3bbafb4c2dea
RC506.B8375,2,unified:95a73359-78ee-5370-bf25-3bbafb4c2dea
RC506.B838,1,unified:95a73359-78ee-5370-bf25-3bbafb4c2dea
RC506.B84,4,unified:95a73359-78ee-5370-bf25-3bbafb4c2dea
RC506.B843,2,unified:95a73359-78ee-5370-bf25-3bbafb4c2dea
RC506.B873,2,unified:95a73359-78ee-5370-bf25-3bbafb4c2dea
RC506.C285,3,unified:95a73359-78ee-5370-bf25-3bbafb4c2dea
RC506.C29,1,unified:95a73359-78ee-5370-bf25-3bbafb4c2dea
RC506.C295,2,unified:95a73359-78ee-5370-bf25-3bbafb4c2dea
RC506.C315,2,unified:95a73359-78ee-5370-bf25-3bbafb4c2dea
RC506.C319,2,unified:95a73359-78ee-5370-bf25-3bbafb4c2dea
RC506.C4,2,unified:95a73359-78ee-5370-bf25-3bbafb4c2dea
RC506.C455,1,unified:95a73359-78ee-5370-bf25-3bbafb4c2dea
RC506.C485,3,unified:95a73359-78ee-5370-bf25-3bbafb4c2dea
RC506.C525,2,unified:95a73359-78ee-5370-bf25-3bbafb4c2dea
RC506.C5413,2,unified:95a73359-78ee-5370-bf25-3bbafb4c2dea
RC506.C55,2,unified:95a73359-78ee-5370-bf25-3bbafb4c2dea
RC506.C56,1,unified:95a73359-78ee-5370-bf25-3bbafb4c2dea
RC506.C59,1,unified:95a73359-78ee-5370-bf25-3bbafb4c2dea
RC506.C619,1,unified:95a73359-78ee-5370-bf25-3bbafb4c2dea
RC506.C6224,2,unified:95a73359-78ee-5370-bf25-3bbafb4c2dea
RC506.C66,1,unified:95a73359-78ee-5370-bf25-3bbafb4c2dea
RC506.C683,1,unified:95a73359-78ee-5370-bf25-3bbafb4c2dea
RC506.C73,1,unified:95a73359-78ee-5370-bf25-3bbafb4c2dea
RC506.D375,1,unified:95a73359-78ee-5370-bf25-3bbafb4c2dea
RC506.D5313,1,unified:95a73359-78ee-5370-bf25-3bbafb4c2dea
RC506.D55,1,unified:95a73359-78ee-5370-bf25-3bbafb4c2dea
RC506.D56,3,unified:95a73359-78ee-5370-bf25-3bbafb4c2dea
RC506.D62,2,unified:95a73359-78ee-5370-bf25-3bbafb4c2dea
RC506.D63,1,unified:95a73359-78ee-5370-bf25-3bbafb4c2dea
RC506.D6513,2,unified:95a73359-78ee-5370-bf25-3bbafb4c2dea
RC506.D668,1,unified:95a73359-78ee-5370-bf25-3bbafb4c2dea
RC506.E3,1,unified:95a73359-78ee-5370-bf25-3bbafb4c2dea
RC506.E372,1,unified:95a73359-78ee-5370-bf25-3bbafb4c2dea
RC506.E44,2,unified:95a73359-78ee-5370-bf25-3bbafb4c2dea
RC506.E45,1,unified:95a73359-78ee-5370-bf25-3bbafb4c2dea
RC506.E453,2,unified:95a73359-78ee-5370-bf25-3bbafb4c2dea
RC506.E455,1,unified:95a73359-78ee-5370-bf25-3bbafb4c2dea
RC506.E457,1,unified:95a73359-78ee-5370-bf25-3bbafb4c2dea
RC506.E5,1,unified:95a73359-78ee-5370-bf25-3bbafb4c2dea
RC506.E83513,2,unified:95a73359-78ee-5370-bf25-3bbafb4c2dea
RC506.E97,2,unified:95a73359-78ee-5370-bf25-3bbafb4c2dea
RC506.F3186,1,unified:95a73359-78ee-5370-bf25-3bbafb4c2dea
RC506.F423,2,unified:95a73359-78ee-5370-bf25-3bbafb4c2dea
RC506.F423713,1,unified:95a73359-78ee-5370-bf25-3bbafb4c2dea
RC506.F4245,1,unified:95a73359-78ee-5370-bf25-3bbafb4c2dea
RC506.F67,1,unified:95a73359-78ee-5370-bf25-3bbafb4c2dea
RC506.F69713,2,unified:95a73359-78ee-5370-bf25-3bbafb4c2dea
RC506.F6972513,1,unified:95a73359-78ee-5370-bf25-3bbafb4c2dea
RC506.F6985,2,unified:95a73359-78ee-5370-bf25-3bbafb4c2dea
RC506.F699,1,unified:95a73359-78ee-5370-bf25-3bbafb4c2dea
RC506.F748,1,unified:95a73359-78ee-5370-bf25-3bbafb4c2dea
RC506.F878,3,unified:95a73359-78ee-5370-bf25-3bbafb4c2dea
RC506.G39,2,unified:95a73359-78ee-5370-bf25-3bbafb4c2dea
RC506.G43,1,unified:95a73359-78ee-5370-bf25-3bbafb4c2dea
RC506.G56,1,unified:95a73359-78ee-5370-bf25-3bbafb4c2dea
RC506.G65,1,unified:95a73359-78ee-5370-bf25-3bbafb4c2dea
RC506.G74,1,unified:95a73359-78ee-5370-bf25-3bbafb4c2dea
RC506.G77,2,unified:95a73359-78ee-5370-bf25-3bbafb4c2dea
RC506.G778,1,unified:95a73359-78ee-5370-bf25-3bbafb4c2dea
RC506.H26,1,unified:95a73359-78ee-5370-bf25-3bbafb4c2dea
RC506.H27,1,unified:95a73359-78ee-5370-bf25-3bbafb4c2dea
RC506.H28,1,unified:95a73359-78ee-5370-bf25-3bbafb4c2dea
RC506.H2825,1,unified:95a73359-78ee-5370-bf25-3bbafb4c2dea
RC506.H29513,1,unified:95a73359-78ee-5370-bf25-3bbafb4c2dea
RC506.H41,1,unified:95a73359-78ee-5370-bf25-3bbafb4c2dea
RC506.H6513,1,unified:95a73359-78ee-5370-bf25-3bbafb4c2dea
RC506.H66,2,unified:95a73359-78ee-5370-bf25-3bbafb4c2dea
RC506.H68,1,unified:95a73359-78ee-5370-bf25-3bbafb4c2dea
RC506.H846,2,unified:95a73359-78ee-5370-bf25-3bbafb4c2dea
RC506.H8464,3,unified:95a73359-78ee-5370-bf25-3bbafb4c2dea
RC506.I548,2,unified:95a73359-78ee-5370-bf25-3bbafb4c2dea
RC506.I58,1,unified:95a73359-78ee-5370-bf25-3bbafb4c2dea
RC506.I595,2,unified:95a73359-78ee-5370-bf25-3bbafb4c2dea
RC506.J327,3,unified:95a73359-78ee-5370-bf25-3bbafb4c2dea
RC506.J3413,3,unified:95a73359-78ee-5370-bf25-3bbafb4c2dea
RC506.J343,3,unified:95a73359-78ee-5370-bf25-3bbafb4c2dea
RC506.J8613,1,unified:95a73359-78ee-5370-bf25-3bbafb4c2dea
RC506.K28,3,unified:95a73359-78ee-5370-bf25-3bbafb4c2dea
RC506.K33,1,unified:95a73359-78ee-5370-bf25-3bbafb4c2dea
RC506.K37,1,unified:95a73359-78ee-5370-bf25-3bbafb4c2dea
RC506.K436,1,unified:95a73359-78ee-5370-bf25-3bbafb4c2dea
RC506.K438,3,unified:95a73359-78ee-5370-bf25-3bbafb4c2dea
RC506.K46,1,unified:95a73359-78ee-5370-bf25-3bbafb4c2dea
RC506.K48,1,unified:95a73359-78ee-5370-bf25-3bbafb4c2dea
RC506.K525,1,unified:95a73359-78ee-5370-bf25-3bbafb4c2dea
RC506.K54,1,unified:95a73359-78ee-5370-bf25-3bbafb4c2dea
RC506.K57,5,unified:95a73359-78ee-5370-bf25-3bbafb4c2dea
RC506.K57M45,4,unified:95a73359-78ee-5370-bf25-3bbafb4c2dea
RC506.K59,1,unified:95a73359-78ee-5370-bf25-3bbafb4c2dea
RC506.K64,1,unified:95a73359-78ee-5370-bf25-3bbafb4c2dea
RC506.K87,1,unified:95a73359-78ee-5370-bf25-3bbafb4c2dea
RC506.L36,1,unified:95a73359-78ee-5370-bf25-3bbafb4c2dea
RC506.L423,1,unified:95a73359-78ee-5370-bf25-3bbafb4c2dea
RC506.L427,2,unified:95a73359-78ee-5370-bf25-3bbafb4c2dea
RC506.L485,1,unified:95a73359-78ee-5370-bf25-3bbafb4c2dea
RC506.L5227,2,unified:95a73359-78ee-5370-bf25-3bbafb4c2dea
RC506.L5238,2,unified:95a73359-78ee-5370-bf25-3bbafb4c2dea
RC506.L534,2,unified:95a73359-78ee-5370-bf25-3bbafb4c2dea
RC506.L54,2,unified:95a73359-78ee-5370-bf25-3bbafb4c2dea
RC506.L54413,1,unified:95a73359-78ee-5370-bf25-3bbafb4c2dea
RC506.L55,1,unified:95a73359-78ee-5370-bf25-3bbafb4c2dea
RC506.L59,1,unified:95a73359-78ee-5370-bf25-3bbafb4c2dea
RC506.L68,1,unified:95a73359-78ee-5370-bf25-3bbafb4c2dea
RC506.M2313,1,unified:95a73359-78ee-5370-bf25-3bbafb4c2dea
RC506.M25313,2,unified:95a73359-78ee-5370-bf25-3bbafb4c2dea
RC506.M283,1,unified:95a73359-78ee-5370-bf25-3bbafb4c2dea
RC506.M33,1,unified:95a73359-78ee-5370-bf25-3bbafb4c2dea
RC506.M34,1,unified:95a73359-78ee-5370-bf25-3bbafb4c2dea
RC506.M346,1,unified:95a73359-78ee-5370-bf25-3bbafb4c2dea
RC506.M354,1,unified:95a73359-78ee-5370-bf25-3bbafb4c2dea
RC506.M367,1,unified:95a73359-78ee-5370-bf25-3bbafb4c2dea
RC506.M46,1,unified:95a73359-78ee-5370-bf25-3bbafb4c2dea
RC506.M5213,2,unified:95a73359-78ee-5370-bf25-3bbafb4c2dea
RC506.M523,1,unified:95a73359-78ee-5370-bf25-3bbafb4c2dea
RC506.M525,1,unified:95a73359-78ee-5370-bf25-3bbafb4c2dea
RC506.M63,1,unified:95a73359-78ee-5370-bf25-3bbafb4c2dea
RC506.M8913,2,unified:95a73359-78ee-5370-bf25-3bbafb4c2dea
RC506.M94,1,unified:95a73359-78ee-5370-bf25-3bbafb4c2dea
RC506.N353,2,unified:95a73359-78ee-5370-bf25-3bbafb4c2dea
RC506.N35713,2,unified:95a73359-78ee-5370-bf25-3bbafb4c2dea
RC506.N487,2,unified:95a73359-78ee-5370-bf25-3bbafb4c2dea
RC506.N494,2,unified:95a73359-78ee-5370-bf25-3bbafb4c2dea
RC506.N495,1,unified:95a73359-78ee-5370-bf25-3bbafb4c2dea
RC506.N4953,1,unified:95a73359-78ee-5370-bf25-3bbafb4c2dea
RC506.N63,2,unified:95a73359-78ee-5370-bf25-3bbafb4c2dea
RC506.N669,2,unified:95a73359-78ee-5370-bf25-3bbafb4c2dea
RC506.O33,1,unified:95a73359-78ee-5370-bf25-3bbafb4c2dea
RC506.O34,2,unified:95a73359-78ee-5370-bf25-3bbafb4c2dea
RC506.O3427,2,unified:95a73359-78ee-5370-bf25-3bbafb4c2dea
RC506.O343,1,unified:95a73359-78ee-5370-bf25-3bbafb4c2dea
RC506.O345,2,unified:95a73359-78ee-5370-bf25-3bbafb4c2dea
RC506.O695,2,unified:95a73359-78ee-5370-bf25-3bbafb4c2dea
RC506.O7,1,unified:95a73359-78ee-5370-bf25-3bbafb4c2dea
RC506.O74,1,unified:95a73359-78ee-5370-bf25-3bbafb4c2dea
RC506.P38,2,unified:95a73359-78ee-5370-bf25-3bbafb4c2dea
RC506.P564,1,unified:95a73359-78ee-5370-bf25-3bbafb4c2dea
RC506.P569,2,unified:95a73359-78ee-5370-bf25-3bbafb4c2dea
RC506.P57,3,unified:95a73359-78ee-5370-bf25-3bbafb4c2dea
RC506.P6244,2,unified:95a73359-78ee-5370-bf25-3bbafb4c2dea
RC506.P75,2,unified:95a73359-78ee-5370-bf25-3bbafb4c2dea
RC506.P768,1,unified:95a73359-78ee-5370-bf25-3bbafb4c2dea
RC506.P774,1,unified:95a73359-78ee-5370-bf25-3bbafb4c2dea
RC506.P776,1,unified:95a73359-78ee-5370-bf25-3bbafb4c2dea
RC506.P778,1,unified:95a73359-78ee-5370-bf25-3bbafb4c2dea
RC506.P784,1,unified:95a73359-78ee-5370-bf25-3bbafb4c2dea
RC506.R336,3,unified:95a73359-78ee-5370-bf25-3bbafb4c2dea
RC506.R38,1,unified:95a73359-78ee-5370-bf25-3bbafb4c2dea
RC506.R386,1,unified:95a73359-78ee-5370-bf25-3bbafb4c2dea
RC506.R3864,1,unified:95a73359-78ee-5370-bf25-3bbafb4c2dea
RC506.R45,1,unified:95a73359-78ee-5370-bf25-3bbafb4c2dea
RC506.R46,1,unified:95a73359-78ee-5370-bf25-3bbafb4c2dea
RC506.R68513,1,unified:95a73359-78ee-5370-bf25-3bbafb4c2dea
RC506.R835,1,unified:95a73359-78ee-5370-bf25-3bbafb4c2dea
RC506.R87,1,unified:95a73359-78ee-5370-bf25-3bbafb4c2dea
RC506.S2,1,unified:95a73359-78ee-5370-bf25-3bbafb4c2dea
RC506.S23,1,unified:95a73359-78ee-5370-bf25-3bbafb4c2dea
RC506.S24,2,unified:95a73359-78ee-5370-bf25-3bbafb4c2dea
RC506.S245,2,unified:95a73359-78ee-5370-bf25-3bbafb4c2dea
RC506.S2965,1,unified:95a73359-78ee-5370-bf25-3bbafb4c2dea
RC506.S45,2,unified:95a73359-78ee-5370-bf25-3bbafb4c2dea
RC506.S577,1,unified:95a73359-78ee-5370-bf25-3bbafb4c2dea
RC506.S595,1,unified:95a73359-78ee-5370-bf25-3bbafb4c2dea
RC506.S62,2,unified:95a73359-78ee-5370-bf25-3bbafb4c2dea
RC506.S65,1,unified:95a73359-78ee-5370-bf25-3bbafb4c2dea
RC506.S66,1,unified:95a73359-78ee-5370-bf25-3bbafb4c2dea
RC506.S663,1,unified:95a73359-78ee-5370-bf25-3bbafb4c2dea
RC506.S665,2,unified:95a73359-78ee-5370-bf25-3bbafb4c2dea
RC506.S715,1,unified:95a73359-78ee-5370-bf25-3bbafb4c2dea
RC506.S733,4,unified:95a73359-78ee-5370-bf25-3bbafb4c2dea
RC506.S738,1,unified:95a73359-78ee-5370-bf25-3bbafb4c2dea
RC506.S765,1,unified:95a73359-78ee-5370-bf25-3bbafb4c2dea
RC506.S837,2,unified:95a73359-78ee-5370-bf25-3bbafb4c2dea
RC506.S85,1,unified:95a73359-78ee-5370-bf25-3bbafb4c2dea
RC506.S92,1,unified:95a73359-78ee-5370-bf25-3bbafb4c2dea
RC506.T27,1,unified:95a73359-78ee-5370-bf25-3bbafb4c2dea
RC506.T465,1,unified:95a73359-78ee-5370-bf25-3bbafb4c2dea
RC506.T53,1,unified:95a73359-78ee-5370-bf25-3bbafb4c2dea
RC506.T64,2,unified:95a73359-78ee-5370-bf25-3bbafb4c2dea
RC506.T724,2,unified:95a73359-78ee-5370-bf25-3bbafb4c2dea
RC506.U55,2,unified:95a73359-78ee-5370-bf25-3bbafb4c2dea
RC506.W35,2,unified:95a73359-78ee-5370-bf25-3bbafb4c2dea
RC506.W3746,3,unified:95a73359-78ee-5370-bf25-3bbafb4c2dea
RC506.W375,2,unified:95a73359-78ee-5370-bf25-3bbafb4c2dea
RC506.W376,2,unified:95a73359-78ee-5370-bf25-3bbafb4c2dea
RC506.W395,1,unified:95a73359-78ee-5370-bf25-3bbafb4c2dea
RC506.W473,1,unified:95a73359-78ee-5370-bf25-3bbafb4c2dea
RC506.W474,2,unified:95a73359-78ee-5370-bf25-3bbafb4c2dea
RC506.W4744,3,unified:95a73359-78ee-5370-bf25-3bbafb4c2dea
RC506.W67,1,unified:95a73359-78ee-5370-bf25-3bbafb4c2dea
RC506.Y67,1,unified:95a73359-78ee-5370-bf25-3bbafb4c2dea
RC506.Z87,1,unified:95a73359-78ee-5370-bf25-3bbafb4c2dea
RC506J8613,1,unified:95a73359-78ee-5370-bf25-3bbafb4c2dea
RC506S738,1,unified:95a73359-78ee-5370-bf25-3bbafb4c2dea
RC508,24,unified:95a73359-78ee-5370-bf25-3bbafb4c2dea
RC509,252,unified:95a73359-78ee-5370-bf25-3bbafb4c2dea
RC509.7,6,unified:95a73359-78ee-5370-bf25-3bbafb4c2dea
RC509.7.A67,1,unified:95a73359-78ee-5370-bf25-3bbafb4c2dea
RC509.7.J64,2,unified:95a73359-78ee-5370-bf25-3bbafb4c2dea
RC509.8,105,unified:95a73359-78ee-5370-bf25-3bbafb4c2dea
RC509.8.B7513,2,unified:95a73359-78ee-5370-bf25-3bbafb4c2dea
RC509.8.C3713,1,unified:95a73359-78ee-5370-bf25-3bbafb4c2dea
RC509.8.C43,1,unified:95a73359-78ee-5370-bf25-3bbafb4c2dea
RC509.8.C48,1,unified:95a73359-78ee-5370-bf25-3bbafb4c2dea
RC509.8.C65,1,unified:95a73359-78ee-5370-bf25-3bbafb4c2dea
RC509.8.D38,1,unified:95a73359-78ee-5370-bf25-3bbafb4c2dea
RC509.8.D382,2,unified:95a73359-78ee-5370-bf25-3bbafb4c2dea
RC509.8.D385,2,unified:95a73359-78ee-5370-bf25-3bbafb4c2dea
RC509.8.D66,1,unified:95a73359-78ee-5370-bf25-3bbafb4c2dea
RC509.8.E36,1,unified:95a73359-78ee-5370-bf25-3bbafb4c2dea
RC509.8.F74,1,unified:95a73359-78ee-5370-bf25-3bbafb4c2dea
RC509.8.F745213,1,unified:95a73359-78ee-5370-bf25-3bbafb4c2dea
RC509.8.G65,1,unified:95a73359-78ee-5370-bf25-3bbafb4c2dea
RC509.8.H86,1,unified:95a73359-78ee-5370-bf25-3bbafb4c2dea
RC509.8.I47,1,unified:95a73359-78ee-5370-bf25-3bbafb4c2dea
RC509.8.I5,1,unified:95a73359-78ee-5370-bf25-3bbafb4c2dea
RC509.8.K46,1,unified:95a73359-78ee-5370-bf25-3bbafb4c2dea
RC509.8.K47,1,unified:95a73359-78ee-5370-bf25-3bbafb4c2dea
RC509.8.L56,2,unified:95a73359-78ee-5370-bf25-3bbafb4c2dea
RC509.8.L64,1,unified:95a73359-78ee-5370-bf25-3bbafb4c2dea
RC509.8.L864,2,unified:95a73359-78ee-5370-bf25-3bbafb4c2dea
RC509.8.M3313,1,unified:95a73359-78ee-5370-bf25-3bbafb4c2dea
RC509.8.M345,1,unified:95a73359-78ee-5370-bf25-3bbafb4c2dea
RC509.8.M3513,2,unified:95a73359-78ee-5370-bf25-3bbafb4c2dea
RC509.8.M52,1,unified:95a73359-78ee-5370-bf25-3bbafb4c2dea
RC509.8.M66,2,unified:95a73359-78ee-5370-bf25-3bbafb4c2dea
RC509.8.N35,1,unified:95a73359-78ee-5370-bf25-3bbafb4c2dea
RC509.8.P764,2,unified:95a73359-78ee-5370-bf25-3bbafb4c2dea
RC509.8.P765,1,unified:95a73359-78ee-5370-bf25-3bbafb4c2dea
RC509.8.R334,1,unified:95a73359-78ee-5370-bf25-3bbafb4c2dea
RC509.8.S36,1,unified:95a73359-78ee-5370-bf25-3bbafb4c2dea
RC509.8.S77,2,unified:95a73359-78ee-5370-bf25-3bbafb4c2dea
RC509.8.W55,3,unified:95a73359-78ee-5370-bf25-3bbafb4c2dea
RC509.A35,1,unified:95a73359-78ee-5370-bf25-3bbafb4c2dea
RC509.A53,1,unified:95a73359-78ee-5370-bf25-3bbafb4c2dea
RC509.B496,1,unified:95a73359-78ee-5370-bf25-3bbafb4c2dea
RC509.B756,1,unified:95a73359-78ee-5370-bf25-3bbafb4c2dea
RC509.B76,1,unified:95a73359-78ee-5370-bf25-3bbafb4c2dea
RC509.C43,1,unified:95a73359-78ee-5370-bf25-3bbafb4c2dea
RC509.C62,1,unified:95a73359-78ee-5370-bf25-3bbafb4c2dea
RC509.D36,1,unified:95a73359-78ee-5370-bf25-3bbafb4c2dea
RC509.F3313,1,unified:95a73359-78ee-5370-bf25-3bbafb4c2dea
RC509.F56,1,unified:95a73359-78ee-5370-bf25-3bbafb4c2dea
RC509.G37,1,unified:95a73359-78ee-5370-bf25-3bbafb4c2dea
RC509.G69,1,unified:95a73359-78ee-5370-bf25-3bbafb4c2dea
RC509.G74,1,unified:95a73359-78ee-5370-bf25-3bbafb4c2dea
RC509.H452,2,unified:95a73359-78ee-5370-bf25-3bbafb4c2dea
RC509.H67,1,unified:95a73359-78ee-5370-bf25-3bbafb4c2dea
RC509.H674,2,unified:95a73359-78ee-5370-bf25-3bbafb4c2dea
RC509.I497,1,unified:95a73359-78ee-5370-bf25-3bbafb4c2dea
RC509.I545,1,unified:95a73359-78ee-5370-bf25-3bbafb4c2dea
RC509.K37,1,unified:95a73359-78ee-5370-bf25-3bbafb4c2dea
RC509.K56,1,unified:95a73359-78ee-5370-bf25-3bbafb4c2dea
RC509.L47,2,unified:95a73359-78ee-5370-bf25-3bbafb4c2dea
RC509.M459,1,unified:95a73359-78ee-5370-bf25-3bbafb4c2dea
RC509.M46,1,unified:95a73359-78ee-5370-bf25-3bbafb4c2dea
RC509.M55,2,unified:95a73359-78ee-5370-bf25-3bbafb4c2dea
RC509.M665,1,unified:95a73359-78ee-5370-bf25-3bbafb4c2dea
RC509.N49,1,unified:95a73359-78ee-5370-bf25-3bbafb4c2dea
RC509.O33,2,unified:95a73359-78ee-5370-bf25-3bbafb4c2dea
RC509.P37,2,unified:95a73359-78ee-5370-bf25-3bbafb4c2dea
RC509.P53,1,unified:95a73359-78ee-5370-bf25-3bbafb4c2dea
RC509.P55,1,unified:95a73359-78ee-5370-bf25-3bbafb4c2dea
RC509.P65,1,unified:95a73359-78ee-5370-bf25-3bbafb4c2dea
RC509.P823,1,unified:95a73359-78ee-5370-bf25-3bbafb4c2dea
RC509.P835,1,unified:95a73359-78ee-5370-bf25-3bbafb4c2dea
RC509.P836,1,unified:95a73359-78ee-5370-bf25-3bbafb4c2dea
RC509.P86,1,unified:95a73359-78ee-5370-bf25-3bbafb4c2dea
RC509.R45,1,unified:95a73359-78ee-5370-bf25-3bbafb4c2dea
RC509.R94,1,unified:95a73359-78ee-5370-bf25-3bbafb4c2dea
RC509.S5558,2,unified:95a73359-78ee-5370-bf25-3bbafb4c2dea
RC509.S556,5,unified:95a73359-78ee-5370-bf25-3bbafb4c2dea
RC509.T383,1,unified:95a73359-78ee-5370-bf25-3bbafb4c2dea
RC509.T47,1,unified:95a73359-78ee-5370-bf25-3bbafb4c2dea
RC510,107,unified:95a73359-78ee-5370-bf25-3bbafb4c2dea
RC510.B4,1,unified:95a73359-78ee-5370-bf25-3bbafb4c2dea
RC510.B475,1,unified:95a73359-78ee-5370-bf25-3bbafb4c2dea
RC510.B56,1,unified:95a73359-78ee-5370-bf25-3bbafb4c2dea
RC510.B87,1,unified:95a73359-78ee-5370-bf25-3bbafb4c2dea
RC510.F68,1,unified:95a73359-78ee-5370-bf25-3bbafb4c2dea
RC510.F685,3,unified:95a73359-78ee-5370-bf25-3bbafb4c2dea
RC510.H67,1,unified:95a73359-78ee-5370-bf25-3bbafb4c2dea
RC510.L67,3,unified:95a73359-78ee-5370-bf25-3bbafb4c2dea
RC510.N4713,1,unified:95a73359-78ee-5370-bf25-3bbafb4c2dea
RC510.P56,1,unified:95a73359-78ee-5370-bf25-3bbafb4c2dea
RC510.P78,1,unified:95a73359-78ee-5370-bf25-3bbafb4c2dea
RC510.S64,4,unified:95a73359-78ee-5370-bf25-3bbafb4c2dea
RC510.S66,2,unified:95a73359-78ee-5370-bf25-3bbafb4c2dea
RC510.S73,2,unified:95a73359-78ee-5370-bf25-3bbafb4c2dea
RC510.T48,2,unified:95a73359-78ee-5370-bf25-3bbafb4c2dea
RC510.W555,1,unified:95a73359-78ee-5370-bf25-3bbafb4c2dea
