system,code,resolved,candidates
lcc,BJ1340,4504,4504
lcc,BJ1451,4504,4504
lcc,BJ1481,4504,4504
lcc,BJ1395,4497,4497
lcc,BF468,12878,12878
lcc,BF482,12878,12878
lcc,BF491,12878,12878
lcc,BF355,12875,12875
lcc,BF357,12875,12875
lcc,BF353,53300,53300
lcc,RT89,2768,2768
lcc,RT97,2768,2768
lcc,RT120.F34,2768,2768
lcc,RA790.55,6195,6195
lcc,RA790.75,6195,6195
lcc,BF431,7018,7018
lcc,BF431.3,7018,7018
lcc,BF433.G45,7018,7018
lcc,BF441,13040,13040
lcc,BF444,13042,13042
lcc,BF449.5,13042,13042
lcc,BF450,12877,12877
lcc,RC552.A44,5436,5436
lcc,BH151,7622,7622
lcc,RC540,5441,5441
lcc,R726.8,6861,6861
lcc,RM172,10063,10063
lcc,BF75,11199,11199
lcc,BF76.4,10895,10895
ddc,190,4510,4510
