id	name	characters	reason
50871	Brazilian Archaeology & Indigenous History	42	LCC intervals mix archaeology and Indigenous history, including ancient and modern material; no clean source boundary supports separating them.
1361	Kids’ Self-Esteem & Self-Reliance Fiction	41	Preserves distinct combined topics plus audience and fiction context; shorter umbrella labels would lose specificity.
6943	Cupping, Acupuncture & Counterirritation	40	Preserves medical distinctions; shortening would conflate different conditions or traditions. RM184 combines several therapies.
1184	Kids’ Disability & Special Needs Fiction	40	Preserves distinct combined topics plus audience and fiction context; shorter umbrella labels would lose specificity.
50841	Mexican Archaeology & Indigenous History	40	LCC intervals mix archaeology and Indigenous history, including ancient and modern material; no clean source boundary supports separating them.
2587	Skin Hyperemia, Inflammation & Infection	40	Preserves medical distinctions; shortening would conflate different conditions or traditions. RM184 combines several therapies.
11818	Socialism: Russia & Former Soviet Sphere	40	Historical Soviet-sphere scope is broader than Russia or the former USSR alone.
13295	European Comparative Constitutional Law	39	User explicitly chose to retain Comparative and the legal field/geographic qualifiers.
13293	European Comparative Labor & Social Law	39	User explicitly chose to retain Comparative and the legal field/geographic qualifiers.
1185	Kids’ Diversity & Multicultural Fiction	39	Preserves distinct combined topics plus audience and fiction context; shorter umbrella labels would lose specificity.
1382	Kids’ Visionary & Metaphysical Fiction	38	Preserves distinct combined topics plus audience and fiction context; shorter umbrella labels would lose specificity.
38	Computer Vision & Pattern Recognition	37	One combined BISAC selector; keep both distinct topics rather than imply a supported selector split.
11279	Independence, 1810–1830 (war to 1823)	37	Preserves historical scope, dates and any alternative or approximate period boundaries.
12702	Middle High German, c. 1050–1450/1500	37	Preserves historical scope, dates and any alternative or approximate period boundaries.
51689	Portuguese Political/Diplomatic Hist.	37	Reviewed historical fields, geographic scope and period retained; small overrun is acceptable.
11286	Revolution, 1910–1920; Legacy to 1946	37	Preserves historical scope, dates and any alternative or approximate period boundaries.
5228	Workplace Harassment & Discrimination	37	One combined BISAC selector; keep both distinct topics rather than imply a supported selector split.
1774	YA Disability & Special Needs Fiction	37	Preserves distinct combined topics plus audience and fiction context; shorter umbrella labels would lose specificity.
13294	Comparative European Court Procedure	36	User explicitly chose to retain Comparative and the legal field/geographic qualifiers.
5581	Complementary & Traditional Medicine	36	Preserves medical distinctions; shortening would conflate different conditions or traditions. RM184 combines several therapies.
13132	Entrepreneurship, Risk & Uncertainty	36	Established multi-part subject terminology retained for precision; small length overrun is acceptable.
5033	Experimental & Descriptive Mechanics	36	Established multi-part subject terminology retained for precision; small length overrun is acceptable.
11432	French Mandate/Occupation, 1919–1945	36	Preserves historical scope, dates and any alternative or approximate period boundaries.
51618	Hungarian Political/Diplomatic Hist.	36	Reviewed historical fields, geographic scope and period retained; small overrun is acceptable.
51617	Hungarian Society & Culture, 20th C.	36	Reviewed historical fields, geographic scope and period retained; small overrun is acceptable.
1187	Kids’ Fairy Tales, Folklore & Fables	36	Preserves distinct combined topics plus audience and fiction context; shorter umbrella labels would lose specificity.
2405	Mathematical Geography & Cartography	36	Established multi-part subject terminology retained for precision; small length overrun is acceptable.
797	Music: Philosophy, Society & Physics	36	Established multi-part subject terminology retained for precision; small length overrun is acceptable.
10553	Press, Censorship, Publicity & Radio	36	Preserves all four media and regulatory topics in the source selector.
6186	Public Health: Noninfectious Disease	36	Preserves medical distinctions; shortening would conflate different conditions or traditions. RM184 combines several therapies.
10352	Reformation–Consolidation, 1516–1648	36	Preserves historical scope, dates and any alternative or approximate period boundaries.
10136	Spartan–Theban Supremacy, 404–362 BC	36	Preserves historical scope, dates and any alternative or approximate period boundaries.
1909	YA Activism & Social Justice Fiction	36	Preserves distinct combined topics plus audience and fiction context; shorter umbrella labels would lose specificity.
1775	YA Diversity & Multicultural Fiction	36	Preserves distinct combined topics plus audience and fiction context; shorter umbrella labels would lose specificity.
