notation,reason,editions_without_direct_match_or_direct_ddc_or_matching_work_lcc
CPB,parser_rejected,15927
LAW,parser_rejected,7043
IN PROCESS,parser_rejected,5139
IN PROCESS (ONLINE),parser_rejected,1752
HD28-70HF4999.2-6182,parser_rejected,1310
K7000-7720.22K7073-7,parser_rejected,320
IN PROCESS (COPIED) (lcres),parser_rejected,294
IN PROCESS (COPIED),parser_rejected,278
LAW+,parser_rejected,240
RC870-923.2RC875-899,parser_rejected,181
QA273.A1-274.9QA274-,parser_rejected,176
ACQUIRED FOR NLM,parser_rejected,171
HD28-70HF5601-5688HF,parser_rejected,158
K(520) 5582,parser_rejected,156
HD28-70HD28-70HD28-H,parser_rejected,152
QH541.5.W3QH541.5.F7,parser_rejected,149
IN PROCESS (UTILITY LOAD),parser_rejected,145
QH301-705R-RZ,parser_rejected,145
TA1671-1707TA1501-18,parser_rejected,136
MLCSN+,parser_rejected,135
QA76.9.U83QA76.9.H85,parser_rejected,126
TK5105.5-5105.9QA76.,parser_rejected,124
IN PROCESS (COPIED) (lccopycat),parser_rejected,123
TK7800-8360TK7874-78,parser_rejected,122
WEB,unmatched,117
QB1-991QB460-466QB98,parser_rejected,106
TK5102.9TA1637-1638T,parser_rejected,103
JP,unmatched,100
HD28-70HF54.5-54.56Q,parser_rejected,97
QA76.7-76.73QA76.76.,parser_rejected,95
QC170-197QC717.6-718,parser_rejected,93
QH345QD415-436QH573-,parser_rejected,92
QE1-996.5GB1001-1199,parser_rejected,91
QH573-671QH345QD415-,parser_rejected,88
QH345QD415-436TP248.,parser_rejected,87
HD28-70HF54.5-54.56H,parser_rejected,85
HD28-70HD28-70HD28-7,parser_rejected,80
QA76.76.M52QA76.758,parser_rejected,80
SB123-123.5S494.5.B5,parser_rejected,79
TJ210.2-211.495T59.5,parser_rejected,78
QC770-798QC702.7.H42,parser_rejected,77
RG499.2-991RG600-650,parser_rejected,77
*,parser_rejected,75
AEU,unmatched,74
HD28-70HD2321-4730.9,parser_rejected,70
DRE,unmatched,69
ACQUIRED FOR NAL,parser_rejected,68
Q334-342QA76.76.A65Q,parser_rejected,68
QC793-793.5QC174.45-,parser_rejected,68
Internet Access AEU,parser_rejected,67
QA75.5-76.95QA76.9.D,parser_rejected,67
QC120-168.85QA808.2T,parser_rejected,66
QE1-996.5QE351-399.2,parser_rejected,66
QE1-996.5TA703-705.4,parser_rejected,64
QP351-495QP360-360.7,parser_rejected,64
RD701-811RD92-97.8RD,parser_rejected,63
MB,unmatched,62
QA76.76.A65QA75.5-76,parser_rejected,62
HD28-70HD28-HD70HD28,parser_rejected,61
PS/PZ,parser_rejected,61
RC346-429.2RC321-580,parser_rejected,59
HD28-70TS155-TS194HD,parser_rejected,58
QC176-176.9QC450-467,parser_rejected,58
Z116.A5-265.5Z116-65,parser_rejected,57
HT390-395HT165.5-169,parser_rejected,56
RD592.5-596RC346-429,parser_rejected,56
TA703-705.4TA775-787,parser_rejected,54
RC434.2-574RC475-489,parser_rejected,52
RC583-598QR180-189.5,parser_rejected,52
Q334-342QA75.5-76.95,parser_rejected,50
QA75.5-76.95Q334-342,parser_rejected,50
QA75.5-76.95QA75.5-7,parser_rejected,49
QE1-996.5QE471-471.1,parser_rejected,49
TA349-359QC120-168.8,parser_rejected,49
QA276-280QA276-280QA,parser_rejected,48
QA75.5-76.95QA76.76.,parser_rejected,48
TA418.7-418.76TA418.,parser_rejected,48
MLCMN+,parser_rejected,47
TK7888.4TK7867-7867.,parser_rejected,47
RC466.8RC434.2-574,parser_rejected,46
HD28-70HF54.5-54.56,parser_rejected,45
IN PROCESS (WBC),parser_rejected,43
LC1051-1072LC1041-10,parser_rejected,43
QH345QD415-436RB155-,parser_rejected,43
R1R-RZQH301-705,parser_rejected,43
RC321-580RC346-429.2,parser_rejected,43
LC8-6691LB1024.2-105,parser_rejected,42
QA76.9.D3QA75.5-76.9,parser_rejected,42
QA76.9.D3QA76.9.D343,parser_rejected,42
RC841-858.P35RC799-8,parser_rejected,42
Q334-342QA76.9.D343Q,parser_rejected,40
QH541.5.S3QH541.5.F7,parser_rejected,40
ACQUISITION IN PROCESS,parser_rejected,39
HD28-70HF5001-6182.2,parser_rejected,39
QC120-168.85QA808.2Q,parser_rejected,39
QE1-996.5QE514-516.5,parser_rejected,39
RC681-688.2RD597-598,parser_rejected,39
QB4QB460-466QC801-80,parser_rejected,38
RD597-598.7RD598.5-5,parser_rejected,38
S1-S972SD1-668QK1-98,parser_rejected,38
