rank	author_code_group	direct_hits	observed_codes
1	PR6068.O93	530	104
2	PR6053.H4535	526	62
3	PR6068.E63	522	42
4	PR6063.C326	483	61
5	PR6066.E693	480	62
6	PR6053.O75	453	51
7	PR6068.U757	416	57
8	PR6066.I53	405	68
9	PR6066.R34	388	54
10	PR6062.E33	386	43
11	PR6058.I343	385	43
12	PR6063.U7	365	62
13	PR6058.E2	348	65
14	PR6063.O59	347	39
15	PR6056.R27	333	24
16	PR6069.T6	333	52
17	PR6068.A57	316	35
18	PR6056.L4	304	36
19	PR6058.U37	293	36
20	PR6054.O37	288	55
21	PR6053.O525	287	22
22	PR6073.E374	284	41
23	PR6051.R285	276	35
24	PR6062.O86	276	41
25	PR6052.U638	271	22
26	PR6054.A35	269	34
27	PR6054.E37	258	21
28	PR6058.I448	252	25
29	PR6063.I3175	250	24
30	PR6063.C4	248	31
31	PR6052.A665	242	21
32	PR6052.I7728	240	13
33	PR6051.L3	237	24
34	PR6052.A46	237	30
35	PR6056.O45	236	30
36	PR6068.O1964	233	31
37	PR6057.R386	224	29
38	PR6070.R4	224	31
39	PR6060.A467	223	16
40	PR6063.A167	222	37
41	PR6052.A57	221	26
42	PR6053.A73	218	37
43	PR6069.A42	216	34
44	PR6063.C37	214	25
45	PR6060.E43	211	29
46	PR6052.A465	208	26
47	PR6051.M5	197	21
48	PR6052.R4296	195	11
49	PR6052.O848	193	49
50	PR6066.Y58	191	25
51	PR6061.E26	190	31
52	PR6052.A6657	189	18
53	PR6058.I45	187	14
54	PR6054.A8925	186	32
55	PR6058.A6945	182	17
56	PR6061.E63	181	31
57	PR6052.A849	180	22
58	PR6051.Y35	177	35
59	PR6052.E5	177	19
60	PR6057.A63	172	20
61	PR6060.O6257	172	3
62	PR6054.R25	171	23
63	PR6063.A834	171	13
64	PR6070.R57	169	19
65	PR6073.I246	169	24
66	PR6052.E196	168	46
67	PR6053.O48645	168	31
68	PR6052.R5816	166	18
69	PR6056.R5	166	23
70	PR6056.O699	165	21
71	PR6056.O85	165	18
72	PR6051.D3352	164	17
73	PR6056.R3	164	20
74	PR6069.E734	163	22
75	PR6052.O5	161	20
76	PR6054.U537	161	28
77	PR6052.O9192	160	17
78	PR6053.O425	160	17
79	PR6056.R456	157	21
80	PR6057.A319	157	27
81	PR6061.E88	157	14
82	PR6073.A354	157	14
83	PR6065.B7	156	16
84	PR6059.S5	155	21
85	PR6062.I89	154	23
86	PR6058.A5928	152	19
87	PR6063.A248	152	6
88	PR6062.E9546	151	10
89	PR6052.Y2	150	18
90	PR6062.A65	150	12
91	PR6060.A472	146	21
92	PR6053.H786	145	21
93	PR6056.R4	144	18
94	PR6069.E3654	144	23
95	PR6062.O36	143	21
96	PR6070.U23	141	19
97	PR6057.R2374	140	1
98	PR6058.A6886	140	12
99	PR6054.O95	139	19
100	PR6069.W47	139	14
